A-levels scores,Current Annual Income,References Submitted,Is_Employed,University Tier,Education_business,Education_law,Education_stem,Was Hired by a Company within 6 months
0.6153846153846154,-0.6754583524336583,1,1,Other,0.0,1.0,0.0,1
-0.5,0.6167821544280643,0,1,Other,0.0,0.0,0.0,0
0.46153846153846156,-0.6754583524336583,1,0,Other,0.0,0.0,1.0,0
-0.7307692307692307,0.18129031829445724,1,1,Other,0.0,0.0,1.0,0
0.0,-0.017299911640236247,1,1,Strong,0.0,1.0,0.0,0
0.6153846153846154,-0.6754583524336583,1,1,Elite,1.0,0.0,0.0,1
-0.7307692307692307,0.5859293166180577,1,1,Other,0.0,0.0,1.0,0
0.6538461538461539,-0.2593480865349907,1,1,Other,0.0,0.0,0.0,1
0.5769230769230769,-0.6754583524336583,0,0,Other,0.0,0.0,1.0,0
0.9230769230769231,0.543800089909935,1,1,Elite,1.0,0.0,0.0,1
0.15384615384615385,0.3771256723867987,0,1,Strong,0.0,1.0,0.0,0
0.038461538461538464,-0.194834386342548,1,1,Other,0.0,0.0,0.0,0
0.23076923076923078,-0.03181837307308172,1,1,Strong,0.0,1.0,0.0,1
-0.3076923076923077,0.17782679271773816,1,1,Strong,1.0,0.0,0.0,0
-0.23076923076923078,-0.6754583524336583,1,0,Other,0.0,0.0,0.0,0
-0.46153846153846156,0.10036251862973716,1,1,Other,0.0,0.0,0.0,0
0.8076923076923077,0.1526342946609886,1,1,Other,1.0,0.0,0.0,1
0.6153846153846154,0.23614866585614852,1,1,Other,0.0,0.0,1.0,1
0.11538461538461539,-0.6754583524336583,1,0,Other,0.0,1.0,0.0,0
0.3076923076923077,0.35349220374565676,1,1,Elite,0.0,0.0,1.0,1
-0.38461538461538464,0.035618507273625165,1,1,Other,0.0,1.0,0.0,0
-0.4230769230769231,0.26077424412540445,0,1,Other,0.0,0.0,1.0,0
0.19230769230769232,0.20353306183190387,1,1,Other,0.0,1.0,0.0,1
-0.23076923076923078,-0.6754583524336583,1,0,Other,0.0,1.0,0.0,0
0.07692307692307693,-0.6754583524336583,0,0,Other,0.0,1.0,0.0,0
-0.46153846153846156,0.05549613232262165,0,1,Other,0.0,0.0,1.0,0
-0.11538461538461539,0.1297006176325341,1,1,Other,0.0,0.0,0.0,0
0.34615384615384615,0.29550693923107074,1,1,Other,0.0,0.0,1.0,1
0.0,0.09789110268113198,0,1,Other,0.0,1.0,0.0,0
0.8076923076923077,-0.004668230125143114,1,1,Other,0.0,1.0,0.0,1
0.5,0.38325549258907393,1,1,Strong,0.0,0.0,1.0,0
0.9230769230769231,-0.24542311925467764,1,1,Elite,0.0,1.0,0.0,1
0.8076923076923077,0.42587191598957397,1,1,Other,0.0,1.0,0.0,1
-0.8461538461538461,0.20016697559366023,1,1,Other,0.0,0.0,0.0,0
0.5384615384615384,0.4267134375491349,1,1,Elite,0.0,0.0,0.0,1
0.5384615384615384,-0.6754583524336583,1,0,Other,0.0,0.0,0.0,0
0.6153846153846154,0.2874903391110432,1,1,Other,1.0,0.0,0.0,1
-0.5,0.5550853369297307,1,1,Strong,0.0,0.0,1.0,0
-0.6923076923076923,0.05639080261226009,1,1,Other,0.0,1.0,0.0,0
-0.4230769230769231,-0.03719525293259191,1,1,Other,0.0,0.0,0.0,0
0.6153846153846154,-0.2739285548195933,1,1,Elite,0.0,1.0,0.0,1
0.3076923076923077,0.0910437746228101,1,1,Other,1.0,0.0,0.0,0
-0.5384615384615384,-0.6754583524336583,1,0,Other,0.0,0.0,1.0,0
0.8461538461538461,-0.03725725978434903,1,1,Elite,1.0,0.0,0.0,1
0.8461538461538461,0.6225399335197968,1,1,Elite,0.0,0.0,1.0,1
0.23076923076923078,0.41445379714458447,1,1,Elite,0.0,0.0,1.0,1
0.38461538461538464,0.06994372878203041,1,1,Other,0.0,0.0,0.0,1
0.9230769230769231,-0.6754583524336583,1,1,Other,0.0,1.0,0.0,1
-0.5,-0.6754583524336583,1,0,Strong,1.0,0.0,0.0,0
-0.7307692307692307,-0.31897210356030054,0,1,Other,1.0,0.0,0.0,0
0.7692307692307693,0.494274331599356,1,1,Elite,0.0,0.0,0.0,1
-0.5769230769230769,0.4523754160549026,0,1,Other,0.0,0.0,0.0,0
0.9230769230769231,0.01740620910039131,1,1,Other,0.0,0.0,1.0,1
0.8461538461538461,-0.6754583524336583,1,1,Other,0.0,0.0,1.0,1
-0.6538461538461539,0.33683007686635086,0,1,Other,0.0,0.0,0.0,0
0.5,0.058773637344069374,1,1,Elite,0.0,0.0,1.0,1
-0.7307692307692307,-0.06480601820786912,0,1,Other,0.0,0.0,1.0,0
-0.9230769230769231,0.09615491083193264,1,1,Other,0.0,0.0,0.0,0
0.46153846153846156,-0.0012844276435403255,0,1,Other,0.0,1.0,0.0,0
0.7307692307692307,0.3018050637452581,1,1,Other,0.0,1.0,0.0,1
0.6153846153846154,-0.6754583524336583,1,1,Elite,0.0,0.0,0.0,1
-0.23076923076923078,0.4155787785978922,1,1,Other,0.0,1.0,0.0,0
-0.9615384615384616,-0.6754583524336583,1,0,Other,0.0,0.0,1.0,0
0.9230769230769231,0.4076241853296218,1,1,Other,0.0,0.0,0.0,1
-0.5769230769230769,0.636376319583314,1,1,Other,1.0,0.0,0.0,0
0.9230769230769231,0.6093501903388896,1,1,Elite,0.0,0.0,1.0,1
0.6923076923076923,0.14339527374917785,1,1,Other,0.0,0.0,1.0,1
-0.5384615384615384,0.16173158562592596,1,1,Other,0.0,0.0,1.0,0
-0.11538461538461539,-0.08909498785330065,0,1,Other,0.0,1.0,0.0,0
0.23076923076923078,0.2448473413455044,0,1,Strong,0.0,0.0,1.0,0
-0.5,-0.042802443955771395,1,1,Other,1.0,0.0,0.0,0
0.07692307692307693,-0.6754583524336583,1,0,Other,0.0,0.0,1.0,0
0.15384615384615385,-0.6754583524336583,0,0,Strong,0.0,1.0,0.0,0
0.15384615384615385,-0.6754583524336583,0,0,Other,0.0,1.0,0.0,0
0.2692307692307692,0.007963451389950018,1,1,Strong,0.0,0.0,0.0,1
-0.9615384615384616,-0.09267366901185438,0,1,Other,0.0,0.0,1.0,0
-0.5,-0.31691701933063604,0,1,Other,0.0,0.0,0.0,0
-0.38461538461538464,0.5880464076994794,0,1,Strong,1.0,0.0,0.0,0
0.15384615384615385,-0.6754583524336583,0,0,Other,0.0,0.0,0.0,0
0.8461538461538461,0.04429060839794226,1,1,Other,1.0,0.0,0.0,1
0.5769230769230769,0.0585256099370409,0,1,Other,1.0,0.0,0.0,0
-0.46153846153846156,-0.6754583524336583,0,0,Other,0.0,1.0,0.0,0
0.0,-0.08795229015663374,1,1,Other,0.0,0.0,1.0,0
-0.19230769230769232,-0.6754583524336583,1,0,Other,0.0,0.0,0.0,0
0.7692307692307693,-0.6754583524336583,1,1,Elite,0.0,0.0,1.0,1
-0.7307692307692307,0.03693836740388384,0,1,Other,0.0,1.0,0.0,0
-0.46153846153846156,-0.6754583524336583,0,0,Other,0.0,0.0,0.0,0
0.7692307692307693,-0.0036406880103108537,1,1,Elite,0.0,0.0,1.0,1
-0.038461538461538464,0.03243844159065291,0,1,Other,1.0,0.0,0.0,0
0.19230769230769232,0.2749206644477072,0,1,Other,0.0,0.0,0.0,0
-0.19230769230769232,-0.059110245967893736,1,1,Other,0.0,0.0,0.0,0
-0.07692307692307693,-0.6754583524336583,0,0,Other,0.0,0.0,0.0,0
0.7307692307692307,-0.6754583524336583,1,1,Elite,0.0,1.0,0.0,1
-0.38461538461538464,0.567779025296581,1,1,Other,0.0,1.0,0.0,0
0.4230769230769231,-0.6754583524336583,1,0,Other,0.0,0.0,1.0,0
0.7692307692307693,-0.6754583524336583,1,1,Elite,0.0,0.0,0.0,1
-0.4230769230769231,0.1599953937767266,0,1,Other,0.0,0.0,1.0,0
-0.8846153846153846,0.5511700471473526,0,1,Other,1.0,0.0,0.0,0
0.8076923076923077,-0.06498318064146089,1,1,Other,0.0,0.0,1.0,1
0.9230769230769231,0.03837338311597717,1,1,Other,1.0,0.0,0.0,1
-0.6923076923076923,-0.23942617087759627,1,1,Strong,0.0,0.0,0.0,0
0.8846153846153846,-0.009230162790131167,1,1,Elite,0.0,1.0,0.0,1
-0.15384615384615385,-0.6754583524336583,0,0,Other,0.0,1.0,0.0,0
-0.34615384615384615,-0.1878541864590323,1,1,Other,0.0,0.0,1.0,0
-0.34615384615384615,0.0332888212718934,1,1,Other,0.0,0.0,1.0,0
0.5384615384615384,-0.6754583524336583,1,0,Other,0.0,1.0,0.0,0
-0.9615384615384616,-0.6754583524336583,0,0,Other,0.0,0.0,1.0,0
-0.2692307692307692,-0.6754583524336583,0,0,Other,0.0,0.0,0.0,0
-0.2692307692307692,-0.6754583524336583,1,0,Other,1.0,0.0,0.0,0
-0.6538461538461539,-0.23928444093072285,1,1,Other,0.0,0.0,1.0,0
-0.19230769230769232,0.5362086796305278,1,1,Other,1.0,0.0,0.0,0
-0.6153846153846154,-0.6754583524336583,0,0,Other,0.0,0.0,0.0,0
0.9230769230769231,0.3461488208732779,1,1,Elite,0.0,0.0,1.0,1
0.19230769230769232,0.37572608916142375,1,1,Other,0.0,0.0,0.0,0
-0.2692307692307692,0.6220793111924582,0,1,Other,0.0,0.0,1.0,0
-0.5769230769230769,-0.6754583524336583,0,0,Other,0.0,0.0,0.0,0
-0.8461538461538461,0.4770452849325565,1,1,Strong,0.0,0.0,1.0,0
0.15384615384615385,0.5029110002369548,0,1,Other,0.0,0.0,1.0,0
-0.38461538461538464,0.3103265768010222,0,0,Strong,1.0,0.0,0.0,0
0.07692307692307693,-0.2913347639199846,1,1,Other,0.0,0.0,0.0,0
0.5769230769230769,-0.6754583524336583,1,0,Other,1.0,0.0,0.0,0
-0.19230769230769232,0.6151876925257383,1,1,Other,0.0,0.0,0.0,0
0.19230769230769232,-0.004792243828657353,1,1,Elite,1.0,0.0,0.0,1
-0.7692307692307693,-0.15652301007832795,1,1,Strong,0.0,0.0,1.0,0
-0.038461538461538464,-0.6754583524336583,0,0,Other,1.0,0.0,0.0,0
0.6538461538461539,-0.018522332432019454,1,1,Other,0.0,1.0,0.0,1
0.4230769230769231,0.10847655808824018,1,1,Other,0.0,1.0,0.0,0
-0.6153846153846154,0.16066861102437532,1,1,Other,0.0,0.0,1.0,0
0.34615384615384615,0.47604431718276297,1,1,Other,0.0,0.0,0.0,1
0.038461538461538464,0.029098929717448065,0,1,Strong,1.0,0.0,0.0,0
-0.2692307692307692,0.19494068380270305,1,1,Other,0.0,1.0,0.0,0
-0.38461538461538464,-0.6754583524336583,1,0,Other,1.0,0.0,0.0,0
-0.07692307692307693,0.08867865613435999,1,1,Other,0.0,0.0,0.0,0
0.6923076923076923,0.3693393834304405,1,1,Elite,1.0,0.0,0.0,1
0.7307692307692307,-0.08572890161505703,1,1,Elite,0.0,0.0,0.0,1
0.7692307692307693,-0.2668243412325633,1,1,Elite,0.0,0.0,1.0,1
0.6153846153846154,0.0689604772755961,1,1,Other,0.0,1.0,0.0,1
0.6153846153846154,-0.007759714591319484,1,1,Elite,1.0,0.0,0.0,1
0.9230769230769231,0.012215349796152474,1,1,Other,0.0,0.0,1.0,1
-0.9615384615384616,0.2687642698803932,1,1,Other,1.0,0.0,0.0,0
0.8461538461538461,0.6385997081248906,1,1,Elite,0.0,0.0,0.0,1
0.9230769230769231,-0.27143942262762893,1,1,Elite,0.0,0.0,0.0,1
-0.7307692307692307,0.031092007095355464,0,1,Other,0.0,0.0,0.0,0
0.7692307692307693,-0.6754583524336583,1,1,Other,1.0,0.0,0.0,1
-0.8076923076923077,-0.6754583524336583,0,0,Other,0.0,1.0,0.0,0
-0.8076923076923077,-0.6754583524336583,0,0,Strong,0.0,0.0,1.0,0
0.5769230769230769,-0.6754583524336583,0,0,Other,0.0,0.0,0.0,0
0.4230769230769231,0.22615670460157275,0,0,Other,0.0,1.0,0.0,0
0.7692307692307693,0.5598687226367085,1,1,Other,1.0,0.0,0.0,1
0.15384615384615385,-0.6754583524336583,0,0,Other,0.0,1.0,0.0,0
-0.5769230769230769,-0.21148765510017428,1,1,Elite,1.0,0.0,0.0,0
-0.038461538461538464,0.23566146916377118,0,1,Other,1.0,0.0,0.0,0
-0.23076923076923078,-0.6754583524336583,1,0,Elite,0.0,1.0,0.0,0
-0.5,0.32594344532213665,1,1,Other,0.0,0.0,1.0,0
-0.19230769230769232,0.15131443453072993,1,1,Other,1.0,0.0,0.0,0
-0.6923076923076923,-0.6754583524336583,1,0,Other,0.0,1.0,0.0,0
0.9230769230769231,0.01893866415096011,1,1,Other,0.0,0.0,1.0,1
-0.5,-0.6754583524336583,0,0,Other,0.0,0.0,0.0,0
-0.5769230769230769,-0.6754583524336583,0,0,Other,0.0,1.0,0.0,0
0.8461538461538461,-0.6754583524336583,1,1,Strong,0.0,0.0,1.0,1
0.07692307692307693,-0.6754583524336583,1,0,Other,0.0,0.0,0.0,0
-0.5384615384615384,0.03699151613396137,1,1,Other,1.0,0.0,0.0,0
-0.8076923076923077,-0.3169258774523156,0,1,Strong,0.0,1.0,0.0,0
-0.5,0.524861425758975,0,1,Other,0.0,1.0,0.0,0
-0.2692307692307692,0.5352254281240935,1,1,Other,1.0,0.0,0.0,0
0.5769230769230769,-0.1072364210530978,0,1,Other,1.0,0.0,0.0,0
0.038461538461538464,0.6502924287419474,0,1,Other,0.0,0.0,0.0,0
-0.38461538461538464,0.007600268401086891,1,1,Other,1.0,0.0,0.0,0
-0.07692307692307693,-0.6754583524336583,0,0,Other,1.0,0.0,0.0,0
-0.6923076923076923,0.6006515148495337,0,1,Other,1.0,0.0,0.0,0
-0.4230769230769231,-0.6754583524336583,1,0,Other,0.0,1.0,0.0,0
-0.7307692307692307,0.02065713975680027,1,1,Elite,0.0,0.0,0.0,0
0.38461538461538464,-0.04347566120342012,1,1,Other,0.0,1.0,0.0,1
-0.9230769230769231,0.06198913551375999,0,1,Other,0.0,0.0,1.0,0
0.6538461538461539,0.4919269293542651,1,1,Other,1.0,0.0,0.0,1
-0.038461538461538464,-0.6754583524336583,1,0,Other,0.0,0.0,1.0,0
-0.5384615384615384,0.1590652910003698,0,1,Other,0.0,0.0,1.0,0
-0.7692307692307693,-0.24938269964545368,1,1,Other,0.0,0.0,0.0,0
0.9230769230769231,0.234093581626484,1,1,Other,0.0,0.0,1.0,1
-0.15384615384615385,0.5782936157302525,0,1,Other,0.0,1.0,0.0,0
0.07692307692307693,-0.18019191120618827,1,1,Other,1.0,0.0,0.0,0
0.15384615384615385,0.1675247972043768,1,1,Other,1.0,0.0,0.0,0
-0.11538461538461539,-0.23061233980640575,0,1,Other,1.0,0.0,0.0,0
0.6153846153846154,-0.6754583524336583,1,1,Other,0.0,0.0,0.0,1
-0.38461538461538464,0.3169435936956748,0,1,Other,0.0,0.0,1.0,0
-0.7307692307692307,0.640034723836984,1,1,Other,0.0,0.0,1.0,0
0.8461538461538461,0.12146256447051684,1,1,Other,0.0,0.0,0.0,1
-0.3076923076923077,0.6528169934206302,1,1,Other,0.0,1.0,0.0,0
0.5,0.11607682648932707,1,1,Other,0.0,0.0,1.0,1
-0.8076923076923077,0.16034971864391015,1,1,Other,0.0,0.0,0.0,0
0.19230769230769232,-0.16173158562592596,1,1,Other,1.0,0.0,0.0,1
0.19230769230769232,-0.6754583524336583,0,0,Other,0.0,0.0,1.0,0
-0.46153846153846156,-0.6754583524336583,1,0,Other,0.0,0.0,0.0,0
0.2692307692307692,0.0859060640486488,1,1,Other,1.0,0.0,0.0,1
-0.23076923076923078,-0.10084971532211452,0,1,Other,1.0,0.0,0.0,0
0.3076923076923077,-0.6754583524336583,1,0,Other,0.0,0.0,0.0,0
-0.5,-0.6754583524336583,0,0,Strong,0.0,1.0,0.0,0
0.07692307692307693,0.5047623476679888,0,1,Other,0.0,0.0,0.0,0
0.7307692307692307,0.1732648600527501,1,1,Elite,1.0,0.0,0.0,1
-0.038461538461538464,0.5407617541738362,0,1,Other,0.0,0.0,0.0,0
0.8076923076923077,-0.09102605837945094,1,1,Elite,1.0,0.0,0.0,1
0.8846153846153846,0.6457127798336002,1,1,Other,0.0,0.0,0.0,1
-0.8846153846153846,-0.6754583524336583,0,0,Strong,1.0,0.0,0.0,0
0.11538461538461539,0.29676479250957233,1,1,Other,1.0,0.0,0.0,0
-0.07692307692307693,0.11572250162214354,1,1,Other,0.0,0.0,1.0,0
0.8846153846153846,-0.6754583524336583,1,1,Elite,0.0,0.0,1.0,1
0.8461538461538461,0.06256491342293323,1,1,Other,0.0,1.0,0.0,1
0.6538461538461539,-0.06897819351895527,1,1,Other,0.0,0.0,1.0,1
0.3076923076923077,0.3663630545460988,1,1,Other,0.0,1.0,0.0,0
0.7692307692307693,0.22729940229823967,1,1,Other,1.0,0.0,0.0,1
-0.15384615384615385,0.10140777698792859,1,1,Other,0.0,0.0,0.0,0
-0.9230769230769231,0.08393956103578017,0,1,Other,1.0,0.0,0.0,0
-0.11538461538461539,0.57318247952113,0,1,Strong,1.0,0.0,0.0,0
0.5,-0.6754583524336583,0,0,Other,0.0,0.0,0.0,0
-0.5769230769230769,0.38813631763452716,0,1,Other,0.0,0.0,0.0,0
0.19230769230769232,0.13236691225809025,0,1,Other,1.0,0.0,0.0,0
-0.2692307692307692,0.07899672913856981,0,1,Other,0.0,0.0,0.0,0
-0.15384615384615385,0.21631533141554998,1,0,Other,0.0,0.0,1.0,0
0.7307692307692307,0.3437128374113911,1,1,Elite,0.0,0.0,1.0,1
0.9230769230769231,-0.08655270693125876,1,1,Other,0.0,1.0,0.0,1
0.5384615384615384,-0.6754583524336583,1,1,Other,0.0,1.0,0.0,1
0.23076923076923078,0.3609684584432294,0,0,Other,1.0,0.0,0.0,0
-0.8076923076923077,0.35250895223922246,0,1,Strong,0.0,1.0,0.0,0
-0.3076923076923077,0.3849916844382733,1,1,Other,0.0,0.0,1.0,0
0.4230769230769231,-0.049109426591638375,0,1,Other,1.0,0.0,0.0,0
0.5769230769230769,-0.6754583524336583,1,0,Other,1.0,0.0,0.0,0
-0.3076923076923077,-0.3144810358687492,0,1,Other,0.0,1.0,0.0,0
0.038461538461538464,0.5520558593153115,0,1,Other,0.0,1.0,0.0,0
0.3076923076923077,0.6508859228944799,1,1,Other,0.0,1.0,0.0,0
-0.8461538461538461,-0.6754583524336583,0,0,Other,0.0,0.0,0.0,0
-0.11538461538461539,-0.6754583524336583,1,0,Other,0.0,0.0,1.0,0
0.11538461538461539,0.5103429643261295,1,1,Other,0.0,0.0,1.0,0
0.8076923076923077,0.049561190797297386,1,1,Other,1.0,0.0,0.0,1
0.11538461538461539,0.046425415722723073,0,1,Other,0.0,1.0,0.0,0
0.6923076923076923,0.03839995748101594,1,1,Other,1.0,0.0,0.0,1
-0.6538461538461539,-0.6754583524336583,0,0,Other,0.0,0.0,1.0,0
0.7307692307692307,-0.6754583524336583,1,1,Other,0.0,0.0,1.0,1
-0.8846153846153846,-0.1813966157546123,1,1,Other,0.0,0.0,1.0,0
-0.2692307692307692,-0.6754583524336583,0,0,Other,0.0,0.0,1.0,0
-0.34615384615384615,0.3968172768805239,0,1,Other,0.0,0.0,0.0,0
-0.34615384615384615,-0.6754583524336583,1,0,Other,0.0,0.0,0.0,0
-0.8461538461538461,-0.1258739090669519,0,1,Other,0.0,0.0,1.0,0
0.9230769230769231,0.06989943817363248,1,1,Elite,1.0,0.0,0.0,1
-0.7307692307692307,-0.21946882273348348,0,1,Other,0.0,1.0,0.0,0
0.9230769230769231,-0.6754583524336583,1,1,Elite,0.0,0.0,0.0,1
0.0,-0.2893416865420772,0,0,Other,0.0,1.0,0.0,0
-0.5384615384615384,0.2874017578942473,0,1,Other,0.0,0.0,0.0,0
0.7692307692307693,-0.6754583524336583,1,1,Elite,1.0,0.0,0.0,1
-0.6538461538461539,-0.6754583524336583,0,0,Other,0.0,0.0,0.0,0
-0.3076923076923077,0.418811993010942,1,1,Other,0.0,1.0,0.0,0
-0.8076923076923077,-0.06330013752233908,1,1,Elite,0.0,0.0,0.0,0
-0.7692307692307693,0.11968208201291958,0,1,Other,1.0,0.0,0.0,0
-0.5769230769230769,0.49376941866361945,1,0,Other,0.0,0.0,1.0,0
0.46153846153846156,0.2717228825213758,0,1,Other,0.0,0.0,1.0,0
0.07692307692307693,0.05790554141946971,1,1,Elite,0.0,0.0,0.0,0
0.15384615384615385,0.18749100347016917,1,1,Other,1.0,0.0,0.0,0
-0.19230769230769232,-0.07069666912479543,1,1,Other,0.0,0.0,0.0,0
0.6923076923076923,0.3676386240679595,1,1,Other,0.0,1.0,0.0,1
0.34615384615384615,-0.6754583524336583,1,1,Elite,0.0,0.0,0.0,1
-0.6538461538461539,-0.0852948536527572,0,1,Other,0.0,0.0,1.0,0
0.2692307692307692,-0.23759253968992144,0,1,Other,0.0,0.0,0.0,0
0.6153846153846154,-0.6754583524336583,1,1,Elite,0.0,0.0,0.0,1
0.6923076923076923,0.3360328459151879,1,1,Other,0.0,0.0,1.0,1
0.9230769230769231,-0.6754583524336583,1,1,Other,1.0,0.0,0.0,1
0.7307692307692307,-0.6754583524336583,1,1,Other,0.0,0.0,1.0,1
-0.23076923076923078,0.33482814136676387,1,1,Other,0.0,1.0,0.0,0
0.5384615384615384,-0.1117629212313675,1,1,Other,0.0,0.0,0.0,1
0.9230769230769231,0.05807384573138189,1,1,Strong,0.0,0.0,0.0,1
0.6538461538461539,0.649052291706805,1,1,Elite,0.0,0.0,1.0,1
0.7692307692307693,-0.6754583524336583,1,1,Elite,0.0,0.0,0.0,1
0.8846153846153846,-0.037726740233367216,1,1,Other,1.0,0.0,0.0,1
0.5769230769230769,0.3740784785290203,1,1,Elite,0.0,0.0,0.0,1
0.5,-0.22355241682777374,0,1,Other,0.0,0.0,1.0,0
0.7307692307692307,-0.6754583524336583,1,1,Other,0.0,0.0,1.0,1
0.07692307692307693,0.15216481421197042,1,1,Strong,0.0,1.0,0.0,0
0.15384615384615385,-0.18258360405967716,1,1,Other,0.0,0.0,0.0,0
-0.3076923076923077,0.07380586983433098,0,1,Other,1.0,0.0,0.0,0
0.8076923076923077,-0.1648407863354615,1,1,Other,0.0,0.0,1.0,1
-0.8846153846153846,-0.06004034874425052,1,1,Other,0.0,0.0,0.0,0
0.4230769230769231,0.3345801139597354,1,1,Elite,0.0,0.0,0.0,0
0.8461538461538461,-0.6754583524336583,1,1,Other,1.0,0.0,0.0,1
-0.23076923076923078,0.0533081762677633,1,1,Other,0.0,0.0,1.0,0
0.23076923076923078,0.648751115569699,0,1,Other,0.0,0.0,1.0,0
-0.5,0.5696480889709742,1,1,Other,0.0,0.0,1.0,0
0.038461538461538464,-0.6754583524336583,0,0,Other,0.0,0.0,0.0,0
-0.038461538461538464,-0.6754583524336583,0,0,Other,0.0,1.0,0.0,0
-0.15384615384615385,-0.6754583524336583,1,0,Other,0.0,0.0,0.0,0
0.8461538461538461,0.270447312999515,1,1,Other,0.0,0.0,0.0,1
-0.46153846153846156,0.1182824987875446,1,1,Other,0.0,0.0,1.0,0
-0.9615384615384616,-0.6754583524336583,0,0,Other,1.0,0.0,0.0,0
-0.8846153846153846,0.3488062573771545,1,0,Other,0.0,1.0,0.0,0
-0.4230769230769231,-0.6754583524336583,0,0,Other,1.0,0.0,0.0,0
-0.7307692307692307,0.35333275755542415,0,1,Strong,1.0,0.0,0.0,0
-0.8461538461538461,-0.6754583524336583,0,0,Other,0.0,1.0,0.0,0
-0.6923076923076923,0.010877773422534619,1,1,Other,0.0,1.0,0.0,0
-0.9230769230769231,-0.6754583524336583,1,0,Other,0.0,0.0,0.0,0
0.11538461538461539,0.11737897037622658,0,0,Other,0.0,1.0,0.0,0
0.8076923076923077,0.5904381005529682,1,1,Elite,1.0,0.0,0.0,1
0.2692307692307692,-0.01762766214238102,0,0,Strong,0.0,1.0,0.0,0
0.8846153846153846,-0.6754583524336583,1,1,Other,0.0,0.0,0.0,1
-0.19230769230769232,0.11280817958955894,0,1,Other,0.0,0.0,1.0,0
0.19230769230769232,-0.012277356647909594,1,1,Other,1.0,0.0,0.0,0
0.5769230769230769,0.07375272110425345,0,1,Other,0.0,0.0,0.0,0
-0.5384615384615384,0.1278492702015001,0,1,Other,0.0,0.0,1.0,0
0.6538461538461539,0.5934675781673875,1,1,Other,0.0,0.0,0.0,1
-0.5,0.21863615929560215,1,1,Other,1.0,0.0,0.0,0
0.038461538461538464,0.11698921302232468,1,1,Other,0.0,0.0,1.0,0
-0.5,-0.6754583524336583,0,0,Other,1.0,0.0,0.0,0
-0.7692307692307693,0.2576384690508301,1,1,Other,0.0,0.0,1.0,0
-0.07692307692307693,-0.6754583524336583,0,0,Strong,0.0,0.0,1.0,0
0.8076923076923077,-0.6754583524336583,1,1,Elite,0.0,0.0,0.0,1
0.3076923076923077,-0.03960466202943997,0,1,Elite,0.0,0.0,0.0,0
0.2692307692307692,-0.2830435620278898,1,1,Other,0.0,1.0,0.0,1
0.07692307692307693,0.014031264740468107,0,1,Other,1.0,0.0,0.0,0
0.5384615384615384,-0.21993830318250165,1,1,Other,0.0,0.0,1.0,0
0.5384615384615384,0.3204071192723939,1,1,Other,0.0,0.0,0.0,0
0.23076923076923078,-0.05698429676479251,0,1,Other,0.0,1.0,0.0,0
0.19230769230769232,-0.6754583524336583,1,0,Other,1.0,0.0,0.0,0
-0.5384615384615384,0.26259015906972005,0,1,Strong,0.0,0.0,1.0,0
-0.07692307692307693,0.3755577848495116,0,1,Other,0.0,0.0,1.0,0
0.34615384615384615,-0.6754583524336583,1,0,Other,0.0,0.0,0.0,0
-0.9230769230769231,-0.6754583524336583,0,0,Other,1.0,0.0,0.0,0
0.9230769230769231,-0.20060102355596007,1,1,Other,0.0,0.0,1.0,1
0.15384615384615385,0.10628860203338183,0,1,Elite,0.0,1.0,0.0,0
0.7307692307692307,-0.6754583524336583,1,1,Other,0.0,0.0,0.0,1
-0.3076923076923077,-0.6754583524336583,1,0,Other,0.0,1.0,0.0,0
0.0,-0.6754583524336583,0,0,Other,0.0,1.0,0.0,0
0.9230769230769231,0.4186259724556706,1,1,Other,0.0,0.0,0.0,1
0.8461538461538461,0.06812781383771478,1,1,Other,0.0,1.0,0.0,1
-0.5384615384615384,-0.06575383722758507,1,1,Other,0.0,1.0,0.0,0
-0.038461538461538464,0.37956165584868556,0,1,Other,0.0,1.0,0.0,0
-0.15384615384615385,-0.14553008107395868,0,0,Strong,0.0,1.0,0.0,0
0.8846153846153846,-0.11539475111999876,1,1,Other,1.0,0.0,0.0,1
0.6538461538461539,-0.05563786226949507,1,1,Other,1.0,0.0,0.0,1
0.6153846153846154,-0.23434160903351248,1,1,Other,0.0,0.0,1.0,1
0.038461538461538464,0.6239838073535697,0,1,Other,1.0,0.0,0.0,0
0.7692307692307693,-0.2536080236866174,1,1,Other,0.0,0.0,0.0,1
-0.11538461538461539,-0.6754583524336583,1,0,Other,0.0,0.0,1.0,0
0.34615384615384615,-0.6754583524336583,1,1,Elite,0.0,0.0,1.0,1
-0.19230769230769232,-0.6754583524336583,1,0,Other,0.0,0.0,0.0,0
-0.9230769230769231,0.17246762910158717,0,1,Strong,0.0,0.0,0.0,0
-0.34615384615384615,0.17430126028926196,1,1,Strong,0.0,1.0,0.0,0
0.38461538461538464,-0.6754583524336583,0,0,Strong,0.0,0.0,0.0,0
0.5384615384615384,0.12719376919721057,1,1,Other,0.0,1.0,0.0,1
0.19230769230769232,0.10016763995278621,1,1,Other,1.0,0.0,0.0,1
-0.7692307692307693,-0.007068781100311584,0,1,Other,0.0,0.0,1.0,0
0.6153846153846154,0.454864548246867,1,1,Other,0.0,0.0,0.0,1
-0.07692307692307693,-0.20520724682934607,0,1,Other,1.0,0.0,0.0,0
-0.7692307692307693,0.564032039826115,0,1,Strong,0.0,0.0,0.0,0
-0.34615384615384615,-0.6754583524336583,0,0,Other,0.0,0.0,1.0,0
-0.15384615384615385,0.4161102658986675,1,1,Other,0.0,1.0,0.0,0
0.11538461538461539,-0.6754583524336583,0,0,Other,0.0,1.0,0.0,0
0.3076923076923077,0.20107050400497825,1,1,Other,0.0,0.0,1.0,0
-0.15384615384615385,-0.6754583524336583,1,0,Strong,0.0,0.0,1.0,0
0.7692307692307693,-0.10881316671206454,1,1,Other,0.0,1.0,0.0,1
0.34615384615384615,-0.1702088080732921,1,0,Other,0.0,0.0,0.0,0
0.15384615384615385,-0.26031362179806583,0,1,Other,0.0,1.0,0.0,0
-0.2692307692307692,-0.10182410870686925,0,1,Other,0.0,1.0,0.0,0
0.6923076923076923,0.05291841891386141,1,1,Other,1.0,0.0,0.0,1
-0.8461538461538461,0.620405126195016,1,1,Other,0.0,0.0,1.0,0
0.23076923076923078,0.2997499795155936,0,1,Other,0.0,0.0,0.0,0
0.46153846153846156,-0.6754583524336583,0,0,Other,0.0,0.0,0.0,0
-0.7307692307692307,0.4199635488292885,0,1,Other,0.0,0.0,1.0,0
0.46153846153846156,-0.6754583524336583,1,1,Elite,0.0,0.0,0.0,1
-0.5,0.6401764537838573,1,1,Other,0.0,0.0,0.0,0
-0.23076923076923078,0.5338967098721552,0,1,Strong,0.0,0.0,0.0,0
0.7692307692307693,0.36056984296764794,1,1,Other,0.0,1.0,0.0,1
0.2692307692307692,0.11223240168038569,1,1,Other,1.0,0.0,0.0,1
0.15384615384615385,-0.15972965012633897,0,1,Strong,1.0,0.0,0.0,0
-0.34615384615384615,-0.6754583524336583,0,0,Other,0.0,0.0,0.0,0
0.38461538461538464,0.12823016943372242,1,1,Other,0.0,0.0,1.0,0
-0.4230769230769231,-0.18627744080006556,1,0,Other,0.0,1.0,0.0,0
-0.9230769230769231,0.3419855036838714,1,1,Other,0.0,1.0,0.0,0
-0.6923076923076923,-0.6754583524336583,1,0,Other,1.0,0.0,0.0,0
-0.8461538461538461,0.0711750076954932,0,1,Other,0.0,0.0,1.0,0
-0.2692307692307692,0.06801265825588013,1,1,Other,0.0,1.0,0.0,0
0.2692307692307692,-0.6754583524336583,0,0,Other,0.0,0.0,1.0,0
0.7307692307692307,-0.6754583524336583,1,1,Elite,0.0,1.0,0.0,1
0.2692307692307692,0.24187987058284227,0,1,Other,1.0,0.0,0.0,0
-0.3076923076923077,0.2856921404100867,0,1,Other,1.0,0.0,0.0,0
0.3076923076923077,-0.27066876604150475,0,1,Other,1.0,0.0,0.0,0
0.8846153846153846,-0.6754583524336583,1,1,Elite,0.0,1.0,0.0,1
0.19230769230769232,0.34528958307035784,1,0,Strong,0.0,0.0,1.0,0
0.38461538461538464,0.15176619873638894,0,1,Other,0.0,0.0,0.0,0
-0.038461538461538464,0.3781620726233106,0,1,Strong,1.0,0.0,0.0,0
0.8846153846153846,0.12008069748850105,1,1,Strong,0.0,0.0,0.0,1
-0.15384615384615385,-0.18431093778719693,0,1,Other,1.0,0.0,0.0,0
-0.8461538461538461,-0.6754583524336583,0,0,Other,0.0,0.0,1.0,0
0.9230769230769231,-0.6754583524336583,1,1,Other,0.0,0.0,1.0,1
0.46153846153846156,0.6223096223561275,1,1,Elite,0.0,0.0,0.0,0
0.0,-0.05568215287789301,1,1,Other,0.0,1.0,0.0,0
-0.6153846153846154,0.5867974125426574,0,0,Other,0.0,0.0,1.0,0
0.3076923076923077,0.2539623485538009,0,1,Other,0.0,0.0,0.0,0
-0.8846153846153846,-0.6754583524336583,0,0,Other,0.0,0.0,1.0,0
-0.5769230769230769,-0.6754583524336583,0,0,Other,0.0,0.0,0.0,0
0.11538461538461539,0.04990665754280134,1,1,Other,1.0,0.0,0.0,0
-0.5384615384615384,-0.6754583524336583,0,0,Elite,0.0,0.0,0.0,0
0.6538461538461539,-0.6754583524336583,1,1,Other,0.0,1.0,0.0,1
0.3076923076923077,0.077313686019448,1,1,Other,0.0,0.0,0.0,0
0.8461538461538461,-0.6754583524336583,1,1,Other,1.0,0.0,0.0,1
-0.38461538461538464,0.4324889328842266,0,1,Other,0.0,0.0,1.0,0
0.34615384615384615,-0.6754583524336583,0,0,Other,0.0,0.0,0.0,0
0.5,-0.2201331818594526,1,1,Strong,1.0,0.0,0.0,0
0.7692307692307693,-0.6754583524336583,1,1,Other,1.0,0.0,0.0,1
0.23076923076923078,-0.19730580229115316,1,1,Other,0.0,1.0,0.0,0
0.9230769230769231,-0.20951229396562607,1,1,Strong,1.0,0.0,0.0,1
0.15384615384615385,0.22742341600175392,1,1,Elite,0.0,0.0,1.0,0
-0.5384615384615384,0.21299353578570432,1,1,Other,0.0,1.0,0.0,0
0.5769230769230769,0.4613752676813645,1,1,Other,0.0,0.0,1.0,1
0.23076923076923078,0.17092631592933877,0,1,Strong,0.0,1.0,0.0,0
-0.46153846153846156,-0.06593985778285644,0,1,Strong,0.0,0.0,1.0,0
-0.46153846153846156,-0.1044726870890662,1,1,Other,0.0,0.0,0.0,0
-0.7692307692307693,0.41998126507264766,0,1,Other,0.0,1.0,0.0,0
-0.2692307692307692,-0.24187101246116266,0,1,Other,1.0,0.0,0.0,0
0.15384615384615385,0.428476203763373,0,1,Other,1.0,0.0,0.0,0
-0.8076923076923077,0.07163563002283181,1,1,Strong,0.0,0.0,1.0,0
-0.15384615384615385,0.3270950011404832,1,1,Other,1.0,0.0,0.0,0
-0.19230769230769232,-0.2830878526362877,0,1,Other,0.0,1.0,0.0,0
-0.23076923076923078,-0.6754583524336583,0,0,Other,0.0,1.0,0.0,0
0.8461538461538461,-0.6754583524336583,1,1,Elite,0.0,1.0,0.0,1
-0.038461538461538464,0.1307015853823276,1,1,Other,1.0,0.0,0.0,0
-0.9230769230769231,0.30116727898432777,0,0,Other,1.0,0.0,0.0,0
0.23076923076923078,0.3639890779359691,1,1,Other,0.0,1.0,0.0,1
0.6538461538461539,-0.6754583524336583,1,1,Elite,0.0,0.0,1.0,1
-0.4230769230769231,-0.6754583524336583,0,0,Other,1.0,0.0,0.0,0
0.5384615384615384,0.02203014861713648,0,1,Other,0.0,1.0,0.0,0
-0.2692307692307692,-0.2067839924883128,1,1,Elite,0.0,1.0,0.0,0
0.4230769230769231,0.43732546732128186,0,1,Other,0.0,0.0,0.0,0
-0.6923076923076923,-0.6754583524336583,1,0,Other,0.0,0.0,0.0,0
-0.5769230769230769,0.24195959367795855,1,1,Other,1.0,0.0,0.0,0
0.9230769230769231,0.28286639959429805,1,1,Other,0.0,1.0,0.0,1
0.7307692307692307,-0.6754583524336583,1,1,Other,0.0,0.0,0.0,1
-0.19230769230769232,0.4365105201267597,0,1,Other,0.0,0.0,1.0,0
0.8461538461538461,0.06995258690371,1,1,Other,0.0,0.0,0.0,1
-0.15384615384615385,0.19342594499549343,0,1,Other,1.0,0.0,0.0,0
0.5384615384615384,0.15581436034396087,1,1,Other,0.0,0.0,1.0,1
-0.8846153846153846,-0.6754583524336583,1,0,Other,1.0,0.0,0.0,0
-0.5769230769230769,-0.3131611757384905,1,1,Strong,0.0,0.0,1.0,0
0.5,-0.0756306429003262,0,1,Other,0.0,0.0,1.0,0
0.4230769230769231,0.3182545957042539,1,1,Other,0.0,0.0,1.0,1
-0.9230769230769231,0.10317940132384629,0,1,Other,0.0,1.0,0.0,0
-0.6538461538461539,-0.11232098289718156,1,1,Strong,0.0,0.0,0.0,0
-0.3076923076923077,-0.6754583524336583,1,0,Strong,0.0,1.0,0.0,0
0.07692307692307693,0.4215491526099348,1,1,Other,0.0,0.0,1.0,0
-0.34615384615384615,-0.6754583524336583,0,0,Other,1.0,0.0,0.0,0
-0.46153846153846156,0.5876035016154999,1,1,Other,0.0,1.0,0.0,0
-0.07692307692307693,0.5031944601307016,0,1,Other,0.0,0.0,0.0,0
-0.8076923076923077,-0.1091497753358889,0,0,Other,0.0,1.0,0.0,0
-0.23076923076923078,0.40984757387119847,1,1,Other,0.0,0.0,1.0,0
0.4230769230769231,-0.6754583524336583,0,0,Other,0.0,1.0,0.0,0
-0.4230769230769231,0.2155446748294258,1,1,Other,0.0,1.0,0.0,0
-0.46153846153846156,-0.13851444870372462,0,1,Other,1.0,0.0,0.0,0
0.7692307692307693,-0.6754583524336583,1,1,Other,0.0,0.0,0.0,1
0.23076923076923078,0.31369266303926585,0,1,Strong,0.0,0.0,0.0,0
0.4230769230769231,0.22572265663927293,0,1,Other,1.0,0.0,0.0,0
0.5,0.06831383439298613,0,1,Other,1.0,0.0,0.0,0
0.5384615384615384,-0.6754583524336583,0,0,Other,1.0,0.0,0.0,0
-0.9615384615384616,0.6140538529507511,1,1,Other,0.0,1.0,0.0,0
-0.07692307692307693,-0.07911188472040447,1,1,Other,0.0,0.0,0.0,0
0.5384615384615384,-0.19423203406833597,1,1,Elite,1.0,0.0,0.0,1
-0.34615384615384615,-0.6754583524336583,1,0,Elite,0.0,1.0,0.0,0
0.3076923076923077,0.322019297418079,0,0,Other,1.0,0.0,0.0,0
0.6538461538461539,0.3532087438519099,1,1,Other,1.0,0.0,0.0,1
-0.11538461538461539,-0.6754583524336583,1,0,Other,1.0,0.0,0.0,0
0.0,0.1603054280355122,0,1,Elite,0.0,0.0,0.0,0
-0.5384615384615384,-0.6754583524336583,1,0,Strong,1.0,0.0,0.0,0
0.6538461538461539,-0.6754583524336583,1,1,Other,0.0,0.0,1.0,1
-0.6538461538461539,0.4480437945535839,1,0,Other,1.0,0.0,0.0,0
-0.7307692307692307,0.6406105017461572,1,1,Other,1.0,0.0,0.0,0
0.6923076923076923,-0.6754583524336583,1,1,Other,0.0,1.0,0.0,1
0.15384615384615385,-0.3167044244103259,1,1,Other,0.0,0.0,1.0,0
-0.38461538461538464,-0.03526418240644163,0,1,Other,1.0,0.0,0.0,0
0.8846153846153846,-0.6754583524336583,1,1,Other,0.0,0.0,1.0,1
0.23076923076923078,0.09865290114557658,1,1,Other,0.0,0.0,0.0,0
0.7307692307692307,0.5927146378246225,1,1,Other,1.0,0.0,0.0,1
0.5769230769230769,-0.6754583524336583,1,0,Other,1.0,0.0,0.0,0
-0.5769230769230769,-0.6754583524336583,0,0,Strong,0.0,1.0,0.0,0
-0.7307692307692307,-0.6754583524336583,1,0,Other,0.0,0.0,1.0,0
0.9230769230769231,-0.2051983887076665,1,1,Other,0.0,1.0,0.0,1
-0.8461538461538461,0.049242298416832204,0,1,Other,0.0,0.0,1.0,0
-0.6153846153846154,-0.0001505880685530037,0,1,Other,0.0,1.0,0.0,0
-0.6538461538461539,0.28232605417184314,1,1,Other,0.0,1.0,0.0,0
-0.5,-0.03985268943646844,0,1,Other,0.0,0.0,0.0,0
-0.8076923076923077,0.33516474999058826,1,1,Other,0.0,0.0,1.0,0
-0.15384615384615385,0.4395842883495769,0,1,Other,0.0,1.0,0.0,0
-0.6153846153846154,-0.2708902190834944,1,1,Other,0.0,1.0,0.0,0
0.8076923076923077,0.2511543239813714,1,1,Elite,1.0,0.0,0.0,1
0.38461538461538464,0.515905864740911,0,1,Other,1.0,0.0,0.0,0
-0.7692307692307693,0.2907767022541705,1,1,Other,1.0,0.0,0.0,0
-0.8076923076923077,0.1533252281519965,1,0,Other,0.0,1.0,0.0,0
-0.6153846153846154,-0.6754583524336583,1,0,Other,0.0,1.0,0.0,0
0.19230769230769232,0.5876035016154999,1,0,Other,0.0,0.0,0.0,0
0.6153846153846154,0.24948899710560873,1,1,Elite,0.0,0.0,1.0,1
0.5,0.4409041484798356,1,1,Other,0.0,0.0,0.0,0
0.7307692307692307,0.4550948594105363,1,1,Other,1.0,0.0,0.0,1
0.2692307692307692,-0.6754583524336583,0,0,Strong,0.0,0.0,0.0,0
-0.15384615384615385,0.4344642940187748,0,1,Other,0.0,0.0,1.0,0
-0.9230769230769231,-0.01332261500610103,0,1,Strong,1.0,0.0,0.0,0
0.7692307692307693,0.19332850565701795,1,1,Other,0.0,0.0,1.0,1
0.23076923076923078,-0.6754583524336583,0,0,Other,1.0,0.0,0.0,0
-0.4230769230769231,-0.6754583524336583,1,0,Other,0.0,1.0,0.0,0
-0.15384615384615385,-0.6754583524336583,1,0,Other,1.0,0.0,0.0,0
-0.9230769230769231,-0.6754583524336583,1,0,Other,0.0,0.0,1.0,0
0.0,-0.6754583524336583,0,0,Other,0.0,0.0,0.0,0
0.7307692307692307,-0.18557764918737807,1,1,Other,0.0,0.0,1.0,1
-0.6153846153846154,0.28289297395933677,1,1,Other,1.0,0.0,0.0,0
0.2692307692307692,0.5422410604943275,1,1,Other,0.0,1.0,0.0,0
-0.19230769230769232,0.2146057139313894,1,1,Other,0.0,0.0,0.0,0
-0.5,0.061466506334664266,0,1,Other,1.0,0.0,0.0,0
0.11538461538461539,0.42030015745311283,1,1,Other,1.0,0.0,0.0,0
-0.5,0.5333829388147391,1,1,Other,0.0,1.0,0.0,0
-0.11538461538461539,-0.17942125462006409,0,0,Other,0.0,0.0,1.0,0
0.5384615384615384,0.508952239222434,1,1,Other,0.0,1.0,0.0,0
0.4230769230769231,0.5470598786880236,0,1,Other,0.0,0.0,1.0,0
0.3076923076923077,0.2444575839916025,1,1,Other,0.0,1.0,0.0,0
-0.5769230769230769,-0.6754583524336583,0,0,Other,1.0,0.0,0.0,0
0.0,0.13174684374051904,0,1,Other,0.0,0.0,1.0,0
-0.9615384615384616,0.09259394591673809,0,1,Other,0.0,0.0,1.0,0
0.15384615384615385,0.6365889145036241,1,1,Other,0.0,0.0,1.0,0
0.7307692307692307,-0.6754583524336583,1,1,Elite,0.0,0.0,0.0,1
-0.8461538461538461,-0.2991121947546633,0,1,Other,0.0,0.0,1.0,0
0.6538461538461539,0.08946702896384336,1,1,Strong,0.0,0.0,1.0,1
-0.7692307692307693,0.2363346864114199,0,1,Strong,0.0,0.0,1.0,0
0.15384615384615385,0.6348172901677064,0,1,Other,1.0,0.0,0.0,0
0.6538461538461539,0.0322878535220999,1,1,Other,1.0,0.0,0.0,1
0.9230769230769231,0.5025035266396937,1,1,Other,0.0,1.0,0.0,1
-0.9615384615384616,0.21263921091852078,0,1,Other,0.0,1.0,0.0,0
-0.5769230769230769,0.6416380438609895,0,1,Other,0.0,0.0,1.0,0
-0.7692307692307693,0.3226747984223685,1,1,Other,0.0,0.0,0.0,0
-0.9230769230769231,0.034847850687500966,0,1,Other,0.0,0.0,0.0,0
0.19230769230769232,0.3416931856684449,0,1,Other,1.0,0.0,0.0,0
0.23076923076923078,0.42934429968797266,0,1,Other,0.0,1.0,0.0,0
0.6923076923076923,0.17268022402189728,1,1,Other,1.0,0.0,0.0,1
-0.6538461538461539,-0.6754583524336583,1,0,Other,0.0,0.0,0.0,0
0.0,0.24007281376020623,1,1,Other,1.0,0.0,0.0,0
0.8846153846153846,0.10189497368030596,1,1,Elite,0.0,1.0,0.0,1
-0.2692307692307692,0.4772224473661483,1,0,Other,1.0,0.0,0.0,0
0.46153846153846156,0.6263046352336219,1,1,Strong,1.0,0.0,0.0,0
-0.5384615384615384,0.6370672530743219,0,1,Other,0.0,1.0,0.0,0
0.038461538461538464,0.3792427634682204,1,1,Other,0.0,1.0,0.0,0
-0.5384615384615384,-0.6754583524336583,0,0,Other,0.0,0.0,1.0,0
-0.38461538461538464,0.5123183254606777,0,1,Other,0.0,1.0,0.0,0
0.46153846153846156,-0.6754583524336583,1,0,Other,0.0,0.0,1.0,0
0.5769230769230769,-0.6754583524336583,1,1,Elite,0.0,1.0,0.0,1
0.6538461538461539,-0.6754583524336583,1,1,Elite,0.0,0.0,0.0,1
-0.2692307692307692,0.2460697621372876,1,1,Other,0.0,0.0,1.0,0
-0.2692307692307692,0.23177275374643183,1,1,Other,1.0,0.0,0.0,0
-0.5384615384615384,-0.6754583524336583,1,0,Other,0.0,0.0,0.0,0
0.34615384615384615,0.5733862163197605,1,0,Other,1.0,0.0,0.0,0
0.23076923076923078,-0.6754583524336583,0,0,Other,1.0,0.0,0.0,0
-0.11538461538461539,0.5515775207446137,0,1,Other,1.0,0.0,0.0,0
0.11538461538461539,-0.3127182696545111,1,1,Other,1.0,0.0,0.0,0
0.07692307692307693,0.16735649289246463,1,1,Other,1.0,0.0,0.0,0
0.19230769230769232,-0.6754583524336583,1,0,Other,0.0,1.0,0.0,0
-0.8076923076923077,0.6515857145071673,0,1,Other,0.0,0.0,0.0,0
-0.15384615384615385,-0.6754583524336583,0,0,Other,1.0,0.0,0.0,0
-0.6923076923076923,-0.6754583524336583,0,0,Strong,0.0,1.0,0.0,0
0.038461538461538464,-0.2108498703392439,1,1,Other,0.0,0.0,0.0,0
-0.6538461538461539,0.3474066741517795,1,1,Other,1.0,0.0,0.0,0
-0.5769230769230769,-0.6754583524336583,1,0,Other,0.0,0.0,1.0,0
0.6153846153846154,0.3512333827173617,1,1,Elite,0.0,0.0,0.0,1
-0.9230769230769231,-0.6754583524336583,1,0,Other,0.0,0.0,0.0,0
0.5384615384615384,0.08463049452678807,1,1,Elite,0.0,0.0,0.0,1
-0.6153846153846154,-0.6754583524336583,1,0,Other,0.0,0.0,0.0,0
-0.8846153846153846,-0.22623642769668906,1,1,Other,0.0,1.0,0.0,0
0.6923076923076923,0.06671051436898064,1,1,Strong,0.0,1.0,0.0,1
-0.5,0.23420873720831867,0,1,Other,0.0,1.0,0.0,0
0.8461538461538461,0.17215759484280155,1,1,Strong,1.0,0.0,0.0,1
0.5769230769230769,-0.6754583524336583,1,0,Strong,0.0,1.0,0.0,0
-0.7307692307692307,-0.13243777723152694,0,1,Other,0.0,0.0,1.0,0
0.8076923076923077,-0.6754583524336583,1,1,Other,0.0,0.0,1.0,1
-0.038461538461538464,0.2719177611983267,0,1,Strong,1.0,0.0,0.0,0
-0.19230769230769232,-0.6754583524336583,0,0,Other,1.0,0.0,0.0,0
-0.8461538461538461,-0.27011956249737024,0,1,Strong,1.0,0.0,0.0,0
-0.7307692307692307,0.34995781319550096,1,1,Other,0.0,0.0,0.0,0
0.23076923076923078,-0.1542641890500329,0,1,Other,0.0,0.0,0.0,0
0.6538461538461539,-0.6754583524336583,1,1,Elite,0.0,0.0,1.0,1
0.5769230769230769,-0.6754583524336583,0,0,Other,0.0,0.0,0.0,0
0.11538461538461539,0.5449339294849224,1,1,Other,1.0,0.0,0.0,0
0.23076923076923078,-0.6754583524336583,1,0,Other,0.0,0.0,0.0,0
-0.9230769230769231,-0.22929247967614708,0,1,Strong,0.0,0.0,1.0,0
0.5,0.2563894738940081,1,1,Other,0.0,0.0,0.0,0
0.6923076923076923,0.2144817002278752,1,1,Other,0.0,0.0,1.0,1
-0.2692307692307692,0.456264131472242,1,1,Other,1.0,0.0,0.0,0
-0.6538461538461539,0.5064896813955085,0,1,Strong,0.0,1.0,0.0,0
0.46153846153846156,-0.20177029561766574,0,0,Other,0.0,1.0,0.0,0
0.8076923076923077,-0.10133691201449188,1,1,Other,1.0,0.0,0.0,1
0.8461538461538461,-0.6754583524336583,1,1,Other,0.0,0.0,1.0,1
0.23076923076923078,0.02787650892566486,1,1,Other,0.0,1.0,0.0,1
-0.11538461538461539,-0.21910563974462036,1,1,Other,1.0,0.0,0.0,0
-0.2692307692307692,-0.6754583524336583,0,0,Other,1.0,0.0,0.0,0
0.23076923076923078,0.3764613132608296,0,1,Other,0.0,1.0,0.0,0
-0.23076923076923078,-0.1478243345889721,0,1,Other,0.0,0.0,1.0,0
-0.8846153846153846,-0.6754583524336583,1,0,Other,0.0,0.0,0.0,0
0.6923076923076923,-0.057648655890761645,1,1,Elite,0.0,0.0,0.0,1
-0.8076923076923077,0.2032584600598366,0,1,Other,0.0,0.0,0.0,0
0.2692307692307692,-0.6754583524336583,0,0,Other,0.0,0.0,0.0,0
-0.2692307692307692,-0.021401221977885698,1,0,Other,1.0,0.0,0.0,0
-0.07692307692307693,-0.027008413001065188,1,1,Strong,0.0,1.0,0.0,0
-0.07692307692307693,0.24420069846289444,0,1,Other,0.0,0.0,0.0,0
-0.4230769230769231,0.17666637877771207,0,1,Other,0.0,0.0,1.0,0
0.7307692307692307,-0.0001240137035142383,1,1,Elite,1.0,0.0,0.0,1
0.46153846153846156,0.10622659518162471,1,1,Elite,1.0,0.0,0.0,1
0.7307692307692307,0.6069319231203619,1,1,Other,0.0,0.0,0.0,1
0.15384615384615385,-0.6754583524336583,1,0,Other,0.0,1.0,0.0,0
-0.23076923076923078,-0.1984396418661405,0,1,Strong,0.0,0.0,0.0,0
0.5384615384615384,-0.6754583524336583,0,0,Other,1.0,0.0,0.0,0
-0.9230769230769231,-0.10274535336154646,1,0,Strong,0.0,1.0,0.0,0
-0.38461538461538464,-0.2634051062642422,1,1,Other,0.0,0.0,0.0,0
0.07692307692307693,0.08475450823030231,0,1,Other,0.0,1.0,0.0,0
0.19230769230769232,0.5677967415399402,0,1,Other,0.0,1.0,0.0,0
0.6923076923076923,0.5732710607379258,1,1,Other,0.0,0.0,1.0,1
-0.9615384615384616,0.11925689217229933,1,1,Other,1.0,0.0,0.0,0
-0.7692307692307693,-0.1270874717370555,0,1,Other,0.0,1.0,0.0,0
-0.9230769230769231,0.42560617233918635,1,1,Other,0.0,0.0,1.0,0
-0.6153846153846154,0.6226019403715539,0,0,Other,0.0,0.0,1.0,0
-0.2692307692307692,-0.22554549420568115,0,1,Other,0.0,0.0,1.0,0
-0.07692307692307693,-0.06763175902365783,1,1,Other,0.0,0.0,0.0,0
0.3076923076923077,0.1619176061811973,0,1,Other,1.0,0.0,0.0,0
-0.15384615384615385,0.02689325741923054,0,0,Other,1.0,0.0,0.0,0
0.5384615384615384,-0.6754583524336583,0,0,Other,1.0,0.0,0.0,0
0.9230769230769231,-0.6754583524336583,1,1,Other,0.0,0.0,0.0,1
0.5769230769230769,0.07162677190115221,0,1,Other,0.0,0.0,0.0,0
0.5,-0.6754583524336583,0,0,Other,0.0,1.0,0.0,0
-0.19230769230769232,-0.223977606668394,0,0,Other,0.0,0.0,0.0,0
-0.8076923076923077,0.006944767396797346,1,1,Other,0.0,1.0,0.0,0
-0.07692307692307693,0.17821655007164006,0,1,Other,0.0,1.0,0.0,0
0.46153846153846156,-0.6754583524336583,1,0,Other,1.0,0.0,0.0,0
0.07692307692307693,-0.6754583524336583,1,0,Other,0.0,0.0,1.0,0
-0.2692307692307692,0.20031756366221323,0,1,Other,0.0,0.0,0.0,0
0.38461538461538464,0.42557959797414757,0,1,Other,1.0,0.0,0.0,0
0.11538461538461539,-0.08175160498092182,1,1,Other,0.0,0.0,0.0,0
-0.23076923076923078,0.4267134375491349,0,1,Other,0.0,0.0,0.0,0
-0.38461538461538464,-0.17546167422928804,1,1,Other,0.0,1.0,0.0,0
-0.9615384615384616,-0.24436014465312703,0,1,Other,1.0,0.0,0.0,0
-0.9615384615384616,0.06512491058833429,0,1,Other,0.0,0.0,1.0,0
0.6538461538461539,0.20658025568968227,1,1,Elite,1.0,0.0,0.0,1
0.7307692307692307,-0.6754583524336583,1,1,Elite,0.0,0.0,0.0,1
0.34615384615384615,-0.6754583524336583,1,1,Other,0.0,1.0,0.0,1
0.8461538461538461,0.6153559968376505,1,1,Other,0.0,0.0,0.0,1
0.2692307692307692,0.47571656668061824,1,1,Strong,0.0,0.0,1.0,0
-0.8076923076923077,0.5118577031333391,1,1,Other,1.0,0.0,0.0,0
-0.7307692307692307,0.18779217960727518,0,1,Strong,0.0,0.0,1.0,0
-0.8076923076923077,-0.6754583524336583,0,0,Other,1.0,0.0,0.0,0
-0.23076923076923078,-0.2694817777364399,1,1,Other,0.0,0.0,0.0,0
-0.8846153846153846,0.2958612640982543,1,1,Other,0.0,0.0,1.0,0
0.6923076923076923,0.03165006876116954,1,1,Other,0.0,0.0,0.0,1
-0.34615384615384615,-0.22610355587149522,1,1,Other,0.0,1.0,0.0,0
0.15384615384615385,-0.6754583524336583,0,0,Elite,0.0,0.0,0.0,0
-0.19230769230769232,0.38143957764475833,0,1,Other,1.0,0.0,0.0,0
0.8076923076923077,-0.1530240520148905,1,1,Elite,1.0,0.0,0.0,1
-0.5384615384615384,-0.1639815485325414,1,1,Other,0.0,0.0,1.0,0
-0.7692307692307693,0.1385410230687634,0,1,Other,0.0,0.0,0.0,0
-0.6538461538461539,-0.6754583524336583,0,0,Other,0.0,0.0,1.0,0
0.7692307692307693,0.25920635658811725,1,1,Strong,0.0,1.0,0.0,1
0.2692307692307692,0.18391232231161544,1,1,Other,1.0,0.0,0.0,1
-0.11538461538461539,0.11317136257842206,1,1,Elite,1.0,0.0,0.0,0
0.2692307692307692,0.05957086829523234,0,1,Other,0.0,1.0,0.0,0
0.2692307692307692,0.3197427601464248,1,1,Other,0.0,0.0,1.0,0
-0.5,-0.3004586292499607,1,1,Other,1.0,0.0,0.0,0
-0.3076923076923077,0.512654934084502,1,1,Other,0.0,0.0,1.0,0
-0.19230769230769232,0.04759468778442875,0,1,Other,0.0,0.0,1.0,0
-0.2692307692307692,0.33294136144901154,0,1,Other,0.0,0.0,1.0,0
0.7692307692307693,0.16937614463541079,1,1,Other,1.0,0.0,0.0,1
-0.8846153846153846,0.19112283335880043,1,1,Strong,0.0,0.0,1.0,0
0.6923076923076923,0.26988925133370095,1,1,Other,1.0,0.0,0.0,1
0.7307692307692307,0.08905069724490271,1,1,Elite,0.0,1.0,0.0,1
0.15384615384615385,0.5816862763335349,0,1,Other,0.0,0.0,0.0,0
-0.4230769230769231,-0.10296680640353616,1,1,Other,0.0,0.0,0.0,0
0.0,-0.2867019662815598,0,1,Other,0.0,0.0,1.0,0
0.6923076923076923,-0.6754583524336583,1,1,Elite,1.0,0.0,0.0,1
-0.19230769230769232,-0.6754583524336583,1,0,Other,1.0,0.0,0.0,0
0.2692307692307692,-0.16279456022747657,0,1,Other,0.0,1.0,0.0,0
0.11538461538461539,-0.6754583524336583,0,0,Other,0.0,0.0,1.0,0
-0.9615384615384616,0.0012667114001811486,1,1,Other,0.0,1.0,0.0,0
0.15384615384615385,-0.27317561447682825,1,1,Other,0.0,0.0,0.0,0
0.15384615384615385,0.5747415089367375,1,1,Other,0.0,1.0,0.0,0
0.6153846153846154,0.5224520166621269,1,1,Elite,0.0,0.0,0.0,1
-0.23076923076923078,0.4964534295325348,0,1,Other,0.0,1.0,0.0,0
0.2692307692307692,-0.2516946694038263,1,1,Other,0.0,0.0,1.0,0
-0.5,0.10305538762033205,0,1,Other,0.0,0.0,1.0,0
-0.15384615384615385,-0.0381962206823854,0,1,Other,0.0,1.0,0.0,0
-0.5384615384615384,-0.28068730166111927,1,1,Other,0.0,0.0,1.0,0
0.5,-0.13283639270710842,0,1,Other,1.0,0.0,0.0,0
0.4230769230769231,0.5247019795687423,1,1,Other,0.0,1.0,0.0,0
0.19230769230769232,0.29276092151039834,1,1,Other,0.0,0.0,0.0,0
-0.6923076923076923,-0.09103491650113052,1,1,Strong,1.0,0.0,0.0,0
0.5769230769230769,0.16842832561569482,0,1,Other,0.0,1.0,0.0,0
0.07692307692307693,0.43427827346350345,0,1,Other,0.0,1.0,0.0,0
-0.9230769230769231,-0.24559142356658983,0,0,Other,0.0,1.0,0.0,0
0.07692307692307693,-0.313108027008413,1,1,Other,0.0,1.0,0.0,0
-0.15384615384615385,-0.19005100063557023,1,1,Other,1.0,0.0,0.0,0
0.23076923076923078,-0.6754583524336583,0,0,Elite,1.0,0.0,0.0,0
0.3076923076923077,-0.30555204921572404,1,1,Other,1.0,0.0,0.0,1
-0.34615384615384615,-0.6754583524336583,1,0,Other,0.0,0.0,0.0,0
0.34615384615384615,-0.6754583524336583,1,1,Strong,0.0,0.0,1.0,1
0.4230769230769231,0.5345610689981243,1,1,Other,0.0,0.0,0.0,1
0.7307692307692307,-0.3102379955842263,1,1,Elite,1.0,0.0,0.0,1
0.2692307692307692,-0.6754583524336583,0,0,Other,0.0,0.0,1.0,0
0.6923076923076923,-0.6754583524336583,1,1,Elite,1.0,0.0,0.0,1
-0.23076923076923078,0.1118337862048042,0,1,Other,0.0,0.0,0.0,0
-0.07692307692307693,-0.13198601302586793,0,1,Other,0.0,0.0,1.0,0
-0.6153846153846154,0.12734435726576357,0,1,Other,0.0,0.0,0.0,0
-0.34615384615384615,0.35700887805245335,0,1,Other,1.0,0.0,0.0,0
0.8461538461538461,-0.20309901386960402,1,1,Other,0.0,1.0,0.0,1
-0.19230769230769232,-0.24647723573454866,0,1,Other,0.0,0.0,0.0,0
0.5384615384615384,-0.6754583524336583,0,0,Other,0.0,0.0,1.0,0
0.4230769230769231,0.5641649116513089,1,1,Elite,1.0,0.0,0.0,1
-0.46153846153846156,0.09536653800244926,0,1,Strong,0.0,0.0,1.0,0
-0.8076923076923077,-0.6754583524336583,1,0,Other,0.0,0.0,1.0,0
0.3076923076923077,-0.6754583524336583,1,1,Other,0.0,1.0,0.0,1
0.11538461538461539,0.5749275294920089,1,1,Other,1.0,0.0,0.0,0
0.23076923076923078,-0.6754583524336583,1,1,Elite,1.0,0.0,0.0,1
-0.34615384615384615,-0.019089252219513114,0,1,Other,0.0,0.0,1.0,0
-0.19230769230769232,-0.29342528063636747,1,1,Other,0.0,1.0,0.0,0
0.19230769230769232,0.17666637877771207,0,1,Other,0.0,1.0,0.0,0
-0.6923076923076923,-0.3104771648695752,0,1,Other,0.0,0.0,1.0,0
0.6923076923076923,0.5062948027185575,1,1,Other,0.0,0.0,0.0,1
-0.38461538461538464,0.45947962964193256,1,0,Other,0.0,0.0,0.0,0
0.3076923076923077,-0.04788700579985517,1,1,Other,1.0,0.0,0.0,1
-0.46153846153846156,0.12171944999922492,0,1,Other,1.0,0.0,0.0,0
-0.38461538461538464,0.11210838797687145,1,1,Other,1.0,0.0,0.0,0
0.19230769230769232,0.553552881879162,0,1,Other,0.0,0.0,0.0,0
0.34615384615384615,-0.6754583524336583,1,0,Other,0.0,0.0,1.0,0
0.0,-0.6754583524336583,1,0,Other,0.0,0.0,0.0,0
0.7692307692307693,-0.2837344955188977,1,1,Elite,1.0,0.0,0.0,1
0.8461538461538461,-0.6754583524336583,1,1,Other,0.0,0.0,0.0,1
-0.7692307692307693,0.012667114001811485,1,1,Other,1.0,0.0,0.0,0
-0.3076923076923077,-0.20698772928694334,1,1,Strong,0.0,0.0,1.0,0
0.6153846153846154,-0.6754583524336583,1,1,Other,0.0,0.0,1.0,1
-0.2692307692307692,0.5448364901464469,0,1,Other,0.0,1.0,0.0,0
0.6538461538461539,0.434437719653736,1,1,Other,0.0,0.0,0.0,1
-0.7692307692307693,-0.13156968130692728,1,1,Other,1.0,0.0,0.0,0
-0.23076923076923078,-0.6754583524336583,1,0,Other,0.0,1.0,0.0,0
0.6153846153846154,-0.6754583524336583,1,1,Elite,1.0,0.0,0.0,1
-0.7307692307692307,0.25700954241157936,1,1,Other,0.0,0.0,0.0,0
-0.5384615384615384,-0.11647544196490855,1,1,Other,0.0,0.0,1.0,0
0.6923076923076923,-0.23827461505924977,1,1,Strong,1.0,0.0,0.0,1
-0.8076923076923077,-0.0020728004730236975,0,1,Other,0.0,0.0,1.0,0
0.34615384615384615,0.563775154297407,0,0,Other,1.0,0.0,0.0,0
-0.6153846153846154,0.14892274167724104,0,1,Strong,0.0,1.0,0.0,0
0.19230769230769232,-0.6754583524336583,1,0,Strong,0.0,0.0,0.0,0
-0.19230769230769232,0.6378201934170868,0,1,Other,0.0,0.0,0.0,0
-0.8076923076923077,0.6128757227673658,0,1,Other,1.0,0.0,0.0,0
-0.5384615384615384,-0.6754583524336583,1,0,Other,0.0,0.0,0.0,0
0.7692307692307693,-0.6754583524336583,1,1,Elite,0.0,0.0,1.0,1
0.5769230769230769,-0.02012565245602496,1,1,Elite,0.0,0.0,0.0,1
0.9230769230769231,0.34727380232658567,1,1,Elite,0.0,0.0,1.0,1
-0.6538461538461539,0.6058157997887338,0,1,Elite,0.0,0.0,1.0,0
-0.23076923076923078,-0.6754583524336583,1,0,Other,1.0,0.0,0.0,0
-0.8076923076923077,0.03278390833615686,0,1,Other,0.0,0.0,1.0,0
-0.7692307692307693,-0.10385261857149501,0,1,Other,0.0,0.0,1.0,0
-0.11538461538461539,-0.6754583524336583,0,0,Strong,0.0,0.0,1.0,0
-0.6538461538461539,0.5097849026603154,1,1,Other,0.0,0.0,0.0,0
-0.07692307692307693,-0.0953399636374105,1,1,Other,0.0,1.0,0.0,0
0.0,-0.6754583524336583,1,0,Other,1.0,0.0,0.0,0
-0.2692307692307692,-0.265238737451917,1,0,Other,0.0,0.0,0.0,0
0.11538461538461539,0.13327044066940827,0,1,Strong,0.0,0.0,1.0,0
0.38461538461538464,0.5436583599630617,1,1,Elite,0.0,0.0,0.0,1
-0.23076923076923078,0.05455717142458527,0,1,Strong,1.0,0.0,0.0,0
0.11538461538461539,0.6259237360013996,0,1,Other,0.0,0.0,1.0,0
-0.8076923076923077,0.6417266250777853,0,1,Other,1.0,0.0,0.0,0
-0.19230769230769232,0.07804005199717426,1,1,Other,0.0,0.0,1.0,0
0.8076923076923077,0.5672741123608445,1,1,Elite,0.0,0.0,0.0,1
0.7307692307692307,0.02934695712447654,1,1,Elite,0.0,0.0,1.0,1
-0.6538461538461539,0.46157900447999506,0,1,Other,0.0,0.0,0.0,0
0.3076923076923077,-0.2863122089276579,1,1,Other,0.0,1.0,0.0,1
0.038461538461538464,0.6226462309799519,1,1,Other,0.0,1.0,0.0,0
0.3076923076923077,-0.2582496794467217,0,1,Strong,0.0,0.0,1.0,0
0.34615384615384615,-0.2471327367388382,1,1,Other,0.0,0.0,1.0,0
-0.23076923076923078,0.23590949657079965,0,1,Other,0.0,0.0,0.0,0
0.6153846153846154,-0.14064039790682584,1,1,Other,1.0,0.0,0.0,1
0.8461538461538461,0.527270834855823,1,1,Other,1.0,0.0,0.0,1
-0.2692307692307692,0.3098836707170428,1,1,Other,0.0,0.0,1.0,0
-0.6538461538461539,0.5880464076994794,0,1,Other,0.0,1.0,0.0,0
-0.6153846153846154,-0.26850738435168514,1,1,Other,0.0,1.0,0.0,0
-0.5384615384615384,0.43029211870768863,0,1,Other,1.0,0.0,0.0,0
0.6538461538461539,0.6316903732148117,1,1,Elite,1.0,0.0,0.0,1
0.0,-0.14886073482548393,1,1,Other,0.0,0.0,0.0,0
0.38461538461538464,0.37956165584868556,0,1,Other,0.0,0.0,0.0,0
-0.5384615384615384,-0.23638783514149742,0,1,Other,0.0,1.0,0.0,0
0.34615384615384615,0.18637488013854103,1,1,Other,0.0,0.0,0.0,1
-0.6153846153846154,0.6507353348259268,0,1,Other,1.0,0.0,0.0,0
-0.6923076923076923,-0.06009349747432806,1,1,Other,0.0,1.0,0.0,0
0.46153846153846156,0.38380469613320845,1,1,Other,0.0,0.0,0.0,0
0.07692307692307693,0.5227354765558737,0,1,Strong,0.0,0.0,1.0,0
-0.2692307692307692,0.408696018052852,0,0,Other,1.0,0.0,0.0,0
-0.4230769230769231,0.6305476755181447,1,1,Other,0.0,0.0,1.0,0
-0.34615384615384615,-0.19499383253278058,1,1,Other,0.0,0.0,0.0,0
0.46153846153846156,0.18977639886350298,1,1,Other,0.0,0.0,1.0,0
0.5,-0.20146026135888015,0,1,Other,0.0,0.0,0.0,0
0.15384615384615385,0.08914813658337818,1,1,Strong,0.0,0.0,0.0,0
-0.6153846153846154,-0.3187772248833496,0,0,Other,0.0,1.0,0.0,0
0.5,-0.19541902237340084,1,1,Other,0.0,0.0,1.0,0
0.7307692307692307,0.04588507030026818,1,1,Other,0.0,0.0,1.0,1
-0.4230769230769231,-0.6754583524336583,1,0,Other,1.0,0.0,0.0,0
-0.8461538461538461,-0.07459424266381436,0,1,Other,1.0,0.0,0.0,0
0.038461538461538464,-0.6754583524336583,0,0,Other,0.0,0.0,1.0,0
-0.38461538461538464,0.5692760478604314,1,0,Other,0.0,0.0,0.0,0
-0.3076923076923077,0.4596036433454468,1,1,Other,0.0,1.0,0.0,0
0.0,0.05609848459683366,0,1,Other,1.0,0.0,0.0,0
0.3076923076923077,0.3900408137956387,1,1,Other,1.0,0.0,0.0,0
0.8461538461538461,0.43741404853807775,1,1,Other,1.0,0.0,0.0,1
-0.4230769230769231,0.588117272672916,0,1,Other,0.0,1.0,0.0,0
-0.8076923076923077,0.1767283856294692,1,1,Other,0.0,1.0,0.0,0
-0.46153846153846156,-0.18389460606825625,1,1,Other,1.0,0.0,0.0,0
-0.9230769230769231,0.4382998607060366,0,1,Other,0.0,0.0,0.0,0
0.6923076923076923,-0.13977230198222618,1,1,Other,0.0,1.0,0.0,1
-0.7692307692307693,-0.22381816047816142,0,1,Other,1.0,0.0,0.0,0
-0.8846153846153846,-0.6754583524336583,1,0,Other,0.0,0.0,0.0,0
-0.34615384615384615,-0.14766488839873948,0,1,Other,0.0,1.0,0.0,0
0.038461538461538464,-0.020683714121839034,1,0,Other,1.0,0.0,0.0,0
0.5769230769230769,-0.6754583524336583,1,0,Other,0.0,0.0,0.0,0
-0.6153846153846154,0.401485507005667,1,1,Other,1.0,0.0,0.0,0
-0.34615384615384615,-0.6754583524336583,1,0,Other,0.0,0.0,1.0,0
0.34615384615384615,-0.6754583524336583,1,0,Other,0.0,1.0,0.0,0
0.5,-0.2621561111074202,0,1,Other,0.0,0.0,1.0,0
0.19230769230769232,-0.012551958419976837,1,1,Elite,0.0,1.0,0.0,1
0.23076923076923078,-0.252173007974524,0,1,Other,0.0,0.0,1.0,0
-0.6538461538461539,-0.0047568113419389985,1,0,Other,1.0,0.0,0.0,0
0.8461538461538461,0.22852182309002286,1,1,Other,1.0,0.0,0.0,1
0.0,-0.2913170476766254,1,1,Other,0.0,1.0,0.0,0
-0.5769230769230769,0.4669647424611848,0,1,Other,0.0,0.0,1.0,0
-0.6923076923076923,0.2131618400976165,1,1,Other,0.0,1.0,0.0,0
0.15384615384615385,0.47914465977061893,0,1,Other,1.0,0.0,0.0,0
0.6923076923076923,-0.16094321279644258,1,1,Other,1.0,0.0,0.0,1
-0.46153846153846156,-0.6754583524336583,1,0,Other,0.0,0.0,0.0,0
0.8461538461538461,0.20525153743774402,1,1,Other,0.0,0.0,0.0,1
-0.8076923076923077,0.631229750887473,0,1,Other,0.0,0.0,0.0,0
0.2692307692307692,0.5413818226914074,0,1,Other,0.0,1.0,0.0,0
-0.7692307692307693,0.33497872943531687,0,1,Other,0.0,0.0,0.0,0
-0.8076923076923077,0.0733275312636332,0,1,Other,1.0,0.0,0.0,0
-0.7307692307692307,0.397180459869387,0,1,Other,0.0,0.0,0.0,0
-0.8076923076923077,-0.1601548399669592,1,1,Other,0.0,1.0,0.0,0
0.5384615384615384,-0.6754583524336583,1,1,Other,0.0,1.0,0.0,1
0.46153846153846156,-0.6754583524336583,1,0,Other,1.0,0.0,0.0,0
-0.15384615384615385,-0.6754583524336583,0,0,Other,0.0,0.0,0.0,0
0.2692307692307692,0.10428666653379484,1,0,Other,0.0,0.0,1.0,0
0.07692307692307693,0.2748940900826684,1,0,Elite,1.0,0.0,0.0,0
-0.5384615384615384,-0.6754583524336583,0,0,Elite,0.0,0.0,0.0,0
-0.8076923076923077,0.5293436353288467,0,0,Other,0.0,1.0,0.0,0
0.23076923076923078,-0.2891910984735242,0,1,Other,0.0,1.0,0.0,0
0.7692307692307693,0.3421980986041815,1,1,Strong,1.0,0.0,0.0,1
-0.34615384615384615,0.0707941084632709,0,1,Other,0.0,0.0,0.0,0
0.5384615384615384,0.3164918294900158,1,1,Other,1.0,0.0,0.0,0
-0.3076923076923077,0.25778019899770355,0,1,Other,0.0,0.0,0.0,0
0.038461538461538464,-0.6754583524336583,1,0,Other,0.0,0.0,1.0,0
-0.9615384615384616,-0.19557846856363342,0,1,Other,0.0,0.0,1.0,0
0.7692307692307693,-0.6754583524336583,1,1,Other,0.0,0.0,0.0,1
-0.7692307692307693,-0.3161286465011527,1,1,Other,0.0,0.0,0.0,0
0.4230769230769231,0.08292973516430709,1,1,Other,1.0,0.0,0.0,0
0.0,-0.6754583524336583,0,0,Elite,1.0,0.0,0.0,0
0.6538461538461539,-0.15123471143561362,1,1,Strong,0.0,1.0,0.0,1
-0.5769230769230769,-0.2945591202113548,1,1,Other,0.0,1.0,0.0,0
0.11538461538461539,-0.09405553599387018,0,1,Elite,1.0,0.0,0.0,0
-0.11538461538461539,0.32036282866399596,1,0,Other,0.0,0.0,1.0,0
0.8076923076923077,0.10916749157924807,1,1,Elite,0.0,0.0,1.0,1
0.0,-0.6754583524336583,0,0,Other,0.0,0.0,0.0,0
0.6923076923076923,0.11159461691945531,1,1,Other,0.0,0.0,1.0,1
-0.5,-0.6754583524336583,1,0,Elite,1.0,0.0,0.0,0
0.8076923076923077,0.6442866222431864,1,1,Other,0.0,0.0,1.0,1
0.6153846153846154,0.3889955554374473,1,1,Other,1.0,0.0,0.0,1
-0.15384615384615385,-0.6754583524336583,0,0,Other,0.0,0.0,1.0,0
-0.038461538461538464,-0.015111955585377899,0,0,Other,0.0,0.0,1.0,0
-0.9615384615384616,0.30624298270673195,1,0,Strong,0.0,1.0,0.0,0
-0.6923076923076923,-0.13973686949550781,1,1,Other,0.0,0.0,1.0,0
-0.5384615384615384,0.26796703892923024,0,1,Other,0.0,0.0,1.0,0
0.7692307692307693,-0.6754583524336583,1,1,Other,1.0,0.0,0.0,1
0.38461538461538464,0.351463693881031,0,1,Other,0.0,0.0,1.0,0
-0.5,-0.008362066865531498,0,1,Other,0.0,1.0,0.0,0
-0.46153846153846156,-0.1846918370194192,0,1,Elite,0.0,1.0,0.0,0
-0.6153846153846154,-0.6754583524336583,1,0,Other,0.0,0.0,0.0,0
0.19230769230769232,-0.6754583524336583,1,0,Other,0.0,0.0,0.0,0
-0.7692307692307693,-0.2316487400429176,1,1,Other,0.0,0.0,0.0,0
0.0,0.3961883502412731,1,1,Strong,0.0,1.0,0.0,0
-0.3076923076923077,-0.20800641328009603,1,1,Other,0.0,1.0,0.0,0
0.6538461538461539,-0.6754583524336583,1,1,Elite,0.0,1.0,0.0,1
-0.23076923076923078,-0.13441313836607516,0,1,Other,0.0,0.0,1.0,0
0.6538461538461539,-0.6754583524336583,1,1,Other,0.0,0.0,0.0,1
-0.3076923076923077,-0.6754583524336583,0,0,Other,0.0,1.0,0.0,0
-0.8461538461538461,0.2780564395222815,0,1,Other,0.0,0.0,1.0,0
0.38461538461538464,0.5006698954520189,1,1,Other,1.0,0.0,0.0,0
0.8076923076923077,0.23831004754596813,1,1,Other,1.0,0.0,0.0,1
-0.038461538461538464,-0.6754583524336583,1,0,Other,1.0,0.0,0.0,0
0.07692307692307693,-0.06740144785998853,0,1,Other,0.0,0.0,0.0,0
-0.3076923076923077,0.2162267501987541,1,1,Other,0.0,1.0,0.0,0
0.11538461538461539,0.46079063165051165,1,1,Other,1.0,0.0,0.0,0
0.4230769230769231,-0.6754583524336583,0,0,Elite,0.0,0.0,1.0,0
-0.8461538461538461,-0.6754583524336583,1,0,Other,0.0,0.0,1.0,0
0.8076923076923077,0.5681333501637645,1,1,Other,0.0,1.0,0.0,1
-0.6153846153846154,0.5761410921621125,0,1,Other,1.0,0.0,0.0,0
-0.6153846153846154,0.47978244453154933,1,1,Other,0.0,0.0,0.0,0
-0.8461538461538461,-0.6754583524336583,0,0,Other,0.0,1.0,0.0,0
-0.5,-0.6754583524336583,1,0,Other,0.0,0.0,0.0,0
0.3076923076923077,-0.6754583524336583,1,0,Other,1.0,0.0,0.0,0
0.6153846153846154,-0.17306998137579918,1,1,Other,0.0,0.0,0.0,1
0.8076923076923077,-0.21907906537958158,1,1,Other,0.0,0.0,1.0,1
-0.2692307692307692,-0.13818669820157983,1,1,Other,1.0,0.0,0.0,0
0.5384615384615384,-0.6754583524336583,1,1,Other,0.0,0.0,0.0,1
-0.34615384615384615,-0.6754583524336583,0,0,Other,0.0,0.0,1.0,0
0.8461538461538461,-0.6754583524336583,1,1,Elite,1.0,0.0,0.0,1
0.4230769230769231,-0.16883579921295588,1,1,Other,0.0,0.0,1.0,0
-0.2692307692307692,0.26881741861047076,1,0,Other,0.0,0.0,0.0,0
-0.11538461538461539,0.36836499004568574,1,1,Other,0.0,0.0,0.0,0
-0.23076923076923078,-0.6754583524336583,0,0,Elite,0.0,0.0,1.0,0
-0.6923076923076923,-0.6754583524336583,1,0,Other,0.0,1.0,0.0,0
-0.8076923076923077,0.47775393466692356,0,1,Other,1.0,0.0,0.0,0
-0.5384615384615384,0.605877806640491,0,0,Other,0.0,0.0,0.0,0
0.7692307692307693,0.23528056993154886,1,1,Strong,0.0,1.0,0.0,1
0.4230769230769231,-0.6754583524336583,1,0,Elite,0.0,0.0,1.0,0
0.8076923076923077,0.5081638663929507,1,1,Other,0.0,1.0,0.0,1
-0.7307692307692307,0.011542132548503753,0,1,Other,0.0,1.0,0.0,0
0.46153846153846156,-0.13756662968400865,1,1,Elite,0.0,1.0,0.0,0
0.5384615384615384,0.344554358970952,0,1,Other,0.0,1.0,0.0,0
-0.5384615384615384,0.4280067233143548,1,1,Elite,0.0,1.0,0.0,0
-0.6923076923076923,0.4965685851143694,0,1,Other,1.0,0.0,0.0,0
0.6153846153846154,0.5934498619240283,1,1,Other,1.0,0.0,0.0,1
-0.8461538461538461,-0.0966509656459896,1,1,Other,0.0,1.0,0.0,0
0.8461538461538461,0.5056481598359476,1,1,Other,0.0,1.0,0.0,1
0.5769230769230769,0.6004566361725828,1,1,Other,0.0,0.0,1.0,0
0.46153846153846156,-0.0522363435445331,0,1,Other,0.0,0.0,1.0,0
0.8846153846153846,0.19744753223802658,1,1,Elite,0.0,0.0,0.0,1
0.5,0.6017322056944435,0,1,Other,0.0,0.0,1.0,0
0.6923076923076923,-0.6754583524336583,1,1,Other,0.0,0.0,1.0,1
0.5,-0.6754583524336583,0,0,Other,0.0,1.0,0.0,0
-0.8076923076923077,-0.6754583524336583,1,0,Other,0.0,1.0,0.0,0
-0.6538461538461539,0.013641507386566215,0,0,Other,0.0,0.0,1.0,0
0.7692307692307693,-0.22736140914999678,1,1,Other,0.0,1.0,0.0,1
0.5,-0.6754583524336583,1,0,Other,0.0,0.0,1.0,0
-0.9230769230769231,-0.14525547930189142,1,1,Other,1.0,0.0,0.0,0
0.46153846153846156,-0.1787391792507358,0,1,Other,0.0,0.0,0.0,0
0.19230769230769232,0.6071002274322741,1,1,Elite,0.0,0.0,0.0,1
-0.6153846153846154,-0.07165334626619098,1,0,Other,0.0,0.0,0.0,0
-0.46153846153846156,0.32065514667942235,0,1,Other,1.0,0.0,0.0,0
-0.2692307692307692,-0.3138786835945372,1,1,Other,0.0,0.0,1.0,0
0.4230769230769231,0.11358769429736272,0,1,Other,1.0,0.0,0.0,0
-0.7307692307692307,-0.6754583524336583,0,0,Other,1.0,0.0,0.0,0
0.15384615384615385,-0.6754583524336583,0,0,Strong,0.0,0.0,1.0,0
-0.9230769230769231,0.2969330968214845,1,1,Other,0.0,0.0,0.0,0
0.7692307692307693,0.5551296275381287,1,1,Other,1.0,0.0,0.0,1
0.5,-0.6754583524336583,0,0,Other,0.0,0.0,0.0,0
-0.7307692307692307,0.31913154975053315,1,1,Other,1.0,0.0,0.0,0
-0.7307692307692307,0.5419221681138623,0,1,Other,0.0,0.0,1.0,0
-0.23076923076923078,0.5491326791610472,0,1,Other,1.0,0.0,0.0,0
0.9230769230769231,-0.6754583524336583,1,1,Other,0.0,0.0,0.0,1
-0.19230769230769232,0.3042587634505041,0,1,Other,0.0,0.0,1.0,0
-0.7692307692307693,-0.6754583524336583,0,0,Other,0.0,1.0,0.0,0
0.5,0.4682580282264047,1,1,Other,0.0,0.0,1.0,1
-0.19230769230769232,0.59922535725912,0,1,Other,0.0,0.0,1.0,0
0.07692307692307693,0.08380668921058634,1,1,Other,0.0,0.0,1.0,0
-0.7307692307692307,0.3420297942922693,1,1,Other,0.0,1.0,0.0,0
0.07692307692307693,0.5282009376321798,1,1,Other,0.0,1.0,0.0,0
0.07692307692307693,-0.6754583524336583,1,0,Other,1.0,0.0,0.0,0
-0.15384615384615385,-0.28878362487626313,1,1,Other,1.0,0.0,0.0,0
-0.4230769230769231,0.31996421318841445,1,1,Other,0.0,0.0,1.0,0
-0.19230769230769232,0.30603038778642183,1,1,Other,0.0,0.0,0.0,0
-0.9615384615384616,0.12752151969935535,0,1,Other,0.0,1.0,0.0,0
-0.07692307692307693,0.37256373972181067,1,1,Strong,1.0,0.0,0.0,0
0.3076923076923077,0.03998556126166227,1,1,Other,1.0,0.0,0.0,0
0.38461538461538464,-0.1548045344724878,0,1,Other,1.0,0.0,0.0,0
0.6538461538461539,-0.2611108527492288,1,1,Other,0.0,1.0,0.0,1
-0.07692307692307693,-0.3137901023777413,0,1,Other,0.0,0.0,1.0,0
-0.07692307692307693,-0.293779605503551,1,1,Other,1.0,0.0,0.0,0
0.038461538461538464,-0.20236378977019817,1,0,Other,0.0,0.0,0.0,0
-0.7307692307692307,-0.6754583524336583,1,0,Strong,0.0,1.0,0.0,0
0.7307692307692307,0.2933189831762124,1,1,Elite,1.0,0.0,0.0,1
0.2692307692307692,0.5151883568848643,0,0,Other,1.0,0.0,0.0,0
0.7692307692307693,0.3614910876223251,1,1,Other,0.0,0.0,0.0,1
-0.46153846153846156,-0.1464158932419175,1,1,Other,1.0,0.0,0.0,0
-0.9230769230769231,-0.6754583524336583,1,0,Strong,0.0,0.0,0.0,0
0.6538461538461539,-0.6754583524336583,1,1,Other,0.0,0.0,0.0,1
0.5384615384615384,0.6339314779997476,1,1,Other,0.0,1.0,0.0,0
-0.2692307692307692,0.5733685000764013,1,1,Other,0.0,0.0,0.0,0
0.6538461538461539,-0.6754583524336583,1,1,Other,0.0,0.0,1.0,1
0.07692307692307693,-0.6754583524336583,0,0,Strong,1.0,0.0,0.0,0
0.6153846153846154,-0.6754583524336583,1,1,Elite,0.0,0.0,1.0,1
-0.9230769230769231,0.0888912510546701,1,1,Other,0.0,0.0,0.0,0
0.7307692307692307,0.22663504317227054,1,1,Strong,0.0,0.0,1.0,1
0.3076923076923077,0.28299041329781227,1,1,Other,0.0,0.0,0.0,0
-0.9230769230769231,0.031614636274451186,0,1,Other,0.0,0.0,0.0,0
0.19230769230769232,-0.6754583524336583,0,0,Other,1.0,0.0,0.0,0
0.6538461538461539,0.5647672639255209,1,1,Other,0.0,0.0,0.0,1
-0.4230769230769231,-0.6754583524336583,1,0,Other,1.0,0.0,0.0,0
0.2692307692307692,0.07120158206053197,1,0,Other,0.0,0.0,1.0,0
0.07692307692307693,-0.6754583524336583,0,0,Other,1.0,0.0,0.0,0
-0.5,-0.14007347811933218,0,1,Other,0.0,1.0,0.0,0
0.038461538461538464,-0.23852264246627825,0,1,Other,0.0,0.0,1.0,0
0.11538461538461539,-0.6754583524336583,0,0,Other,0.0,1.0,0.0,0
-0.9230769230769231,0.3811915502377298,0,1,Other,0.0,0.0,0.0,0
-0.5,0.2726884177844509,0,1,Other,1.0,0.0,0.0,0
-0.038461538461538464,0.45605153655193187,1,1,Other,0.0,1.0,0.0,0
-0.11538461538461539,-0.26979181199522545,0,1,Other,0.0,0.0,0.0,0
-0.46153846153846156,-0.009602203900673881,0,1,Other,0.0,0.0,1.0,0
0.5769230769230769,0.516897974369025,0,1,Other,0.0,0.0,0.0,0
-0.4230769230769231,0.024900180041323137,0,1,Strong,0.0,0.0,0.0,0
0.07692307692307693,0.19159231380781863,1,0,Other,0.0,1.0,0.0,0
-0.6153846153846154,-0.6754583524336583,0,0,Other,0.0,1.0,0.0,0
0.8461538461538461,0.32855659121761527,1,1,Other,1.0,0.0,0.0,1
-0.15384615384615385,0.09570314662627363,0,1,Other,0.0,1.0,0.0,0
-0.9230769230769231,-0.29921849221481833,1,1,Other,0.0,1.0,0.0,0
-0.8846153846153846,0.46136640955968494,1,1,Other,0.0,0.0,0.0,0
-0.8076923076923077,0.11230326665382238,0,1,Other,0.0,1.0,0.0,0
0.23076923076923078,-0.6754583524336583,1,1,Other,0.0,1.0,0.0,1
-0.07692307692307693,-0.6754583524336583,1,0,Other,0.0,0.0,0.0,0
0.9230769230769231,-0.6754583524336583,1,1,Other,0.0,0.0,1.0,1
0.15384615384615385,-0.6754583524336583,0,0,Other,0.0,0.0,0.0,0
-0.7692307692307693,-0.6754583524336583,0,0,Other,0.0,1.0,0.0,0
-0.9230769230769231,0.38569147605096077,1,1,Other,0.0,1.0,0.0,0
-0.5384615384615384,0.579702057077307,0,1,Other,0.0,0.0,1.0,0
0.6153846153846154,-0.6754583524336583,1,1,Other,0.0,1.0,0.0,1
-0.6538461538461539,-0.28639193202277424,0,1,Other,0.0,1.0,0.0,0
0.38461538461538464,0.3141178528798861,0,1,Other,0.0,1.0,0.0,0
-0.6153846153846154,0.22525317619025473,1,1,Other,0.0,1.0,0.0,0
0.9230769230769231,0.3059860971780239,1,1,Other,0.0,0.0,1.0,1
-0.23076923076923078,0.27640882888987806,0,1,Other,0.0,0.0,0.0,0
-0.7307692307692307,0.1555663329369324,1,1,Other,0.0,1.0,0.0,0
0.0,0.6233725969576781,0,1,Other,1.0,0.0,0.0,0
0.4230769230769231,0.02997588376372732,1,1,Strong,0.0,0.0,1.0,1
-0.8076923076923077,-0.6754583524336583,0,0,Other,0.0,0.0,1.0,0
-0.2692307692307692,0.17997045816419857,0,1,Other,0.0,0.0,0.0,0
0.5384615384615384,0.16733877664910543,1,1,Other,0.0,0.0,1.0,1
-0.6153846153846154,-0.6754583524336583,0,0,Other,0.0,1.0,0.0,0
0.7307692307692307,-0.04495496752391139,1,1,Other,1.0,0.0,0.0,1
-0.8846153846153846,-0.6754583524336583,1,0,Strong,1.0,0.0,0.0,0
0.038461538461538464,0.4060740140356938,1,1,Other,1.0,0.0,0.0,0
-0.5769230769230769,-0.09293055454056244,0,1,Other,0.0,0.0,0.0,0
0.38461538461538464,-0.6754583524336583,1,0,Other,0.0,1.0,0.0,0
0.5,0.1528646058246579,1,1,Other,0.0,0.0,0.0,0
-0.4230769230769231,0.5360846659270135,0,1,Other,0.0,0.0,1.0,0
-0.38461538461538464,0.6296618633501859,1,1,Other,0.0,0.0,0.0,0
0.38461538461538464,0.19987465757823383,1,1,Other,0.0,0.0,1.0,0
-0.7307692307692307,-0.1874555709834508,0,1,Other,0.0,0.0,1.0,0
-0.5769230769230769,0.2892442472036017,0,1,Other,0.0,0.0,1.0,0
0.2692307692307692,0.042802443955771395,0,1,Other,0.0,0.0,0.0,0
0.2692307692307692,0.4086783018094928,1,0,Other,0.0,1.0,0.0,0
-0.34615384615384615,0.1494099383696184,1,1,Other,0.0,0.0,1.0,0
-0.8076923076923077,0.40658778509310994,0,1,Other,0.0,0.0,0.0,0
0.5,0.020524267931606444,0,1,Other,0.0,1.0,0.0,0
-0.15384615384615385,0.0005580616658140725,0,1,Other,0.0,0.0,0.0,0
0.38461538461538464,0.3539882585597137,1,1,Elite,1.0,0.0,0.0,1
0.19230769230769232,0.5018568837570837,1,1,Elite,0.0,0.0,1.0,1
0.5769230769230769,-0.6754583524336583,1,1,Other,0.0,0.0,1.0,1
0.23076923076923078,-0.6754583524336583,1,1,Other,0.0,0.0,1.0,1
-0.5384615384615384,-0.6754583524336583,0,0,Other,1.0,0.0,0.0,0
0.3076923076923077,0.2930443814041452,0,1,Other,1.0,0.0,0.0,0
0.5769230769230769,0.51205258181029,1,1,Elite,1.0,0.0,0.0,1
-0.2692307692307692,0.3186443530581558,1,1,Strong,0.0,0.0,1.0,0
0.5384615384615384,-0.16434473152140455,0,1,Other,0.0,1.0,0.0,0
0.6923076923076923,-0.08743851909921761,1,1,Strong,0.0,0.0,0.0,1
0.6923076923076923,0.49332651257964005,1,1,Other,0.0,0.0,1.0,1
-0.5769230769230769,0.429078556037585,0,1,Other,0.0,0.0,0.0,0
-0.34615384615384615,0.5528796646315132,0,1,Other,1.0,0.0,0.0,0
-0.9615384615384616,0.38891583234233096,1,1,Other,0.0,0.0,1.0,0
0.5384615384615384,0.6053463193397156,1,0,Other,1.0,0.0,0.0,0
0.15384615384615385,-0.6754583524336583,0,0,Other,0.0,0.0,0.0,0
-0.38461538461538464,0.1170512198740818,1,1,Other,0.0,1.0,0.0,0
-0.3076923076923077,0.0852151305576409,0,1,Other,0.0,0.0,0.0,0
0.9230769230769231,-0.6754583524336583,1,1,Other,0.0,0.0,1.0,1
-0.7307692307692307,0.270296724930962,0,1,Strong,0.0,0.0,0.0,0
-0.23076923076923078,-0.11451779707371951,0,1,Other,0.0,1.0,0.0,0
-0.11538461538461539,0.2605085004750168,0,1,Other,0.0,0.0,0.0,0
0.9230769230769231,-0.23828347318092935,1,1,Elite,0.0,1.0,0.0,1
0.8076923076923077,0.30248713911458647,1,1,Other,1.0,0.0,0.0,1
-0.6923076923076923,0.5584868556546927,1,1,Other,1.0,0.0,0.0,0
0.4230769230769231,-0.1849310063047681,1,1,Other,0.0,0.0,1.0,0
0.9230769230769231,0.5304331842954361,1,1,Other,1.0,0.0,0.0,1
-0.2692307692307692,0.44555466236161956,1,1,Other,0.0,0.0,0.0,0
-0.46153846153846156,0.1560003808992322,0,1,Other,1.0,0.0,0.0,0
0.15384615384615385,0.226280718305087,0,1,Other,0.0,1.0,0.0,0
0.8461538461538461,-0.6754583524336583,1,1,Elite,0.0,1.0,0.0,1
-0.5384615384615384,-0.0671091298445621,1,1,Other,0.0,1.0,0.0,0
-0.6538461538461539,0.40671179879662417,0,1,Other,0.0,1.0,0.0,0
-0.07692307692307693,0.39798654894222957,1,1,Elite,0.0,1.0,0.0,0
-0.6538461538461539,0.5989418973653732,1,1,Other,0.0,1.0,0.0,0
-0.038461538461538464,-0.6754583524336583,1,0,Strong,1.0,0.0,0.0,0
0.15384615384615385,-0.6754583524336583,1,0,Other,1.0,0.0,0.0,0
0.5,0.5963376095915741,1,1,Other,1.0,0.0,0.0,0
-0.11538461538461539,-0.6754583524336583,1,0,Other,0.0,0.0,0.0,0
0.6923076923076923,0.0487816760894936,1,1,Elite,0.0,0.0,0.0,1
-0.07692307692307693,0.5640940466778722,1,1,Other,0.0,0.0,1.0,0
0.11538461538461539,0.23205621364017867,0,1,Other,1.0,0.0,0.0,0
-0.7307692307692307,0.37549577799775447,1,1,Other,0.0,0.0,0.0,0
0.19230769230769232,-0.6754583524336583,0,0,Other,0.0,0.0,0.0,0
0.5384615384615384,0.36823211822049196,1,1,Elite,0.0,1.0,0.0,1
-0.6538461538461539,0.0921953304411566,1,1,Other,0.0,1.0,0.0,0
0.11538461538461539,0.45190593560588443,0,1,Other,0.0,0.0,1.0,0
-0.34615384615384615,-0.6754583524336583,1,0,Other,0.0,0.0,1.0,0
-0.11538461538461539,0.33046994550040637,1,1,Other,1.0,0.0,0.0,0
-0.07692307692307693,-0.2859844584255132,1,1,Other,0.0,0.0,0.0,0
0.6538461538461539,-0.6754583524336583,1,1,Other,0.0,1.0,0.0,1
-0.15384615384615385,0.44193169059466786,0,1,Other,0.0,0.0,0.0,0
0.9230769230769231,0.5064542489087901,1,1,Other,0.0,0.0,0.0,1
-0.6923076923076923,0.15584093470899962,0,1,Other,0.0,0.0,1.0,0
-0.11538461538461539,0.16920784032349862,1,1,Other,0.0,1.0,0.0,0
-0.15384615384615385,0.2245888170642856,1,1,Other,0.0,0.0,1.0,0
0.07692307692307693,0.5332412088678656,0,1,Other,0.0,0.0,0.0,0
-0.07692307692307693,-0.6754583524336583,0,0,Strong,0.0,1.0,0.0,0
0.5384615384615384,0.4741043885349331,1,1,Elite,0.0,0.0,1.0,1
-0.15384615384615385,0.4117697862756692,1,1,Other,0.0,0.0,1.0,0
-0.07692307692307693,0.6051957312711626,1,1,Other,0.0,1.0,0.0,0
0.5769230769230769,0.363581604338708,0,0,Other,0.0,0.0,1.0,0
0.6538461538461539,0.5277934640349187,1,1,Elite,0.0,1.0,0.0,1
-0.8076923076923077,0.512291751095639,0,1,Strong,0.0,0.0,0.0,0
0.8076923076923077,0.12926656967023428,1,1,Other,1.0,0.0,0.0,1
-0.7692307692307693,0.40827082821223176,1,1,Other,0.0,0.0,1.0,0
0.9230769230769231,0.4811643115135651,1,1,Other,0.0,0.0,1.0,1
-0.6923076923076923,-0.1802539180579454,1,1,Other,1.0,0.0,0.0,0
-0.2692307692307692,-0.6754583524336583,1,0,Other,0.0,0.0,0.0,0
-0.5769230769230769,0.3789947360611919,0,1,Other,0.0,0.0,0.0,0
0.8076923076923077,0.144661985149359,1,1,Other,0.0,0.0,0.0,1
0.5,0.21807809762978808,1,1,Other,0.0,0.0,1.0,1
0.038461538461538464,-0.15483996695920613,1,1,Other,0.0,0.0,1.0,0
-0.9230769230769231,-0.6754583524336583,0,0,Other,0.0,0.0,1.0,0
0.4230769230769231,-0.6754583524336583,1,0,Other,1.0,0.0,0.0,0
-0.8461538461538461,0.49431862220775397,1,1,Other,0.0,1.0,0.0,0
-0.23076923076923078,-0.2504456742470043,1,1,Other,0.0,0.0,1.0,0
-0.5769230769230769,-0.6754583524336583,0,0,Other,0.0,1.0,0.0,0
0.6923076923076923,0.11457094580379704,1,1,Other,0.0,1.0,0.0,1
-0.7307692307692307,0.3929108452198254,1,0,Elite,0.0,0.0,1.0,0
-0.7692307692307693,-0.6754583524336583,0,0,Strong,0.0,1.0,0.0,0
-0.3076923076923077,-0.6754583524336583,1,0,Other,0.0,0.0,1.0,0
0.5769230769230769,0.6485650950144277,1,1,Other,1.0,0.0,0.0,1
-0.15384615384615385,0.4066586500665466,1,1,Other,0.0,0.0,1.0,0
-0.7692307692307693,-0.04527385990437657,0,1,Other,0.0,1.0,0.0,0
0.38461538461538464,0.10112431709418176,0,1,Other,0.0,0.0,1.0,0
0.4230769230769231,0.28805725889853684,0,1,Other,1.0,0.0,0.0,0
0.34615384615384615,0.13340331249460208,1,1,Elite,0.0,0.0,0.0,1
-0.5,0.0035078161851170267,1,1,Other,0.0,0.0,0.0,0
0.6538461538461539,-0.6754583524336583,1,1,Other,0.0,1.0,0.0,1
0.8076923076923077,0.22775116650389868,1,1,Other,0.0,0.0,1.0,1
0.3076923076923077,0.3834326550226657,1,1,Other,0.0,0.0,0.0,0
0.19230769230769232,0.03814307195230787,1,1,Elite,1.0,0.0,0.0,1
-0.15384615384615385,-0.6754583524336583,0,0,Elite,0.0,1.0,0.0,0
0.07692307692307693,-0.03591082528905158,1,0,Other,0.0,0.0,1.0,0
-0.6153846153846154,-0.6754583524336583,1,0,Other,0.0,0.0,0.0,0
0.8846153846153846,0.11720180794263481,1,1,Elite,0.0,0.0,0.0,1
-0.23076923076923078,-0.6754583524336583,0,0,Other,1.0,0.0,0.0,0
-0.07692307692307693,-0.07247715158239271,1,1,Other,0.0,0.0,0.0,0
-0.7692307692307693,-0.6754583524336583,0,0,Strong,0.0,0.0,0.0,0
0.4230769230769231,-0.3194061515226004,0,1,Other,0.0,0.0,1.0,0
0.7692307692307693,0.25285508334385237,1,1,Other,1.0,0.0,0.0,1
-0.38461538461538464,0.5752375637507945,0,1,Other,0.0,0.0,1.0,0
-0.5,-0.6754583524336583,1,0,Elite,1.0,0.0,0.0,0
0.2692307692307692,-0.6754583524336583,0,0,Other,0.0,0.0,1.0,0
0.9230769230769231,0.33671492128451624,1,1,Other,0.0,0.0,1.0,1
0.3076923076923077,-0.13004608437803805,0,0,Other,0.0,0.0,1.0,0
0.46153846153846156,-0.2440058197859435,1,1,Other,0.0,1.0,0.0,1
0.5384615384615384,-0.29494001944357706,1,1,Other,0.0,1.0,0.0,0
0.9230769230769231,-0.6754583524336583,1,1,Other,0.0,0.0,1.0,1
0.6538461538461539,0.05767523025580041,1,1,Other,0.0,0.0,0.0,1
-0.5769230769230769,0.09192072866908936,0,1,Other,1.0,0.0,0.0,0
0.038461538461538464,-0.2497370245126372,1,1,Strong,1.0,0.0,0.0,0
-0.9615384615384616,-0.6754583524336583,1,0,Other,0.0,1.0,0.0,0
0.6538461538461539,0.5990393367038487,1,1,Other,0.0,0.0,1.0,1
0.8076923076923077,-0.17642720949236318,1,1,Other,0.0,0.0,0.0,1
-0.038461538461538464,-0.6754583524336583,0,0,Other,0.0,1.0,0.0,0
-0.46153846153846156,-0.6754583524336583,1,0,Other,1.0,0.0,0.0,0
-0.7692307692307693,-0.6754583524336583,1,0,Other,0.0,1.0,0.0,0
-0.7307692307692307,-0.012720262731889016,1,1,Other,1.0,0.0,0.0,0
-0.6538461538461539,0.22147961635475005,0,1,Other,0.0,1.0,0.0,0
-0.8076923076923077,0.45828378321518815,0,1,Other,0.0,1.0,0.0,0
0.6538461538461539,0.12318104007635701,1,1,Other,1.0,0.0,0.0,1
-0.11538461538461539,-0.07315036883004143,1,1,Other,0.0,1.0,0.0,0
-0.038461538461538464,0.52001603320024,0,1,Strong,1.0,0.0,0.0,0
-0.3076923076923077,0.5288121480280714,0,1,Other,0.0,0.0,1.0,0
0.46153846153846156,0.004189891554445338,1,1,Other,0.0,0.0,1.0,1
-0.8076923076923077,-0.6754583524336583,0,0,Other,1.0,0.0,0.0,0
-0.7692307692307693,-0.26019846621623116,1,1,Other,1.0,0.0,0.0,0
-0.038461538461538464,0.09437442837433536,1,1,Other,0.0,0.0,0.0,0
-0.038461538461538464,-0.6754583524336583,0,0,Other,0.0,0.0,1.0,0
-0.19230769230769232,0.6226993797100294,0,1,Other,1.0,0.0,0.0,0
0.4230769230769231,-0.6754583524336583,1,0,Other,0.0,0.0,1.0,0
0.34615384615384615,0.6035126881520408,0,1,Elite,1.0,0.0,0.0,0
-0.8846153846153846,0.5513826420676627,0,1,Other,1.0,0.0,0.0,0
0.8076923076923077,0.2186981661473593,1,1,Elite,1.0,0.0,0.0,1
0.4230769230769231,0.11356997805400354,1,1,Other,0.0,0.0,0.0,0
-0.9615384615384616,0.21495118067689337,1,1,Other,0.0,0.0,0.0,0
0.8076923076923077,0.06576269534926467,1,1,Elite,0.0,0.0,1.0,1
0.19230769230769232,0.2381683175990947,1,1,Other,1.0,0.0,0.0,0
-0.7692307692307693,-0.6754583524336583,1,0,Other,0.0,0.0,1.0,0
-0.5384615384615384,-0.05189087679902915,1,1,Other,0.0,0.0,1.0,0
-0.2692307692307692,0.17469987576484344,1,1,Other,0.0,0.0,1.0,0
-0.5,0.5111667696423312,0,1,Strong,1.0,0.0,0.0,0
0.11538461538461539,0.16475220511866562,1,1,Other,0.0,0.0,0.0,0
0.5769230769230769,-0.21940681588172636,1,1,Other,0.0,0.0,1.0,0
-0.11538461538461539,-0.18303536826533617,1,1,Other,1.0,0.0,0.0,0
-0.34615384615384615,-0.12568788851168053,0,1,Other,0.0,1.0,0.0,0
0.0,-0.6754583524336583,0,0,Other,1.0,0.0,0.0,0
0.5,0.24657467507302414,0,1,Other,1.0,0.0,0.0,0
0.9230769230769231,-0.6754583524336583,1,1,Elite,0.0,0.0,1.0,1
-0.38461538461538464,0.3711995889831541,1,1,Other,1.0,0.0,0.0,0
0.7692307692307693,-0.6754583524336583,1,1,Other,0.0,0.0,0.0,1
0.38461538461538464,0.5248791420023341,0,1,Other,0.0,0.0,1.0,0
-0.9230769230769231,-0.26735582853333867,0,1,Elite,1.0,0.0,0.0,0
0.5384615384615384,0.4772844542179054,0,1,Other,0.0,0.0,0.0,0
-0.8461538461538461,0.5834579006694526,0,1,Other,1.0,0.0,0.0,0
-0.038461538461538464,-0.6754583524336583,0,0,Other,0.0,0.0,0.0,0
-0.3076923076923077,-0.6754583524336583,1,0,Other,0.0,0.0,0.0,0
-0.5384615384615384,0.3126385465593948,1,1,Other,1.0,0.0,0.0,0
-0.23076923076923078,-0.24824000194878676,0,1,Elite,0.0,0.0,1.0,0
-0.8846153846153846,-0.6754583524336583,0,0,Other,1.0,0.0,0.0,0
-0.8076923076923077,-0.20558814606156836,0,1,Strong,0.0,0.0,0.0,0
-0.5384615384615384,-0.09576515347803075,0,1,Other,0.0,0.0,1.0,0
0.8076923076923077,0.5959212778726335,1,1,Elite,0.0,0.0,0.0,1
0.6923076923076923,-0.6754583524336583,1,1,Other,0.0,0.0,1.0,1
-0.3076923076923077,0.15331637003031692,1,1,Other,0.0,0.0,0.0,0
-0.15384615384615385,-0.19125570518399426,1,0,Other,0.0,1.0,0.0,0
-0.7692307692307693,-0.2956132366912258,0,1,Other,0.0,1.0,0.0,0
0.6153846153846154,-0.22180736685689484,1,1,Other,0.0,1.0,0.0,1
0.4230769230769231,0.12183460558105956,1,1,Other,0.0,0.0,0.0,0
-0.7307692307692307,-0.1619176061811973,1,0,Other,0.0,1.0,0.0,0
-0.5384615384615384,0.3958783159824875,0,1,Other,0.0,0.0,0.0,0
-0.7307692307692307,-0.274752360135795,1,1,Other,0.0,0.0,0.0,0
0.5384615384615384,0.5746972183283395,1,1,Other,0.0,1.0,0.0,0
-0.19230769230769232,-0.6754583524336583,0,0,Other,0.0,0.0,0.0,0
-0.15384615384615385,-0.07335410562867196,1,1,Other,0.0,0.0,1.0,0
0.4230769230769231,-0.6754583524336583,0,0,Other,1.0,0.0,0.0,0
-0.4230769230769231,0.6054171843131523,1,1,Other,0.0,0.0,1.0,0
-0.9615384615384616,-0.6754583524336583,1,0,Other,0.0,1.0,0.0,0
0.8846153846153846,-0.6754583524336583,1,1,Other,0.0,0.0,1.0,1
0.8461538461538461,0.48385718050416,1,1,Other,1.0,0.0,0.0,1
0.15384615384615385,0.6344895396655617,1,1,Other,1.0,0.0,0.0,0
0.0,0.6108649291460992,1,1,Other,1.0,0.0,0.0,0
-0.7307692307692307,-0.6754583524336583,1,0,Other,0.0,0.0,0.0,0
0.19230769230769232,-0.0609084446688502,0,1,Other,0.0,0.0,0.0,0
0.19230769230769232,-0.6754583524336583,1,0,Other,0.0,0.0,0.0,0
-0.23076923076923078,0.3382739507001238,0,1,Other,1.0,0.0,0.0,0
0.23076923076923078,-0.08197305802291154,1,1,Other,0.0,1.0,0.0,0
0.2692307692307692,0.6183766163303902,1,1,Elite,0.0,1.0,0.0,1
-0.38461538461538464,-0.043635107393652714,1,1,Other,0.0,0.0,1.0,0
-0.6538461538461539,-0.6754583524336583,0,0,Other,0.0,1.0,0.0,0
-0.8846153846153846,-0.26466295954274377,1,1,Other,0.0,1.0,0.0,0
-0.46153846153846156,0.10821081443785252,0,1,Other,0.0,1.0,0.0,0
-0.8846153846153846,0.055416409227505355,1,1,Elite,0.0,0.0,0.0,0
-0.6153846153846154,-0.025369660490341325,0,1,Other,1.0,0.0,0.0,0
0.038461538461538464,-0.044086871599311725,0,1,Other,1.0,0.0,0.0,0
-0.7692307692307693,0.5887904899205648,0,1,Elite,0.0,1.0,0.0,0
-0.34615384615384615,-0.6754583524336583,0,0,Other,1.0,0.0,0.0,0
-0.8846153846153846,-0.6754583524336583,0,0,Other,0.0,1.0,0.0,0
0.46153846153846156,0.41670376005119997,0,1,Other,0.0,0.0,1.0,0
0.038461538461538464,-0.27338820939713837,1,1,Other,0.0,0.0,0.0,0
0.9230769230769231,0.30538374490381187,1,1,Strong,0.0,0.0,0.0,1
0.38461538461538464,-0.6754583524336583,0,0,Other,1.0,0.0,0.0,0
-0.8461538461538461,0.18820851132621583,1,1,Other,0.0,1.0,0.0,0
0.5769230769230769,-0.2377165533934357,0,1,Elite,0.0,1.0,0.0,0
-0.5,0.49430976408607435,1,1,Other,0.0,0.0,1.0,0
0.4230769230769231,-0.6754583524336583,1,0,Other,1.0,0.0,0.0,0
-0.4230769230769231,-0.6754583524336583,0,0,Other,0.0,0.0,1.0,0
0.15384615384615385,0.02951526143638872,0,1,Other,0.0,0.0,0.0,0
-0.7692307692307693,-0.6754583524336583,0,0,Other,0.0,0.0,0.0,0
0.23076923076923078,0.28738404165088816,0,1,Other,0.0,1.0,0.0,0
0.8076923076923077,0.22929247967614708,1,1,Strong,0.0,0.0,0.0,1
-0.9230769230769231,-0.6754583524336583,1,0,Other,0.0,0.0,1.0,0
-0.15384615384615385,-0.6754583524336583,1,0,Other,1.0,0.0,0.0,0
-0.2692307692307692,0.026299763266698112,0,1,Other,1.0,0.0,0.0,0
-0.8846153846153846,-0.06846442246153914,1,1,Other,0.0,0.0,1.0,0
0.6923076923076923,0.32278109588252357,1,1,Strong,1.0,0.0,0.0,1
-0.9230769230769231,0.017432783465430073,1,0,Other,1.0,0.0,0.0,0
-0.8076923076923077,0.591368203329325,1,1,Other,1.0,0.0,0.0,0
-0.7307692307692307,0.19373597925427902,0,1,Other,0.0,0.0,0.0,0
0.4230769230769231,-0.15925131155564118,1,1,Other,1.0,0.0,0.0,1
0.5384615384615384,-0.6754583524336583,0,0,Strong,0.0,0.0,1.0,0
0.5769230769230769,0.5330729045559535,1,1,Elite,0.0,1.0,0.0,1
-0.34615384615384615,-0.13340331249460208,1,1,Strong,1.0,0.0,0.0,0
0.3076923076923077,0.6467314638267528,1,1,Elite,0.0,0.0,0.0,1
0.8846153846153846,0.33286163835389526,1,1,Strong,1.0,0.0,0.0,1
-0.5,0.060492112949909534,1,1,Other,0.0,0.0,1.0,0
-0.7692307692307693,0.443198401994849,0,1,Other,0.0,0.0,1.0,0
0.5,-0.6754583524336583,1,0,Other,0.0,0.0,1.0,0
0.38461538461538464,-0.014288150269176172,1,1,Other,0.0,1.0,0.0,0
0.11538461538461539,0.1518104893447869,1,1,Other,0.0,0.0,0.0,0
0.19230769230769232,-0.6754583524336583,1,1,Elite,0.0,0.0,1.0,1
-0.15384615384615385,-0.6754583524336583,1,0,Other,1.0,0.0,0.0,0
0.7692307692307693,-0.6754583524336583,1,1,Strong,0.0,1.0,0.0,1
0.038461538461538464,-0.6754583524336583,1,0,Other,1.0,0.0,0.0,0
-0.38461538461538464,0.15450335833538179,1,1,Other,0.0,0.0,1.0,0
0.8461538461538461,0.6134692169198982,1,1,Elite,0.0,0.0,1.0,1
0.9230769230769231,0.5104049711778866,1,1,Other,1.0,0.0,0.0,1
0.0,-0.6754583524336583,1,0,Other,0.0,0.0,0.0,0
-0.6153846153846154,0.2889785035532141,1,1,Other,0.0,0.0,0.0,0
0.19230769230769232,-0.6754583524336583,0,0,Other,1.0,0.0,0.0,0
0.5,0.05217433669277598,0,1,Other,0.0,0.0,1.0,0
-0.3076923076923077,0.5538009092861904,1,1,Other,0.0,0.0,0.0,0
-0.8846153846153846,-0.32089431596477125,1,1,Other,0.0,0.0,1.0,0
-0.5384615384615384,0.32418953722957816,0,1,Other,1.0,0.0,0.0,0
0.3076923076923077,-0.024049800360082647,1,1,Other,0.0,1.0,0.0,0
-0.07692307692307693,-0.6754583524336583,1,0,Other,0.0,0.0,1.0,0
-0.38461538461538464,-0.6754583524336583,0,0,Other,0.0,0.0,0.0,0
-0.34615384615384615,-0.13749576471057195,1,1,Other,1.0,0.0,0.0,0
-0.7307692307692307,0.14333326689742074,0,1,Other,0.0,1.0,0.0,0
0.038461538461538464,-0.6754583524336583,0,0,Other,0.0,0.0,1.0,0
-0.7307692307692307,0.42392312922006453,0,1,Other,0.0,0.0,0.0,0
0.4230769230769231,-0.6754583524336583,0,0,Other,1.0,0.0,0.0,0
0.6538461538461539,0.48680693502346295,1,1,Other,0.0,0.0,1.0,1
0.15384615384615385,-0.304799108872959,1,1,Other,1.0,0.0,0.0,0
0.0,-0.29679136687461105,0,1,Other,1.0,0.0,0.0,0
0.8846153846153846,-0.6754583524336583,1,1,Strong,1.0,0.0,0.0,1
0.8846153846153846,0.18083855408879823,1,1,Elite,0.0,0.0,0.0,1
0.15384615384615385,0.651443984560294,0,0,Other,0.0,0.0,0.0,0
-0.8076923076923077,0.03641573822478812,0,1,Elite,0.0,0.0,0.0,0
-0.6923076923076923,-0.6754583524336583,0,0,Other,1.0,0.0,0.0,0
-0.9615384615384616,0.05468118512809951,0,1,Other,1.0,0.0,0.0,0
0.8076923076923077,-0.0542294209224405,1,1,Other,0.0,0.0,0.0,1
0.038461538461538464,0.08435589275472083,0,1,Other,0.0,0.0,1.0,0
0.6923076923076923,0.5842639897422951,1,1,Other,0.0,1.0,0.0,1
0.6538461538461539,-0.14578696660266674,1,1,Other,1.0,0.0,0.0,1
0.7307692307692307,0.4315676882295494,1,1,Other,0.0,1.0,0.0,1
-0.46153846153846156,-0.0029851870060213083,0,1,Other,0.0,0.0,1.0,0
0.4230769230769231,0.6429136133828502,0,1,Other,0.0,1.0,0.0,0
-0.038461538461538464,-0.6754583524336583,0,0,Other,0.0,0.0,1.0,0
-0.5,0.3450947043934069,0,1,Other,1.0,0.0,0.0,0
-0.5769230769230769,-0.6754583524336583,1,0,Other,0.0,0.0,1.0,0
0.6538461538461539,0.1534758162205495,1,1,Other,0.0,0.0,0.0,1
-0.038461538461538464,0.09960957828697214,1,0,Other,0.0,0.0,0.0,0
0.11538461538461539,-0.009185872181733225,0,1,Other,0.0,1.0,0.0,0
0.07692307692307693,0.17745475160719545,0,1,Other,0.0,1.0,0.0,0
0.5384615384615384,-0.30806775577272716,1,1,Elite,0.0,0.0,0.0,1
-0.8461538461538461,-0.6754583524336583,0,0,Other,0.0,0.0,0.0,0
-0.6153846153846154,0.08157444254733005,0,1,Strong,0.0,0.0,1.0,0
0.23076923076923078,-0.2312678408106953,0,1,Other,0.0,1.0,0.0,0
-0.46153846153846156,-0.6754583524336583,1,0,Other,1.0,0.0,0.0,0
0.8076923076923077,0.13104705212783155,1,1,Elite,0.0,0.0,1.0,1
0.8076923076923077,-0.6754583524336583,1,1,Elite,0.0,0.0,0.0,1
0.6923076923076923,0.5558294191508162,1,1,Other,0.0,1.0,0.0,1
0.19230769230769232,-0.6754583524336583,0,0,Other,0.0,0.0,0.0,0
0.07692307692307693,0.4822450023584749,0,1,Other,1.0,0.0,0.0,0
-0.19230769230769232,0.19673002438197992,0,1,Other,0.0,0.0,1.0,0
-0.7692307692307693,0.4365193782484393,1,1,Other,0.0,0.0,1.0,0
-0.5,-0.3145696170855451,1,1,Other,0.0,0.0,0.0,0
0.8076923076923077,0.53142529392355,1,1,Other,0.0,1.0,0.0,1
0.038461538461538464,0.14575153411594838,1,1,Other,0.0,1.0,0.0,0
-0.23076923076923078,-0.1314722419684518,0,1,Elite,0.0,0.0,0.0,0
0.23076923076923078,-0.6754583524336583,1,1,Elite,0.0,1.0,0.0,1
0.038461538461538464,-0.6754583524336583,0,0,Other,0.0,0.0,1.0,0
0.4230769230769231,-0.2658942384562066,0,1,Other,0.0,0.0,0.0,0
0.8846153846153846,0.06609930397308902,1,1,Other,0.0,0.0,0.0,1
-0.8461538461538461,-0.6754583524336583,0,0,Other,1.0,0.0,0.0,0
-0.8846153846153846,-0.6754583524336583,1,0,Other,0.0,1.0,0.0,0
-0.4230769230769231,0.02106461335406134,1,1,Other,0.0,1.0,0.0,0
-0.6923076923076923,-0.6754583524336583,1,0,Other,0.0,1.0,0.0,0
-0.6538461538461539,-0.10674922436072043,0,1,Other,0.0,1.0,0.0,0
-0.23076923076923078,0.12624595017749463,0,1,Other,0.0,0.0,1.0,0
-0.5,0.06516920119673224,1,1,Other,1.0,0.0,0.0,0
0.6153846153846154,0.00039861547558148034,1,1,Other,0.0,1.0,0.0,1
0.6923076923076923,-0.6754583524336583,1,1,Other,0.0,0.0,1.0,1
0.15384615384615385,-0.6754583524336583,1,0,Other,1.0,0.0,0.0,0
-0.5384615384615384,-0.6754583524336583,1,0,Other,0.0,1.0,0.0,0
0.038461538461538464,0.017184756058401595,0,1,Other,1.0,0.0,0.0,0
-0.8461538461538461,0.02161381689819582,1,0,Other,1.0,0.0,0.0,0
0.38461538461538464,-0.13679597309788447,1,1,Other,0.0,0.0,0.0,0
-0.7692307692307693,-0.1044018221156295,1,1,Other,0.0,1.0,0.0,0
-0.8461538461538461,0.23983364447485733,1,1,Other,0.0,0.0,0.0,0
0.46153846153846156,0.139001645396102,0,1,Elite,0.0,0.0,1.0,0
-0.6923076923076923,0.4728908258648295,0,0,Other,0.0,0.0,1.0,0
-0.9615384615384616,-0.6754583524336583,0,0,Other,0.0,1.0,0.0,0
0.9230769230769231,-0.2222148404541559,1,1,Elite,0.0,1.0,0.0,1
-0.46153846153846156,-0.13264151403015748,1,0,Other,0.0,0.0,1.0,0
0.34615384615384615,0.009593345778994292,1,1,Other,0.0,0.0,0.0,0
-0.5769230769230769,0.1435192874526921,1,0,Other,0.0,0.0,0.0,0
0.3076923076923077,-0.28620591146750285,1,1,Strong,0.0,0.0,1.0,1
0.23076923076923078,-0.6754583524336583,1,0,Other,1.0,0.0,0.0,0
0.5384615384615384,0.08921900155681489,1,1,Other,0.0,0.0,1.0,0
-0.46153846153846156,0.23929329905240243,0,1,Other,0.0,1.0,0.0,0
0.4230769230769231,0.4711280596505914,0,1,Other,1.0,0.0,0.0,0
-0.11538461538461539,-0.012560816541656425,0,1,Other,0.0,0.0,1.0,0
-0.9615384615384616,-0.6754583524336583,0,0,Other,0.0,1.0,0.0,0
0.9230769230769231,-0.14071126288026256,1,1,Other,0.0,1.0,0.0,1
0.23076923076923078,-0.6754583524336583,0,0,Other,0.0,1.0,0.0,0
0.8461538461538461,-0.24935612528041493,1,1,Other,0.0,1.0,0.0,1
0.9230769230769231,-0.27350336497897304,1,1,Elite,0.0,1.0,0.0,1
-0.6538461538461539,0.38024373121801386,0,1,Other,0.0,0.0,1.0,0
0.11538461538461539,0.5823417773378244,1,1,Other,0.0,0.0,0.0,0
0.5769230769230769,0.01006282622801248,1,1,Other,1.0,0.0,0.0,1
0.5,-0.6754583524336583,1,0,Other,1.0,0.0,0.0,0
0.5769230769230769,-0.17884547671089085,1,1,Elite,1.0,0.0,0.0,1
-0.8076923076923077,-0.6754583524336583,0,0,Other,1.0,0.0,0.0,0
0.34615384615384615,-0.23012514311402837,0,1,Other,0.0,0.0,1.0,0
0.5384615384615384,0.342552423471365,1,1,Other,0.0,1.0,0.0,1
-0.5384615384615384,-0.1626173977938848,1,1,Other,0.0,0.0,1.0,0
-0.8076923076923077,0.5827403928134058,0,1,Other,1.0,0.0,0.0,0
0.23076923076923078,0.20537555114125824,1,1,Other,1.0,0.0,0.0,0
0.34615384615384615,0.2673824028983774,1,1,Other,1.0,0.0,0.0,1
0.8846153846153846,0.1767992506029059,1,1,Other,0.0,0.0,0.0,1
0.7307692307692307,0.48557565611000014,1,1,Other,0.0,1.0,0.0,1
-0.038461538461538464,-0.6754583524336583,0,0,Other,1.0,0.0,0.0,0
0.4230769230769231,-0.24758450094449722,1,1,Other,0.0,1.0,0.0,0
-0.6538461538461539,-0.6754583524336583,0,0,Other,0.0,0.0,0.0,0
0.8461538461538461,0.05042928672189705,1,1,Elite,0.0,1.0,0.0,1
-0.7307692307692307,0.6229031165086599,0,1,Other,0.0,0.0,0.0,0
-0.23076923076923078,-0.6754583524336583,1,0,Strong,0.0,0.0,1.0,0
0.8846153846153846,-0.6754583524336583,1,1,Other,1.0,0.0,0.0,1
0.8461538461538461,0.21931823466493047,1,1,Other,1.0,0.0,0.0,1
0.6538461538461539,0.10108888460746342,1,1,Other,0.0,1.0,0.0,1
0.6923076923076923,0.6186512181024575,1,1,Other,0.0,0.0,0.0,1
0.8846153846153846,-0.21914107223133872,1,1,Other,0.0,0.0,1.0,1
0.4230769230769231,0.6030432077030227,1,1,Other,0.0,1.0,0.0,1
-0.15384615384615385,-0.23078950223999753,1,1,Other,0.0,0.0,0.0,0
0.07692307692307693,-0.2946299851847915,1,1,Other,0.0,0.0,0.0,0
-0.8461538461538461,-0.18835024127308925,0,1,Other,0.0,0.0,0.0,0
-0.5,0.3605166942375704,0,1,Other,1.0,0.0,0.0,0
-0.19230769230769232,-0.2059513290504315,0,0,Other,0.0,0.0,1.0,0
0.2692307692307692,0.5378474321412516,1,1,Other,1.0,0.0,0.0,1
-0.7692307692307693,-0.3177408246468378,0,0,Other,1.0,0.0,0.0,0
-0.46153846153846156,-0.19359424930740562,0,1,Other,0.0,0.0,0.0,0
0.23076923076923078,-0.6754583524336583,1,1,Elite,0.0,0.0,1.0,1
-0.3076923076923077,0.562162976151722,1,1,Strong,0.0,0.0,1.0,0
-0.5384615384615384,-0.6754583524336583,1,0,Other,0.0,0.0,1.0,0
0.15384615384615385,-0.27877394737832817,0,1,Other,1.0,0.0,0.0,0
-0.8076923076923077,-0.6754583524336583,1,0,Other,0.0,0.0,1.0,0
-0.34615384615384615,0.15699249052734612,0,1,Strong,1.0,0.0,0.0,0
-0.46153846153846156,0.6489725686116887,1,1,Other,0.0,0.0,1.0,0
0.8076923076923077,-0.13602531651176025,1,1,Elite,0.0,0.0,0.0,1
0.8846153846153846,-0.028407996226440163,1,1,Other,0.0,0.0,1.0,1
-0.7307692307692307,0.2144551258628364,1,1,Other,1.0,0.0,0.0,0
-0.4230769230769231,0.3971716017477074,1,1,Other,0.0,1.0,0.0,0
0.19230769230769232,-0.06335328625241661,0,1,Other,0.0,1.0,0.0,0
0.46153846153846156,0.4738032123978271,0,1,Other,0.0,0.0,1.0,0
0.5384615384615384,0.25313854323759916,0,0,Other,0.0,0.0,1.0,0
0.6153846153846154,-0.14768260464209867,1,1,Elite,0.0,0.0,0.0,1
0.23076923076923078,0.6490611498284846,0,1,Strong,1.0,0.0,0.0,0
0.15384615384615385,-0.0763215763913341,0,1,Other,0.0,0.0,1.0,0
0.038461538461538464,-0.2785082037279405,0,1,Other,0.0,1.0,0.0,0
-0.7307692307692307,-0.6754583524336583,0,0,Other,1.0,0.0,0.0,0
-0.38461538461538464,-0.6754583524336583,0,0,Other,0.0,1.0,0.0,0
-0.6923076923076923,0.19972406950968083,0,1,Other,0.0,1.0,0.0,0
0.38461538461538464,0.5375994047342232,0,1,Other,1.0,0.0,0.0,0
-0.5769230769230769,0.5710122397096308,1,1,Other,0.0,1.0,0.0,0
-0.38461538461538464,-0.6754583524336583,0,0,Other,0.0,0.0,0.0,0
0.2692307692307692,0.44892074859986314,0,1,Other,0.0,0.0,1.0,0
-0.2692307692307692,0.04018043993861322,1,1,Other,1.0,0.0,0.0,0
0.6538461538461539,0.5612594477404039,1,1,Other,0.0,0.0,1.0,1
0.8076923076923077,-0.15560176542365073,1,1,Other,1.0,0.0,0.0,1
-0.5,-0.6754583524336583,0,0,Other,0.0,0.0,1.0,0
-0.6538461538461539,-0.6754583524336583,0,0,Other,0.0,0.0,0.0,0
0.2692307692307692,-0.28721573733897593,1,1,Other,1.0,0.0,0.0,1
0.9230769230769231,-0.6754583524336583,1,1,Elite,1.0,0.0,0.0,1
-0.11538461538461539,0.2409320515631263,1,1,Other,0.0,1.0,0.0,0
-0.11538461538461539,0.001745049970878925,1,1,Other,0.0,1.0,0.0,0
-0.9615384615384616,0.006085529593877266,0,1,Other,1.0,0.0,0.0,0
0.15384615384615385,0.06423909842037545,0,1,Other,0.0,0.0,1.0,0
-0.8846153846153846,0.26305963951873823,1,1,Other,0.0,0.0,1.0,0
-0.038461538461538464,0.19541902237340084,0,1,Other,0.0,0.0,0.0,0
0.8461538461538461,-0.05833073126008995,1,1,Other,1.0,0.0,0.0,1
0.6153846153846154,0.5048332126414254,1,1,Elite,0.0,0.0,0.0,1
0.5384615384615384,0.5644660877884149,0,0,Other,0.0,1.0,0.0,0
0.8461538461538461,-0.3026111528181007,1,1,Other,1.0,0.0,0.0,1
-0.8846153846153846,0.18749100347016917,1,1,Other,1.0,0.0,0.0,0
0.0,-0.03793047703199775,1,1,Strong,0.0,1.0,0.0,0
-0.9230769230769231,-0.6754583524336583,1,0,Other,1.0,0.0,0.0,0
-0.34615384615384615,0.4739626585880597,0,1,Other,1.0,0.0,0.0,0
0.5769230769230769,-0.05869391424895308,0,0,Other,0.0,1.0,0.0,0
-0.38461538461538464,-0.6754583524336583,0,0,Other,0.0,1.0,0.0,0
-0.5384615384615384,-0.6754583524336583,0,0,Other,1.0,0.0,0.0,0
0.8846153846153846,0.5434811975294699,1,1,Other,0.0,0.0,0.0,1
-0.46153846153846156,-0.6754583524336583,0,0,Other,0.0,1.0,0.0,0
-0.7307692307692307,-0.6754583524336583,1,0,Elite,0.0,0.0,0.0,0
-0.5384615384615384,0.4698347738853715,0,1,Other,1.0,0.0,0.0,0
-0.5384615384615384,0.06553238418559537,0,1,Other,0.0,0.0,1.0,0
0.8461538461538461,-0.6754583524336583,1,1,Other,0.0,0.0,0.0,1
-0.19230769230769232,-0.6754583524336583,1,0,Other,1.0,0.0,0.0,0
0.5,0.33279077338045854,0,1,Strong,0.0,1.0,0.0,0
-0.07692307692307693,-0.6754583524336583,0,0,Other,1.0,0.0,0.0,0
-0.8076923076923077,0.08768654650624608,0,1,Other,0.0,0.0,1.0,0
-0.11538461538461539,0.3337651667652133,1,1,Other,0.0,0.0,0.0,0
-0.038461538461538464,-0.06360131365944509,0,1,Other,0.0,0.0,1.0,0
-0.19230769230769232,-0.6754583524336583,0,0,Other,0.0,0.0,1.0,0
0.9230769230769231,-0.2694552033714011,1,1,Other,0.0,0.0,1.0,1
-0.7307692307692307,-0.6754583524336583,0,0,Other,1.0,0.0,0.0,0
-0.7307692307692307,-0.6754583524336583,1,0,Strong,1.0,0.0,0.0,0
-0.038461538461538464,0.33775132152102805,1,1,Other,1.0,0.0,0.0,0
-0.8461538461538461,0.08804972949510921,0,1,Other,0.0,0.0,1.0,0
-0.07692307692307693,0.6436576956039357,0,1,Other,1.0,0.0,0.0,0
0.5769230769230769,0.3930614332883784,1,1,Strong,0.0,0.0,1.0,0
-0.7692307692307693,-0.6754583524336583,1,0,Other,0.0,0.0,0.0,0
-0.9615384615384616,-0.02836370561804222,0,1,Other,0.0,0.0,0.0,0
0.19230769230769232,-0.6754583524336583,1,0,Elite,1.0,0.0,0.0,0
-0.07692307692307693,0.3435091006127606,0,1,Other,0.0,0.0,0.0,0
-0.6538461538461539,0.10356915867774817,0,1,Other,0.0,0.0,1.0,0
-0.8846153846153846,0.509191408507783,0,1,Other,1.0,0.0,0.0,0
0.23076923076923078,0.500988787832484,0,1,Other,1.0,0.0,0.0,0
0.34615384615384615,0.5794363134269194,1,1,Other,0.0,0.0,1.0,1
-0.7692307692307693,-0.27964204330292786,1,1,Other,0.0,0.0,1.0,0
0.6538461538461539,-0.024811598824527253,1,1,Elite,1.0,0.0,0.0,1
0.8461538461538461,0.48169579881434044,1,1,Strong,0.0,0.0,0.0,1
0.6153846153846154,-0.2516946694038263,1,1,Other,1.0,0.0,0.0,1
-0.34615384615384615,0.08914813658337818,1,1,Other,0.0,1.0,0.0,0
-0.38461538461538464,-0.6754583524336583,1,0,Other,0.0,0.0,1.0,0
-0.4230769230769231,0.09696985802645477,1,1,Other,0.0,1.0,0.0,0
0.11538461538461539,-0.20501236815239512,0,1,Other,0.0,1.0,0.0,0
0.7307692307692307,0.07633929263469327,1,1,Elite,1.0,0.0,0.0,1
-0.038461538461538464,0.32833513817562554,0,1,Strong,0.0,1.0,0.0,0
0.7307692307692307,0.5871340211664817,1,1,Other,0.0,0.0,0.0,1
-0.038461538461538464,-0.2834953262335488,0,1,Other,0.0,0.0,1.0,0
0.23076923076923078,0.23083379284839547,1,1,Strong,1.0,0.0,0.0,1
-0.6153846153846154,0.0590659553594958,1,1,Other,0.0,0.0,1.0,0
-0.23076923076923078,-0.6754583524336583,1,0,Other,0.0,1.0,0.0,0
-0.7307692307692307,0.3928488383680682,0,1,Other,0.0,0.0,0.0,0
0.19230769230769232,-0.6754583524336583,0,0,Other,1.0,0.0,0.0,0
0.2692307692307692,-0.6754583524336583,1,0,Other,0.0,0.0,0.0,0
-0.5384615384615384,0.4153307511908637,0,1,Other,0.0,1.0,0.0,0
-0.5,-0.014607042649641357,0,1,Other,0.0,1.0,0.0,0
0.4230769230769231,0.13172912749715987,0,1,Other,0.0,0.0,0.0,0
-0.5769230769230769,0.61149385578535,1,1,Other,0.0,1.0,0.0,0
-0.15384615384615385,0.06229916977254558,0,1,Other,0.0,1.0,0.0,0
0.15384615384615385,0.1584717968478374,0,1,Other,0.0,0.0,0.0,0
0.6153846153846154,0.3100254006639162,1,1,Other,0.0,0.0,0.0,1
-0.23076923076923078,0.04320991755303247,0,1,Other,1.0,0.0,0.0,0
0.3076923076923077,-0.6754583524336583,1,0,Other,0.0,0.0,0.0,0
0.15384615384615385,-0.6754583524336583,0,0,Other,0.0,0.0,0.0,0
0.5769230769230769,-0.6754583524336583,0,0,Other,0.0,1.0,0.0,0
-0.15384615384615385,-0.6754583524336583,1,0,Other,0.0,0.0,1.0,0
-0.8846153846153846,0.07098012901854227,0,1,Other,0.0,1.0,0.0,0
-0.11538461538461539,-0.14135790576287252,1,1,Elite,1.0,0.0,0.0,0
-0.038461538461538464,0.6531536020444545,1,1,Other,0.0,1.0,0.0,0
-0.038461538461538464,0.05164284939200067,1,1,Other,0.0,0.0,0.0,0
0.5,-0.19021044682580282,1,1,Other,0.0,1.0,0.0,1
0.5,-0.6754583524336583,0,0,Strong,0.0,0.0,0.0,0
0.0,0.15676217936367684,0,1,Other,0.0,0.0,0.0,0
0.6153846153846154,0.03368743674747488,1,1,Elite,0.0,0.0,1.0,1
-0.9230769230769231,-0.6754583524336583,0,0,Other,0.0,0.0,1.0,0
0.34615384615384615,0.5276960246964433,0,1,Other,0.0,1.0,0.0,0
0.5384615384615384,-0.18783647021567312,1,1,Strong,0.0,0.0,0.0,0
-0.7692307692307693,-0.299590533325361,1,1,Other,1.0,0.0,0.0,0
0.7692307692307693,0.5965767788769231,1,1,Elite,0.0,1.0,0.0,1
-0.8076923076923077,-0.2515440813352733,1,1,Other,0.0,0.0,1.0,0
0.5384615384615384,-0.6754583524336583,0,0,Other,0.0,0.0,0.0,0
-0.5,-0.2643972158923561,1,1,Other,0.0,0.0,1.0,0
-0.7307692307692307,0.4733071575837702,0,1,Other,0.0,0.0,1.0,0
0.6538461538461539,-0.6754583524336583,1,1,Elite,0.0,0.0,0.0,1
0.23076923076923078,-0.6754583524336583,1,0,Other,1.0,0.0,0.0,0
0.8846153846153846,-0.6754583524336583,1,1,Other,0.0,0.0,0.0,1
-0.7692307692307693,-0.29671164377949477,1,1,Other,0.0,0.0,1.0,0
0.9230769230769231,0.45544032615604024,1,1,Elite,0.0,1.0,0.0,1
0.34615384615384615,-0.6754583524336583,1,0,Other,0.0,0.0,1.0,0
-0.23076923076923078,0.597267712367931,0,1,Other,0.0,0.0,0.0,0
0.34615384615384615,0.5675664303762709,0,0,Other,0.0,0.0,0.0,0
0.38461538461538464,0.3989432260836251,0,1,Other,1.0,0.0,0.0,0
-0.8846153846153846,-0.20076046974619266,0,1,Other,1.0,0.0,0.0,0
0.15384615384615385,0.3739544648255061,0,1,Strong,0.0,0.0,1.0,0
-0.7692307692307693,-0.2517566762555834,0,1,Other,1.0,0.0,0.0,0
0.7692307692307693,0.47735531919134205,1,1,Other,1.0,0.0,0.0,1
-0.6538461538461539,-0.6754583524336583,1,0,Other,0.0,0.0,0.0,0
0.3076923076923077,0.08377125672386798,1,1,Other,0.0,0.0,1.0,0
0.9230769230769231,0.24808941388023376,1,1,Other,0.0,0.0,0.0,1
0.5384615384615384,0.14491001255638747,0,1,Other,0.0,0.0,0.0,0
0.2692307692307692,-0.6754583524336583,1,0,Other,1.0,0.0,0.0,0
-0.5384615384615384,0.5663705839495264,0,1,Strong,0.0,0.0,1.0,0
-0.7307692307692307,0.45059493359730535,0,1,Other,0.0,0.0,1.0,0
0.9230769230769231,0.41289476772897693,1,1,Other,0.0,1.0,0.0,1
-0.19230769230769232,0.17144894510843448,0,1,Other,0.0,0.0,1.0,0
0.34615384615384615,0.1432092531939065,1,1,Other,0.0,0.0,1.0,0
0.7307692307692307,0.10216071733069361,1,1,Other,0.0,0.0,1.0,1
-0.07692307692307693,-0.2698626769686622,0,1,Other,0.0,0.0,0.0,0
-0.46153846153846156,-0.297287421688668,1,1,Other,1.0,0.0,0.0,0
0.6923076923076923,-0.08010399434851836,1,1,Other,0.0,0.0,0.0,1
0.8846153846153846,0.5591334985373027,1,1,Other,0.0,0.0,1.0,1
-0.9615384615384616,0.050305273018382814,1,1,Other,0.0,0.0,0.0,0
-0.5384615384615384,-0.6754583524336583,1,0,Other,1.0,0.0,0.0,0
0.8846153846153846,-0.6754583524336583,1,1,Other,0.0,0.0,0.0,1
-0.5384615384615384,-0.6754583524336583,1,0,Other,0.0,0.0,0.0,0
-0.5384615384615384,-0.2000518200118256,0,1,Other,0.0,0.0,1.0,0
-0.11538461538461539,0.34185263185867754,0,1,Other,0.0,1.0,0.0,0
-0.11538461538461539,0.6163303902224053,0,1,Other,1.0,0.0,0.0,0
-0.5769230769230769,-0.2789954004203179,0,1,Other,0.0,0.0,0.0,0
0.6923076923076923,0.5702947318535841,1,1,Elite,0.0,0.0,0.0,1
0.19230769230769232,0.3810409621691768,0,0,Other,1.0,0.0,0.0,0
0.7307692307692307,0.4923609773165649,1,1,Other,0.0,0.0,0.0,1
-0.038461538461538464,0.17022652431665128,1,1,Other,0.0,0.0,1.0,0
0.9230769230769231,-0.28265380467398793,1,1,Elite,0.0,0.0,1.0,1
-0.038461538461538464,-0.06207771673055587,0,1,Other,0.0,0.0,0.0,0
0.6923076923076923,-0.051979458015825035,1,1,Elite,0.0,0.0,1.0,1
0.8076923076923077,-0.24810713012359295,1,1,Elite,0.0,1.0,0.0,1
-0.7692307692307693,-0.6754583524336583,0,0,Other,1.0,0.0,0.0,0
-0.8076923076923077,0.6221413180442154,0,1,Other,0.0,0.0,0.0,0
0.11538461538461539,-0.11504042625281523,0,1,Other,0.0,1.0,0.0,0
0.19230769230769232,0.14240316412106394,0,1,Other,0.0,1.0,0.0,0
-0.7692307692307693,0.040835940942902764,1,1,Other,0.0,0.0,0.0,0
0.5,0.05511523309039935,1,1,Other,1.0,0.0,0.0,0
0.3076923076923077,0.637386145454787,0,1,Other,0.0,0.0,0.0,0
-0.8461538461538461,-0.07161791377947263,0,1,Other,0.0,0.0,1.0,0
-0.2692307692307692,0.2884735906174775,1,1,Other,0.0,0.0,0.0,0
0.6538461538461539,0.023713191736258285,1,1,Other,0.0,0.0,1.0,1
0.8461538461538461,-0.6754583524336583,1,1,Elite,0.0,0.0,1.0,1
-0.6538461538461539,0.4210088071874799,0,1,Other,0.0,0.0,0.0,0
0.19230769230769232,0.20592475468539273,0,1,Other,0.0,0.0,1.0,0
0.5769230769230769,-0.10133691201449188,1,1,Strong,0.0,1.0,0.0,1
0.11538461538461539,-0.011223240168038568,1,1,Other,0.0,1.0,0.0,0
0.4230769230769231,0.5811636471544391,1,1,Elite,0.0,0.0,1.0,1
0.11538461538461539,-0.18222042107081404,0,0,Other,1.0,0.0,0.0,0
-0.8461538461538461,-0.23792029019206623,0,1,Other,0.0,0.0,1.0,0
-0.3076923076923077,0.09161955253198335,1,1,Other,0.0,0.0,1.0,0
-0.8846153846153846,0.5415146945166013,0,1,Elite,0.0,0.0,0.0,0
-0.07692307692307693,-0.6754583524336583,1,0,Other,0.0,1.0,0.0,0
0.6153846153846154,-0.09944127397505996,1,1,Other,0.0,1.0,0.0,1
-0.3076923076923077,-0.6754583524336583,1,0,Other,1.0,0.0,0.0,0
-0.7692307692307693,-0.6754583524336583,1,0,Other,0.0,1.0,0.0,0
-0.5384615384615384,0.3555650042186804,0,1,Other,0.0,1.0,0.0,0
-0.4230769230769231,0.17133378952659983,1,1,Strong,0.0,1.0,0.0,0
-0.8846153846153846,-0.6754583524336583,1,0,Other,0.0,0.0,1.0,0
-0.34615384615384615,0.15231540228052343,0,1,Other,0.0,0.0,0.0,0
0.4230769230769231,0.44970026330766694,1,1,Elite,0.0,0.0,0.0,0
-0.07692307692307693,0.3697291407843424,0,0,Other,0.0,1.0,0.0,0
0.34615384615384615,0.36855101060095713,0,1,Other,0.0,0.0,1.0,0
-0.5769230769230769,-0.6754583524336583,1,0,Other,0.0,1.0,0.0,0
-0.7692307692307693,-0.6754583524336583,1,0,Other,0.0,1.0,0.0,0
0.0,0.11816734320570994,0,1,Other,0.0,0.0,1.0,0
-0.9230769230769231,0.3535364943540547,0,1,Other,0.0,1.0,0.0,0
-0.38461538461538464,0.1683663187639377,1,1,Other,0.0,1.0,0.0,0
-0.8846153846153846,-0.6754583524336583,0,0,Other,0.0,0.0,1.0,0
0.7307692307692307,0.4617915994003052,1,1,Elite,0.0,0.0,0.0,1
0.5769230769230769,-0.1387536179890735,1,1,Elite,0.0,0.0,1.0,1
-0.7307692307692307,-0.6754583524336583,1,0,Other,1.0,0.0,0.0,0
-0.8846153846153846,0.601829645032919,1,1,Other,0.0,1.0,0.0,0
-0.9230769230769231,0.0763924413647708,1,1,Other,1.0,0.0,0.0,0
0.6153846153846154,-0.21565983041126044,1,1,Elite,0.0,0.0,1.0,1
-0.38461538461538464,-0.6754583524336583,1,0,Other,0.0,0.0,1.0,0
0.8846153846153846,-0.6754583524336583,1,1,Elite,0.0,1.0,0.0,1
0.038461538461538464,0.39450530712215126,1,1,Other,1.0,0.0,0.0,0
-0.34615384615384615,-0.6754583524336583,0,0,Other,0.0,0.0,1.0,0
0.6923076923076923,0.6029014777561492,1,1,Other,1.0,0.0,0.0,1
-0.15384615384615385,-0.6754583524336583,1,0,Other,0.0,1.0,0.0,0
0.34615384615384615,-0.6754583524336583,0,0,Other,1.0,0.0,0.0,0
0.7692307692307693,0.4227184246716405,1,1,Other,1.0,0.0,0.0,1
-0.11538461538461539,-0.12433259589470351,1,0,Other,0.0,1.0,0.0,0
-0.7307692307692307,-0.6754583524336583,1,0,Other,1.0,0.0,0.0,0
-0.8846153846153846,-0.09535767988076968,0,1,Other,0.0,0.0,0.0,0
-0.6538461538461539,-0.6754583524336583,0,0,Elite,0.0,0.0,0.0,0
0.6538461538461539,-0.6754583524336583,1,1,Other,0.0,0.0,0.0,1
0.15384615384615385,-0.21237346726813314,0,1,Strong,0.0,0.0,1.0,0
0.7307692307692307,0.521203021505305,1,1,Elite,0.0,0.0,1.0,1
0.4230769230769231,0.3711995889831541,1,1,Other,0.0,0.0,1.0,1
0.46153846153846156,0.48644375203459983,1,1,Other,0.0,1.0,0.0,0
-0.34615384615384615,-0.6754583524336583,1,0,Other,1.0,0.0,0.0,0
0.7692307692307693,0.3103442930443814,1,1,Strong,0.0,0.0,0.0,1
0.46153846153846156,0.18406291038016845,1,1,Strong,0.0,0.0,1.0,0
0.038461538461538464,0.47443213903707787,1,1,Other,0.0,1.0,0.0,0
-0.07692307692307693,-0.3086435336819004,0,0,Other,1.0,0.0,0.0,0
0.6923076923076923,-0.12991321255284424,1,1,Elite,0.0,0.0,1.0,1
-0.6538461538461539,0.19814732385071407,0,0,Other,0.0,0.0,1.0,0
0.19230769230769232,-0.14095043216561146,1,1,Elite,0.0,0.0,1.0,1
0.038461538461538464,0.09624349204872852,1,1,Other,0.0,0.0,0.0,0
-0.7692307692307693,-0.6754583524336583,1,0,Other,0.0,0.0,0.0,0
0.6923076923076923,-0.3076602821754661,1,1,Other,0.0,1.0,0.0,1
-0.6538461538461539,0.48674492817170584,1,1,Other,0.0,0.0,0.0,0
-0.6538461538461539,0.5174383197914798,0,1,Strong,1.0,0.0,0.0,0
-0.6538461538461539,0.3071287948746908,0,1,Other,0.0,0.0,1.0,0
-0.6538461538461539,-0.04316562694463452,0,1,Other,0.0,0.0,1.0,0
-0.19230769230769232,0.08939616399040666,0,1,Other,0.0,0.0,1.0,0
-0.7307692307692307,0.35646853262999845,0,1,Strong,0.0,1.0,0.0,0
-0.6923076923076923,-0.6754583524336583,0,0,Strong,0.0,0.0,1.0,0
-0.8461538461538461,-0.6754583524336583,1,0,Other,1.0,0.0,0.0,0
-0.8846153846153846,0.4512415764799153,1,1,Other,0.0,1.0,0.0,0
-0.6538461538461539,-0.06306096823699019,1,1,Other,1.0,0.0,0.0,0
-0.11538461538461539,0.10250618407619756,1,1,Other,0.0,0.0,0.0,0
-0.7692307692307693,0.28483290260716665,0,1,Other,0.0,0.0,0.0,0
0.6153846153846154,-0.12026671804377241,1,1,Other,0.0,0.0,0.0,1
0.9230769230769231,0.08994536753454113,1,1,Other,0.0,0.0,0.0,1
-0.6538461538461539,-0.6754583524336583,0,0,Other,0.0,0.0,0.0,0
0.19230769230769232,0.5940522141982403,0,1,Other,0.0,1.0,0.0,0
0.7692307692307693,0.5826340953532508,1,1,Elite,1.0,0.0,0.0,1
-0.7307692307692307,-0.043457944960060946,0,1,Other,0.0,0.0,0.0,0
0.7307692307692307,-0.19024587931252118,1,1,Other,0.0,0.0,1.0,1
0.6153846153846154,-0.6754583524336583,1,1,Other,0.0,0.0,0.0,1
0.0,-0.007121929830389115,0,1,Other,1.0,0.0,0.0,0
-0.15384615384615385,-0.6754583524336583,0,0,Other,0.0,0.0,0.0,0
0.5769230769230769,-0.6754583524336583,1,0,Strong,1.0,0.0,0.0,0
0.8846153846153846,0.4488498836264264,1,1,Other,0.0,1.0,0.0,1
0.7307692307692307,0.45645901014919293,1,1,Other,0.0,1.0,0.0,1
0.038461538461538464,-0.20114136897841497,1,1,Other,1.0,0.0,0.0,0
0.8846153846153846,0.29300009079574724,1,1,Other,0.0,0.0,1.0,1
-0.46153846153846156,0.1322340404328964,0,1,Other,1.0,0.0,0.0,0
0.38461538461538464,-0.6754583524336583,0,0,Other,0.0,0.0,1.0,0
-0.8461538461538461,0.2817414181409903,0,1,Other,1.0,0.0,0.0,0
0.038461538461538464,-0.6754583524336583,1,0,Other,0.0,0.0,1.0,0
0.15384615384615385,-0.09487048318839232,1,1,Other,0.0,0.0,0.0,0
0.15384615384615385,-0.2322688085604888,0,1,Other,0.0,0.0,1.0,0
-0.9615384615384616,0.016148355821889747,1,1,Other,0.0,1.0,0.0,0
-0.7307692307692307,0.3756552241879871,1,1,Other,1.0,0.0,0.0,0
-0.038461538461538464,-0.6754583524336583,0,0,Elite,0.0,0.0,0.0,0
0.5384615384615384,-0.3063581382885666,1,1,Other,0.0,0.0,1.0,0
0.8846153846153846,0.6287849093039066,1,1,Other,0.0,0.0,0.0,1
0.8076923076923077,0.41175207003231,1,1,Other,0.0,0.0,0.0,1
0.15384615384615385,0.3682586925855307,0,1,Other,0.0,0.0,0.0,0
-0.5384615384615384,-0.2163064732938704,0,1,Other,1.0,0.0,0.0,0
-0.6538461538461539,0.5731913376428095,1,1,Other,0.0,0.0,1.0,0
0.07692307692307693,-0.6754583524336583,1,0,Other,0.0,0.0,1.0,0
0.2692307692307692,0.5614543264173548,0,1,Other,0.0,0.0,0.0,0
0.19230769230769232,-0.6754583524336583,1,0,Other,0.0,0.0,1.0,0
-0.5769230769230769,-0.15457422330881848,0,1,Strong,0.0,1.0,0.0,0
-0.5384615384615384,0.18052851983001264,1,1,Other,0.0,1.0,0.0,0
-0.34615384615384615,-0.14222600168747218,1,1,Strong,0.0,1.0,0.0,0
-0.7692307692307693,0.38413244663535323,0,1,Other,1.0,0.0,0.0,0
-0.15384615384615385,-0.18586110908112488,1,1,Other,0.0,1.0,0.0,0
-0.34615384615384615,-0.022774230838221908,1,1,Other,0.0,0.0,1.0,0
-0.15384615384615385,-0.6754583524336583,1,0,Other,1.0,0.0,0.0,0
-0.15384615384615385,-0.6754583524336583,0,0,Other,0.0,0.0,1.0,0
-0.07692307692307693,-0.6754583524336583,1,0,Other,1.0,0.0,0.0,0
-0.6153846153846154,0.16608978149228346,0,0,Strong,0.0,1.0,0.0,0
0.8846153846153846,-0.6754583524336583,1,1,Strong,0.0,1.0,0.0,1
0.0,0.2725378297158979,0,0,Other,0.0,0.0,0.0,0
-0.7692307692307693,-0.6754583524336583,1,0,Other,1.0,0.0,0.0,0
0.8846153846153846,0.34621082772503503,1,1,Other,0.0,1.0,0.0,1
-0.2692307692307692,0.4045149846200862,1,1,Other,0.0,0.0,0.0,0
-0.23076923076923078,0.1484266868631841,1,1,Elite,0.0,1.0,0.0,0
0.8846153846153846,0.3808903741006238,1,1,Other,1.0,0.0,0.0,1
0.8461538461538461,-0.6754583524336583,1,1,Other,1.0,0.0,0.0,1
-0.46153846153846156,-0.21422481469916713,1,1,Other,1.0,0.0,0.0,0
0.15384615384615385,0.39743734539809505,0,1,Other,0.0,1.0,0.0,0
0.8846153846153846,0.44355272686203256,1,1,Elite,0.0,0.0,0.0,1
-0.8076923076923077,-0.25669950815279374,1,0,Other,0.0,1.0,0.0,0
-0.23076923076923078,0.04843620934398966,0,0,Other,0.0,1.0,0.0,0
0.5,0.5214953395207313,0,1,Other,0.0,1.0,0.0,0
0.8461538461538461,-0.6754583524336583,1,1,Elite,0.0,0.0,0.0,1
0.07692307692307693,0.1461147171048115,0,1,Other,0.0,0.0,1.0,0
-0.7307692307692307,0.16259968155052562,0,1,Other,0.0,0.0,1.0,0
-0.3076923076923077,-0.6754583524336583,1,0,Strong,0.0,0.0,1.0,0
-0.8846153846153846,0.46018827937629964,0,1,Other,0.0,0.0,0.0,0
-0.4230769230769231,-0.1478243345889721,1,1,Other,0.0,0.0,1.0,0
0.3076923076923077,-0.10073455974027987,1,1,Other,0.0,0.0,0.0,0
0.2692307692307692,0.08383326357562511,1,1,Other,0.0,0.0,0.0,1
0.038461538461538464,-0.6754583524336583,1,0,Other,0.0,0.0,0.0,0
0.15384615384615385,-0.07515230432962842,1,1,Other,0.0,1.0,0.0,0
-0.46153846153846156,0.013668081751604982,0,1,Other,0.0,0.0,0.0,0
-0.3076923076923077,0.12781383771478178,0,1,Other,0.0,0.0,0.0,0
-0.46153846153846156,-0.12384539920232614,1,1,Other,0.0,1.0,0.0,0
0.7307692307692307,0.591067027192219,1,1,Other,0.0,0.0,0.0,1
-0.038461538461538464,0.23536029302666517,1,1,Other,0.0,0.0,0.0,0
-0.11538461538461539,0.4027699346492073,1,1,Other,0.0,0.0,1.0,0
-0.46153846153846156,-0.6754583524336583,1,0,Other,0.0,0.0,0.0,0
-0.9615384615384616,0.04958776516233615,0,1,Other,0.0,0.0,0.0,0
0.9230769230769231,-0.6754583524336583,1,1,Other,0.0,1.0,0.0,1
0.7692307692307693,0.09952099707017625,1,1,Other,0.0,0.0,1.0,1
-0.6923076923076923,-0.6754583524336583,0,0,Other,0.0,0.0,1.0,0
0.11538461538461539,0.19171632751133286,0,1,Other,0.0,0.0,0.0,0
0.11538461538461539,-0.6754583524336583,0,0,Other,0.0,0.0,0.0,0
-0.23076923076923078,0.35420085348002384,1,1,Other,0.0,0.0,1.0,0
0.3076923076923077,-0.2733173444237017,0,1,Other,0.0,0.0,1.0,0
0.11538461538461539,-0.09867061738893576,1,1,Other,0.0,1.0,0.0,0
-0.6538461538461539,-0.6754583524336583,1,0,Other,0.0,1.0,0.0,0
0.6153846153846154,0.4058614191153837,1,1,Elite,0.0,1.0,0.0,1
0.38461538461538464,-0.6754583524336583,0,0,Other,1.0,0.0,0.0,0
-0.15384615384615385,0.15957906205778596,0,1,Other,0.0,1.0,0.0,0
-0.23076923076923078,-0.6754583524336583,1,0,Other,0.0,0.0,0.0,0
-0.038461538461538464,-0.08723478230058707,1,1,Other,0.0,0.0,1.0,0
-0.07692307692307693,0.1926907208960876,0,1,Other,0.0,0.0,0.0,0
0.4230769230769231,0.49938546780847853,0,1,Other,0.0,0.0,0.0,0
0.34615384615384615,0.5208398385164418,1,1,Other,1.0,0.0,0.0,0
0.15384615384615385,-0.06616131082484615,0,1,Other,0.0,0.0,1.0,0
-0.7692307692307693,0.29315067886430024,1,1,Other,0.0,1.0,0.0,0
-0.7692307692307693,0.4176958696793138,1,0,Elite,1.0,0.0,0.0,0
0.038461538461538464,0.2501267818665391,0,1,Other,0.0,0.0,1.0,0
-0.5,0.06565639788910961,1,1,Other,0.0,0.0,0.0,0
-0.07692307692307693,0.6115912951238255,1,1,Other,0.0,0.0,0.0,0
0.0,-0.6754583524336583,1,0,Other,0.0,0.0,0.0,0
0.8076923076923077,-0.22034577677976275,1,1,Other,1.0,0.0,0.0,1
-0.4230769230769231,-0.6754583524336583,0,0,Other,0.0,0.0,1.0,0
0.7307692307692307,0.4735551849907986,1,1,Elite,1.0,0.0,0.0,1
0.5384615384615384,0.22224141481919465,1,1,Other,0.0,0.0,1.0,0
-0.6153846153846154,0.31201847804182364,1,1,Other,0.0,0.0,1.0,0
-0.8076923076923077,-0.6754583524336583,0,0,Other,0.0,1.0,0.0,0
-0.9615384615384616,0.3195921720778718,0,1,Other,0.0,0.0,1.0,0
-0.4230769230769231,-0.6754583524336583,0,0,Other,0.0,1.0,0.0,0
0.8461538461538461,-0.6754583524336583,1,1,Strong,0.0,0.0,1.0,1
0.19230769230769232,0.18843882248988514,0,1,Strong,0.0,0.0,0.0,0
-0.7307692307692307,-0.2914942101102172,0,0,Other,1.0,0.0,0.0,0
-0.07692307692307693,-0.6754583524336583,1,0,Other,1.0,0.0,0.0,0
-0.19230769230769232,-0.3075451265936315,0,1,Other,1.0,0.0,0.0,0
-0.6538461538461539,-0.6754583524336583,1,0,Other,0.0,0.0,0.0,0
0.23076923076923078,0.5650330075759086,1,1,Other,0.0,0.0,0.0,1
-0.9615384615384616,-0.6754583524336583,1,0,Other,1.0,0.0,0.0,0
-0.6538461538461539,0.05480519883161375,1,0,Other,0.0,0.0,1.0,0
-0.038461538461538464,0.40137920954551193,1,0,Strong,0.0,1.0,0.0,0
0.6538461538461539,0.5854598361690395,1,1,Other,0.0,0.0,1.0,1
-0.5,-0.6754583524336583,1,0,Strong,0.0,1.0,0.0,0
-0.46153846153846156,-0.18974096637678464,1,1,Other,0.0,1.0,0.0,0
0.15384615384615385,0.11799018077211818,1,1,Other,0.0,0.0,1.0,0
0.6923076923076923,0.0811492527067098,1,1,Other,1.0,0.0,0.0,1
0.9230769230769231,-0.18183952183859173,1,1,Elite,1.0,0.0,0.0,1
0.8076923076923077,-0.1382841375400553,1,1,Elite,0.0,0.0,1.0,1
0.9230769230769231,0.5063125189619168,1,1,Elite,1.0,0.0,0.0,1
0.15384615384615385,-0.6754583524336583,1,0,Other,1.0,0.0,0.0,0
-0.5384615384615384,0.1314545257250926,1,1,Other,1.0,0.0,0.0,0
-0.9615384615384616,-0.07190137367321946,1,1,Other,1.0,0.0,0.0,0
-0.11538461538461539,0.3590551041604383,0,1,Other,0.0,1.0,0.0,0
0.0,-0.1331552850875736,1,1,Other,0.0,1.0,0.0,0
0.0,-0.6754583524336583,0,0,Other,1.0,0.0,0.0,0
-0.6538461538461539,-0.6754583524336583,1,0,Other,1.0,0.0,0.0,0
-0.2692307692307692,0.2751332593680173,1,1,Other,1.0,0.0,0.0,0
0.5,0.6092793253654529,0,1,Other,0.0,1.0,0.0,0
-0.3076923076923077,0.09692556741805684,1,1,Other,0.0,0.0,1.0,0
0.6538461538461539,0.5778861421329914,1,1,Other,0.0,0.0,0.0,1
0.46153846153846156,-0.6754583524336583,0,0,Other,0.0,0.0,1.0,0
0.3076923076923077,0.2395679008244697,0,1,Elite,0.0,1.0,0.0,0
0.19230769230769232,0.2656373529274985,0,1,Other,1.0,0.0,0.0,0
-0.8076923076923077,0.18319481445556876,0,1,Strong,0.0,0.0,0.0,0
0.3076923076923077,-0.6754583524336583,1,1,Elite,1.0,0.0,0.0,1
-0.15384615384615385,-0.6754583524336583,0,0,Other,0.0,1.0,0.0,0
0.8076923076923077,0.6091464535402591,1,1,Other,0.0,1.0,0.0,1
0.34615384615384615,-0.6754583524336583,0,0,Other,0.0,1.0,0.0,0
-0.19230769230769232,-0.6754583524336583,0,0,Other,1.0,0.0,0.0,0
0.5384615384615384,-0.6754583524336583,1,1,Elite,1.0,0.0,0.0,1
-0.11538461538461539,0.020834302190392038,0,1,Strong,0.0,1.0,0.0,0
0.3076923076923077,-0.018274305024990976,0,1,Other,0.0,1.0,0.0,0
0.6153846153846154,0.5078981227425631,1,1,Other,1.0,0.0,0.0,1
-0.3076923076923077,-0.21472972763490367,0,1,Other,0.0,0.0,0.0,0
0.6923076923076923,0.10678465684743879,1,1,Other,0.0,0.0,1.0,1
-0.19230769230769232,0.49494754884700476,0,1,Other,0.0,1.0,0.0,0
-0.6923076923076923,0.5281743632671411,1,1,Other,0.0,0.0,1.0,0
0.9230769230769231,-0.08580862471017334,1,1,Other,0.0,1.0,0.0,1
-0.6923076923076923,0.4783297125760968,1,1,Other,0.0,1.0,0.0,0
0.46153846153846156,0.2550518975203903,1,1,Other,0.0,0.0,1.0,0
-0.6923076923076923,0.5002889962197966,1,1,Other,0.0,0.0,0.0,0
0.7307692307692307,0.6239660911102105,1,1,Other,0.0,0.0,1.0,1
0.5769230769230769,0.0847633663519819,0,1,Elite,0.0,0.0,1.0,0
-0.46153846153846156,-0.015404273600804317,0,1,Other,1.0,0.0,0.0,0
-0.5769230769230769,0.5403099899681773,0,1,Other,1.0,0.0,0.0,0
-0.5384615384615384,-0.6754583524336583,0,0,Strong,0.0,0.0,1.0,0
-0.9615384615384616,-0.09041484798355932,0,1,Other,0.0,1.0,0.0,0
0.23076923076923078,0.30573806977099544,0,1,Other,0.0,0.0,1.0,0
-0.07692307692307693,0.10482701195624974,1,1,Other,0.0,0.0,1.0,0
-0.7307692307692307,-0.1870923879945877,1,1,Strong,1.0,0.0,0.0,0
0.5,0.00783057956475619,0,1,Other,0.0,0.0,1.0,0
-0.11538461538461539,0.1390725103695387,1,1,Strong,0.0,1.0,0.0,0
0.5769230769230769,-0.6754583524336583,0,0,Other,0.0,0.0,0.0,0
-0.46153846153846156,0.23475794075245315,0,0,Other,0.0,0.0,0.0,0
0.46153846153846156,-0.006617016894652573,0,1,Other,0.0,0.0,1.0,0
-0.7692307692307693,0.2217630762484969,1,1,Strong,0.0,0.0,1.0,0
0.6153846153846154,-0.6754583524336583,1,1,Elite,0.0,0.0,1.0,1
0.6538461538461539,0.2673292541682999,1,1,Elite,0.0,0.0,0.0,1
-0.5769230769230769,0.5311329759081236,0,1,Other,1.0,0.0,0.0,0
0.5769230769230769,0.2559465678100287,0,1,Other,0.0,0.0,1.0,0
0.2692307692307692,-0.23790257394870704,0,0,Other,0.0,0.0,0.0,0
-0.8846153846153846,-0.6754583524336583,0,0,Other,0.0,0.0,1.0,0
0.15384615384615385,0.02327914377395845,0,1,Other,0.0,1.0,0.0,0
-0.038461538461538464,-0.06884532169376145,1,1,Other,0.0,1.0,0.0,0
0.5769230769230769,0.5266330500948926,1,1,Other,0.0,0.0,1.0,0
0.07692307692307693,-0.2909272903227235,0,1,Other,0.0,1.0,0.0,0
0.2692307692307692,-0.6754583524336583,0,0,Other,0.0,1.0,0.0,0
0.038461538461538464,-0.6754583524336583,1,0,Other,0.0,0.0,1.0,0
0.5384615384615384,0.3089447098190064,1,1,Other,1.0,0.0,0.0,1
-0.9615384615384616,-0.05887993480422444,0,0,Other,1.0,0.0,0.0,0
-0.46153846153846156,-0.6754583524336583,0,0,Other,0.0,0.0,0.0,0
-0.2692307692307692,0.49018187938338614,1,1,Strong,0.0,0.0,0.0,0
0.6538461538461539,0.38224566671760085,1,1,Elite,0.0,0.0,1.0,1
-0.5769230769230769,-0.18634830577350225,0,1,Other,0.0,0.0,0.0,0
-0.6153846153846154,-0.6754583524336583,0,0,Elite,0.0,0.0,0.0,0
0.7307692307692307,-0.08789028330487662,1,1,Other,1.0,0.0,0.0,1
-0.5,-0.6754583524336583,0,0,Other,0.0,0.0,0.0,0
0.6923076923076923,-0.28648051323957013,1,1,Elite,1.0,0.0,0.0,1
-0.8461538461538461,-0.1415882169265418,1,1,Other,1.0,0.0,0.0,0
-0.7307692307692307,-0.6754583524336583,1,0,Other,0.0,0.0,1.0,0
-0.6153846153846154,-0.12427058904294638,0,1,Other,0.0,0.0,1.0,0
0.7692307692307693,0.4184753843871176,1,1,Other,0.0,0.0,1.0,1
-0.5769230769230769,-0.1304004092452216,0,1,Other,0.0,0.0,0.0,0
0.4230769230769231,-0.6754583524336583,1,1,Elite,0.0,0.0,1.0,1
0.7692307692307693,0.38706448491129697,1,1,Other,0.0,1.0,0.0,1
-0.6153846153846154,-0.6754583524336583,1,0,Strong,0.0,0.0,1.0,0
-0.11538461538461539,-0.18312394948213206,0,0,Strong,0.0,0.0,0.0,0
-0.5,0.25249190035498925,1,0,Other,1.0,0.0,0.0,0
-0.19230769230769232,0.5719246262426284,0,1,Other,0.0,0.0,0.0,0
0.0,-0.3064290032620033,1,1,Other,0.0,0.0,0.0,0
-0.2692307692307692,-0.6754583524336583,1,0,Other,0.0,0.0,1.0,0
-0.7692307692307693,-0.06271550149148623,0,1,Other,0.0,0.0,1.0,0
0.2692307692307692,0.19909514287043004,1,1,Other,0.0,1.0,0.0,0
0.38461538461538464,-0.14832038940302902,1,1,Other,1.0,0.0,0.0,1
0.38461538461538464,-0.6754583524336583,1,0,Other,0.0,1.0,0.0,0
-0.3076923076923077,0.5680890595553666,1,0,Other,0.0,0.0,0.0,0
0.4230769230769231,-0.6754583524336583,1,0,Other,1.0,0.0,0.0,0
-0.38461538461538464,-0.6754583524336583,0,0,Strong,1.0,0.0,0.0,0
-0.23076923076923078,-0.6754583524336583,0,0,Other,0.0,0.0,1.0,0
-0.8846153846153846,-0.6754583524336583,1,0,Other,0.0,0.0,0.0,0
0.7692307692307693,0.5145417140022543,1,1,Other,0.0,0.0,0.0,1
-0.7692307692307693,-0.6754583524336583,0,0,Strong,0.0,0.0,0.0,0
-0.2692307692307692,0.33531533805914127,1,1,Other,0.0,1.0,0.0,0
0.0,-0.23183476059818894,1,1,Other,0.0,0.0,1.0,0
-0.6153846153846154,-0.17401780039551512,1,0,Other,0.0,0.0,1.0,0
0.6538461538461539,-0.6754583524336583,1,1,Other,0.0,0.0,0.0,1
0.8076923076923077,-0.6754583524336583,1,1,Other,0.0,0.0,0.0,1
-0.9230769230769231,-0.6754583524336583,0,0,Other,1.0,0.0,0.0,0
0.8076923076923077,-0.6754583524336583,1,1,Elite,0.0,0.0,0.0,1
0.6538461538461539,0.16893323855143136,1,1,Other,0.0,1.0,0.0,1
-0.07692307692307693,-0.6754583524336583,0,0,Other,0.0,0.0,1.0,0
-0.7307692307692307,-0.6754583524336583,1,0,Other,1.0,0.0,0.0,0
-0.9615384615384616,-0.04767441087954505,0,1,Other,0.0,0.0,1.0,0
-0.7692307692307693,0.014943651273465718,1,1,Strong,0.0,0.0,1.0,0
0.11538461538461539,0.42797129082763646,0,1,Other,1.0,0.0,0.0,0
-0.4230769230769231,0.30246942287122724,1,1,Other,0.0,1.0,0.0,0
-0.6153846153846154,-0.256478055110804,0,1,Other,1.0,0.0,0.0,0
-0.5769230769230769,0.22872555988865342,0,1,Other,0.0,0.0,0.0,0
-0.19230769230769232,-0.6754583524336583,0,0,Other,0.0,0.0,0.0,0
0.9230769230769231,0.04367939800205065,1,1,Other,0.0,0.0,0.0,1
-0.2692307692307692,0.4722530411038991,1,0,Other,0.0,0.0,0.0,0
-0.38461538461538464,0.29633960266895204,1,1,Other,0.0,0.0,1.0,0
0.2692307692307692,-0.6754583524336583,1,0,Other,1.0,0.0,0.0,0
-0.4230769230769231,0.6375367335233401,0,1,Strong,1.0,0.0,0.0,0
-0.19230769230769232,0.62160983074344,1,1,Other,0.0,0.0,1.0,0
0.2692307692307692,-0.6754583524336583,0,0,Other,0.0,0.0,1.0,0
-0.07692307692307693,-0.011028361491087622,1,1,Other,0.0,0.0,0.0,0
-0.5,0.5697189539444109,1,1,Other,0.0,0.0,1.0,0
-0.5769230769230769,0.33186952872578135,0,1,Other,0.0,0.0,0.0,0
0.46153846153846156,-0.6754583524336583,1,1,Other,0.0,1.0,0.0,1
0.8076923076923077,0.45153389449534176,1,1,Other,1.0,0.0,0.0,1
-0.7307692307692307,-0.03373172735587283,1,1,Other,1.0,0.0,0.0,0
0.7692307692307693,0.3690204910499753,1,1,Other,1.0,0.0,0.0,1
-0.23076923076923078,0.3443771965373602,0,1,Other,1.0,0.0,0.0,0
0.6153846153846154,0.4543773515544896,1,1,Other,0.0,1.0,0.0,1
-0.11538461538461539,-0.14078212785369926,1,1,Strong,1.0,0.0,0.0,0
0.038461538461538464,0.5227354765558737,1,1,Other,0.0,0.0,0.0,0
0.9230769230769231,0.4807214054295857,1,1,Other,0.0,1.0,0.0,1
-0.46153846153846156,0.31488850946601027,1,1,Other,0.0,0.0,0.0,0
0.038461538461538464,0.29696852930820283,1,1,Other,0.0,0.0,1.0,0
0.19230769230769232,0.05883564419582649,1,1,Other,0.0,1.0,0.0,0
-0.6923076923076923,0.014084413470545638,1,1,Other,0.0,0.0,1.0,0
0.2692307692307692,0.4642098666188328,0,1,Other,0.0,1.0,0.0,0
0.5384615384615384,-0.6754583524336583,0,0,Other,0.0,0.0,0.0,0
0.23076923076923078,0.5714019970635327,0,1,Strong,0.0,1.0,0.0,0
-0.038461538461538464,0.17391150293536006,1,1,Other,0.0,1.0,0.0,0
-0.9230769230769231,0.04253670030538374,0,1,Other,0.0,0.0,1.0,0
-0.8076923076923077,0.4083594094290276,1,1,Other,1.0,0.0,0.0,0
0.23076923076923078,0.048489358074067186,0,1,Other,1.0,0.0,0.0,0
0.9230769230769231,-0.6754583524336583,1,1,Elite,1.0,0.0,0.0,1
0.8461538461538461,0.22417248534534495,1,1,Other,0.0,0.0,0.0,1
-0.07692307692307693,0.22569608227423416,1,1,Other,1.0,0.0,0.0,0
0.23076923076923078,-0.6754583524336583,0,0,Other,0.0,0.0,1.0,0
0.7692307692307693,0.32580171537526326,1,1,Other,0.0,0.0,0.0,1
0.3076923076923077,-0.6754583524336583,0,0,Other,1.0,0.0,0.0,0
0.6923076923076923,0.6210694853209852,1,1,Other,0.0,0.0,0.0,1
-0.6153846153846154,-0.6754583524336583,0,0,Other,1.0,0.0,0.0,0
-0.11538461538461539,-0.6754583524336583,0,0,Strong,0.0,0.0,1.0,0
0.6538461538461539,0.6485650950144277,1,1,Other,0.0,1.0,0.0,1
0.6538461538461539,0.3591525434989138,1,1,Other,0.0,0.0,1.0,1
0.38461538461538464,-0.25221729858292197,1,1,Elite,0.0,0.0,0.0,1
-0.5769230769230769,-0.6754583524336583,1,0,Other,1.0,0.0,0.0,0
0.5769230769230769,0.558265402612703,1,1,Strong,0.0,1.0,0.0,1
0.46153846153846156,-0.6754583524336583,0,0,Strong,0.0,0.0,1.0,0
0.11538461538461539,0.43185114812329617,0,1,Other,0.0,0.0,0.0,0
0.7692307692307693,0.07796032890205797,1,1,Strong,0.0,0.0,1.0,1
-0.4230769230769231,-0.6754583524336583,0,0,Other,0.0,1.0,0.0,0
-0.4230769230769231,-0.6754583524336583,1,0,Other,0.0,1.0,0.0,0
-0.6538461538461539,0.48315738889147253,0,1,Other,0.0,1.0,0.0,0
0.6923076923076923,-0.6754583524336583,1,1,Other,1.0,0.0,0.0,1
0.7692307692307693,0.35554728797532126,1,1,Other,1.0,0.0,0.0,1
0.0,0.39091776784191795,0,1,Other,0.0,0.0,1.0,0
0.8461538461538461,0.08324862754477227,1,1,Other,1.0,0.0,0.0,1
-0.5384615384615384,-0.6754583524336583,0,0,Other,0.0,0.0,0.0,0
0.8076923076923077,-0.22487227695803244,1,1,Other,0.0,1.0,0.0,1
-0.2692307692307692,-0.0220921554688936,0,1,Other,0.0,0.0,0.0,0
-0.15384615384615385,0.37429107344933044,1,1,Other,0.0,1.0,0.0,0
0.5,-0.0048011019503369405,0,1,Other,0.0,0.0,0.0,0
0.8461538461538461,0.16608978149228346,1,1,Elite,0.0,1.0,0.0,1
0.5769230769230769,-0.27119139522060043,0,1,Other,0.0,0.0,0.0,0
0.8076923076923077,0.3382828088218034,1,1,Elite,0.0,0.0,0.0,1
0.7307692307692307,0.10502189063320068,1,1,Other,0.0,0.0,1.0,1
0.6923076923076923,0.1440419166317878,1,1,Elite,0.0,0.0,0.0,1
-0.5384615384615384,0.28576300538352345,0,1,Other,0.0,1.0,0.0,0
0.11538461538461539,0.14625644705168492,1,1,Strong,0.0,1.0,0.0,0
-0.2692307692307692,0.4824221647920667,0,1,Other,0.0,0.0,1.0,0
-0.6153846153846154,-0.11570478537878436,1,1,Other,1.0,0.0,0.0,0
0.7307692307692307,-0.11635142826139432,1,1,Other,1.0,0.0,0.0,1
-0.7307692307692307,-0.13966600452207112,1,1,Other,1.0,0.0,0.0,0
0.11538461538461539,0.16083691533628752,0,1,Other,0.0,0.0,0.0,0
-0.2692307692307692,0.4511175627764011,0,1,Other,0.0,0.0,0.0,0
-0.4230769230769231,-0.07602925837590768,0,1,Other,1.0,0.0,0.0,0
-0.9615384615384616,-0.2671609498563877,0,1,Other,0.0,0.0,1.0,0
-0.2692307692307692,-0.6754583524336583,0,0,Other,0.0,0.0,0.0,0
0.038461538461538464,0.5244362359183546,1,1,Other,0.0,0.0,0.0,0
0.46153846153846156,0.20301043265280813,0,1,Strong,0.0,0.0,1.0,0
-0.7692307692307693,-0.6754583524336583,1,0,Other,1.0,0.0,0.0,0
0.46153846153846156,0.34550217799066796,1,1,Other,0.0,1.0,0.0,0
0.8461538461538461,-0.0864464094711037,1,1,Other,0.0,1.0,0.0,1
0.8846153846153846,-0.6754583524336583,1,1,Other,1.0,0.0,0.0,1
-0.46153846153846156,0.41875884428086446,0,0,Other,0.0,0.0,1.0,0
-0.07692307692307693,0.2456711466617061,1,0,Other,1.0,0.0,0.0,0
-0.038461538461538464,-0.6754583524336583,0,0,Strong,1.0,0.0,0.0,0
0.6538461538461539,-0.016555829419150816,1,1,Other,1.0,0.0,0.0,1
-0.8846153846153846,0.11643115135651061,1,1,Other,0.0,0.0,1.0,0
-0.3076923076923077,0.2403119830455551,0,1,Other,0.0,0.0,0.0,0
0.15384615384615385,0.11747640971470205,0,1,Other,0.0,0.0,1.0,0
0.15384615384615385,0.14794834829248632,0,1,Other,1.0,0.0,0.0,0
-0.8461538461538461,0.21015007872655642,0,1,Other,0.0,0.0,0.0,0
-0.3076923076923077,0.5887284830688077,1,1,Other,0.0,0.0,1.0,0
0.5384615384615384,-0.19016615621740487,0,1,Other,0.0,0.0,0.0,0
0.23076923076923078,-0.249763598877676,0,1,Strong,0.0,0.0,1.0,0
-0.4230769230769231,-0.6754583524336583,1,0,Other,0.0,0.0,1.0,0
-0.5,-0.6754583524336583,0,0,Strong,0.0,0.0,0.0,0
-0.23076923076923078,0.486160292140853,1,1,Other,0.0,0.0,0.0,0
-0.5384615384615384,0.33413720787575596,0,1,Other,0.0,0.0,0.0,0
-0.038461538461538464,-0.06805694886427807,0,1,Other,0.0,1.0,0.0,0
0.6538461538461539,0.4951247112805965,1,1,Elite,0.0,0.0,0.0,1
-0.5,0.17364575928497242,1,1,Other,0.0,1.0,0.0,0
0.7692307692307693,0.44195826495970664,1,1,Other,0.0,1.0,0.0,1
0.8461538461538461,-0.6754583524336583,1,1,Other,0.0,0.0,1.0,1
0.6538461538461539,-0.6754583524336583,1,1,Elite,1.0,0.0,0.0,1
0.038461538461538464,-0.6754583524336583,0,0,Strong,0.0,0.0,0.0,0
-0.8076923076923077,-0.6754583524336583,1,0,Other,0.0,1.0,0.0,0
0.7692307692307693,0.3418437737369979,1,1,Other,0.0,1.0,0.0,1
-0.038461538461538464,-0.27310474950339153,1,1,Other,0.0,0.0,1.0,0
0.7692307692307693,0.3771788211168763,1,1,Other,0.0,1.0,0.0,1
-0.5,-0.6754583524336583,1,0,Other,0.0,0.0,0.0,0
-0.07692307692307693,-0.6754583524336583,0,0,Elite,0.0,1.0,0.0,0
0.5769230769230769,0.07090040592342596,0,1,Other,0.0,1.0,0.0,0
-0.19230769230769232,0.4661586533883423,1,1,Elite,1.0,0.0,0.0,0
-0.8846153846153846,-0.6754583524336583,0,0,Strong,0.0,1.0,0.0,0
0.11538461538461539,-0.6754583524336583,0,0,Other,0.0,1.0,0.0,0
-0.23076923076923078,-0.17694098054977933,1,1,Other,0.0,0.0,1.0,0
-0.8846153846153846,0.538246047616833,1,1,Other,1.0,0.0,0.0,0
-0.5,-0.2878446639782267,1,1,Elite,0.0,1.0,0.0,0
0.038461538461538464,0.07966994638621853,0,1,Other,0.0,1.0,0.0,0
-0.5769230769230769,0.2341821628432799,1,1,Other,0.0,0.0,0.0,0
-0.19230769230769232,0.39085576099016084,1,1,Other,0.0,0.0,1.0,0
0.8846153846153846,-0.03196010301995513,1,1,Other,0.0,0.0,1.0,1
0.0,0.5490795304309698,1,1,Other,0.0,0.0,1.0,0
-0.038461538461538464,-0.6754583524336583,0,0,Other,0.0,0.0,1.0,0
0.5,0.6094033390689672,1,1,Other,1.0,0.0,0.0,0
0.2692307692307692,0.08625153079415275,0,1,Other,0.0,0.0,1.0,0
0.4230769230769231,-0.10583683782772282,1,1,Other,0.0,0.0,1.0,0
0.6538461538461539,-0.04767441087954505,1,1,Other,0.0,0.0,0.0,1
0.6538461538461539,-0.6754583524336583,1,1,Elite,1.0,0.0,0.0,1
-0.7307692307692307,0.10910548472749096,0,1,Other,0.0,0.0,0.0,0
-0.46153846153846156,0.47277567028299483,0,1,Other,1.0,0.0,0.0,0
-0.15384615384615385,-0.6754583524336583,0,0,Strong,0.0,0.0,0.0,0
0.4230769230769231,-0.6754583524336583,0,0,Other,1.0,0.0,0.0,0
0.5384615384615384,0.6008641097698438,0,0,Other,1.0,0.0,0.0,0
0.5769230769230769,0.5660605496907408,1,1,Other,0.0,0.0,0.0,1
0.5384615384615384,0.4981807632600545,1,1,Other,0.0,0.0,0.0,0
0.23076923076923078,-0.2064208094994497,1,1,Other,0.0,0.0,1.0,0
0.7692307692307693,0.320469126124151,1,1,Elite,0.0,0.0,1.0,1
-0.038461538461538464,0.2217542181268173,0,1,Other,0.0,0.0,1.0,0
0.7692307692307693,-0.6754583524336583,1,1,Other,0.0,1.0,0.0,1
0.5384615384615384,-0.6754583524336583,1,0,Other,1.0,0.0,0.0,0
0.46153846153846156,0.4044175452816108,0,1,Other,0.0,0.0,1.0,0
-0.8461538461538461,-0.6754583524336583,1,0,Other,0.0,1.0,0.0,0
-0.8846153846153846,-0.6754583524336583,0,0,Strong,0.0,0.0,1.0,0
-0.3076923076923077,-0.17855315869546443,1,1,Other,0.0,1.0,0.0,0
0.9230769230769231,0.015333408627367609,1,1,Elite,1.0,0.0,0.0,1
-0.38461538461538464,0.3246944501653147,0,1,Other,0.0,1.0,0.0,0
-0.038461538461538464,-0.6754583524336583,1,0,Other,0.0,1.0,0.0,0
-0.8846153846153846,0.24543197737635722,0,0,Other,0.0,0.0,1.0,0
-0.46153846153846156,-0.6754583524336583,0,0,Other,0.0,0.0,0.0,0
-0.15384615384615385,-0.6754583524336583,1,0,Strong,1.0,0.0,0.0,0
0.038461538461538464,0.19813846572903449,1,1,Other,1.0,0.0,0.0,0
0.8846153846153846,0.6396183921180433,1,1,Elite,0.0,1.0,0.0,1
0.34615384615384615,-0.6754583524336583,1,0,Other,1.0,0.0,0.0,0
-0.8846153846153846,-0.16861434617096618,1,1,Other,0.0,0.0,1.0,0
0.7692307692307693,0.5248702838806545,1,1,Other,0.0,1.0,0.0,1
-0.34615384615384615,-0.12728235041400646,0,1,Other,0.0,0.0,0.0,0
0.8461538461538461,0.5753615774543087,1,1,Other,0.0,1.0,0.0,1
-0.46153846153846156,-0.6754583524336583,0,0,Other,1.0,0.0,0.0,0
0.7307692307692307,-0.6754583524336583,1,1,Other,0.0,1.0,0.0,1
0.46153846153846156,-0.6754583524336583,0,0,Other,0.0,1.0,0.0,0
-0.8461538461538461,-0.6754583524336583,1,0,Strong,1.0,0.0,0.0,0
-0.038461538461538464,0.40895290358156006,1,1,Other,1.0,0.0,0.0,0
-0.9615384615384616,-0.6754583524336583,1,0,Other,0.0,0.0,0.0,0
0.6538461538461539,-0.6754583524336583,1,1,Other,1.0,0.0,0.0,1
-0.15384615384615385,-0.1775699071890301,1,1,Other,0.0,0.0,1.0,0
-0.38461538461538464,-0.3177673990118765,0,1,Elite,0.0,0.0,0.0,0
-0.7307692307692307,0.5500362075723653,0,1,Other,0.0,0.0,0.0,0
0.8461538461538461,-0.07631271826965451,1,1,Other,0.0,0.0,1.0,1
0.23076923076923078,-0.6754583524336583,1,0,Other,0.0,1.0,0.0,0
-0.5769230769230769,-0.272750424636208,0,1,Other,0.0,1.0,0.0,0
0.6153846153846154,-0.022853953933338205,1,1,Strong,1.0,0.0,0.0,1
-0.6923076923076923,0.20781153460314508,0,1,Other,0.0,1.0,0.0,0
-0.07692307692307693,0.3332691119511563,0,1,Other,1.0,0.0,0.0,0
0.8076923076923077,-0.11605025212428831,1,1,Other,0.0,0.0,0.0,1
-0.4230769230769231,-0.6754583524336583,1,0,Other,0.0,1.0,0.0,0
-0.34615384615384615,-0.6754583524336583,0,0,Other,0.0,0.0,1.0,0
0.2692307692307692,-0.6754583524336583,0,0,Other,0.0,1.0,0.0,0
0.11538461538461539,-0.6754583524336583,0,0,Other,0.0,0.0,1.0,0
0.0,-0.20559700418324797,1,1,Other,0.0,0.0,0.0,0
0.46153846153846156,0.6070205043371578,1,1,Other,0.0,0.0,1.0,0
-0.23076923076923078,-0.17982872821732515,0,1,Strong,0.0,1.0,0.0,0
-0.6153846153846154,-0.6754583524336583,1,0,Strong,0.0,1.0,0.0,0
0.9230769230769231,-0.6754583524336583,1,1,Other,1.0,0.0,0.0,1
-0.11538461538461539,0.08884696044627217,1,0,Strong,0.0,1.0,0.0,0
0.0,-0.6754583524336583,1,0,Other,0.0,0.0,0.0,0
0.6923076923076923,0.3828568771134925,1,1,Elite,0.0,0.0,0.0,1
-0.2692307692307692,-0.10805136824761993,1,0,Other,0.0,1.0,0.0,0
-0.6923076923076923,-0.6754583524336583,1,0,Other,1.0,0.0,0.0,0
-0.6538461538461539,-0.08677415997324847,1,1,Other,0.0,0.0,0.0,0
0.8461538461538461,0.0661170202164482,1,1,Strong,1.0,0.0,0.0,1
-0.7692307692307693,-0.6754583524336583,0,0,Strong,1.0,0.0,0.0,0
0.8461538461538461,0.47778050903196234,1,1,Other,0.0,0.0,1.0,1
0.15384615384615385,-0.010328569878400135,0,1,Elite,0.0,1.0,0.0,0
-0.46153846153846156,-0.6754583524336583,0,0,Other,0.0,1.0,0.0,0
0.2692307692307692,-0.07074981785487296,0,1,Other,0.0,0.0,0.0,0
-0.11538461538461539,0.3842121697304695,1,1,Other,1.0,0.0,0.0,0
-0.34615384615384615,-0.14914419471923077,1,0,Other,1.0,0.0,0.0,0
-0.6153846153846154,0.28859760432099174,1,1,Other,0.0,1.0,0.0,0
0.7307692307692307,-0.18473612762781716,1,1,Other,0.0,0.0,0.0,1
-0.15384615384615385,0.3918833031049931,1,1,Other,0.0,1.0,0.0,0
-0.19230769230769232,0.12443889335485857,1,0,Elite,1.0,0.0,0.0,0
0.5384615384615384,0.2994753777435264,0,1,Other,1.0,0.0,0.0,0
0.8461538461538461,0.057188033563423044,1,1,Other,0.0,1.0,0.0,1
0.8461538461538461,-0.6754583524336583,1,1,Other,1.0,0.0,0.0,1
-0.34615384615384615,-0.2874194741376065,0,1,Other,0.0,1.0,0.0,0
0.5,-0.6754583524336583,1,1,Other,0.0,0.0,0.0,1
-0.6538461538461539,-0.6754583524336583,0,0,Other,1.0,0.0,0.0,0
-0.6153846153846154,-0.1481166526043985,1,1,Other,1.0,0.0,0.0,0
-0.19230769230769232,0.55380976740787,1,0,Other,1.0,0.0,0.0,0
-0.19230769230769232,-0.2971988404718721,0,1,Other,0.0,0.0,0.0,0
-0.8076923076923077,0.27413229161822383,1,1,Strong,0.0,1.0,0.0,0
-0.38461538461538464,0.3343586609177457,1,1,Other,0.0,0.0,0.0,0
-0.38461538461538464,0.6057715091803358,1,1,Other,0.0,0.0,1.0,0
-0.5384615384615384,0.1426689077714516,1,0,Other,1.0,0.0,0.0,0
0.5,-0.6754583524336583,0,0,Other,0.0,0.0,1.0,0
-0.8461538461538461,0.5042485766105727,1,1,Other,0.0,0.0,0.0,0
-0.46153846153846156,-0.1956759079021089,0,1,Other,0.0,0.0,1.0,0
0.38461538461538464,0.16592147718037129,1,1,Other,0.0,0.0,0.0,0
-0.9615384615384616,0.22088612220221762,0,1,Other,0.0,0.0,0.0,0
0.7692307692307693,-0.11650201632994732,1,1,Other,0.0,0.0,1.0,1
-0.38461538461538464,-0.15323664693520062,0,1,Other,0.0,0.0,1.0,0
0.7307692307692307,-0.6754583524336583,1,1,Other,1.0,0.0,0.0,1
-0.07692307692307693,-0.6754583524336583,1,0,Elite,0.0,0.0,0.0,0
0.46153846153846156,0.054849489440011695,0,1,Strong,1.0,0.0,0.0,0
-0.7692307692307693,-0.15740882224628677,1,1,Other,1.0,0.0,0.0,0
-0.23076923076923078,0.4313108027008413,0,1,Other,0.0,0.0,0.0,0
-0.9615384615384616,0.09989303818071897,1,1,Other,0.0,0.0,1.0,0
0.15384615384615385,-0.6754583524336583,0,0,Other,0.0,1.0,0.0,0
-0.8076923076923077,0.02420038842863565,1,1,Other,0.0,0.0,0.0,0
0.11538461538461539,-0.2901123431282014,1,1,Other,0.0,1.0,0.0,0
0.5,-0.6754583524336583,0,0,Other,0.0,0.0,1.0,0
0.6923076923076923,-0.09777594709929734,1,1,Other,0.0,0.0,0.0,1
0.0,-0.05868505612727349,0,1,Other,0.0,1.0,0.0,0
0.8461538461538461,0.3781000657715535,1,1,Other,0.0,0.0,1.0,1
0.6538461538461539,-0.6754583524336583,1,1,Other,0.0,0.0,1.0,1
-0.3076923076923077,-0.6754583524336583,0,0,Other,0.0,0.0,1.0,0
-0.34615384615384615,-0.6754583524336583,1,0,Other,0.0,0.0,0.0,0
0.2692307692307692,-0.18151177133644697,1,1,Other,0.0,1.0,0.0,1
0.34615384615384615,-0.6754583524336583,0,0,Other,0.0,0.0,1.0,0
-0.4230769230769231,-0.2917953862473232,1,1,Other,0.0,0.0,1.0,0
0.5,-0.6754583524336583,0,0,Other,0.0,0.0,1.0,0
0.6538461538461539,0.4239762779501421,1,1,Other,0.0,0.0,1.0,1
-0.15384615384615385,-0.09146896446343035,1,1,Other,0.0,0.0,0.0,0
-0.6538461538461539,0.16732106040574626,0,1,Strong,1.0,0.0,0.0,0
0.6538461538461539,-0.26956150083155617,1,1,Other,0.0,0.0,0.0,1
0.11538461538461539,-0.2514377838751182,1,1,Other,0.0,0.0,1.0,0
-0.2692307692307692,0.4531017820326289,1,1,Other,0.0,1.0,0.0,0
0.15384615384615385,0.33202011679433435,0,1,Other,0.0,0.0,0.0,0
0.34615384615384615,-0.10522562743183121,0,1,Other,1.0,0.0,0.0,0
-0.8846153846153846,-0.16818915633034592,0,1,Other,1.0,0.0,0.0,0
-0.5769230769230769,0.11321565318682,1,1,Other,0.0,0.0,1.0,0
0.9230769230769231,0.35327075070366704,1,1,Other,0.0,1.0,0.0,1
0.9230769230769231,0.5664503070446427,1,1,Other,0.0,0.0,1.0,1
-0.7307692307692307,-0.6754583524336583,1,0,Strong,0.0,1.0,0.0,0
0.7692307692307693,0.48982755451620263,1,1,Elite,0.0,0.0,1.0,1
-0.5384615384615384,0.4646350564594531,1,1,Other,0.0,1.0,0.0,0
0.3076923076923077,0.020462261079849324,0,1,Elite,1.0,0.0,0.0,0
-0.15384615384615385,-0.15030460865925685,0,1,Other,0.0,0.0,0.0,0
0.9230769230769231,0.05218319481445557,1,1,Other,0.0,1.0,0.0,1
-0.5,0.5063213770835963,0,1,Other,0.0,0.0,1.0,0
-0.23076923076923078,0.17183870246233637,1,1,Other,0.0,0.0,1.0,0
-0.038461538461538464,-0.018513474310339863,0,1,Other,0.0,0.0,1.0,0
0.6538461538461539,-0.6754583524336583,1,1,Other,1.0,0.0,0.0,1
-0.8076923076923077,0.16013712372360003,1,0,Other,0.0,1.0,0.0,0
0.5769230769230769,0.37817978886666975,1,1,Other,1.0,0.0,0.0,0
0.8846153846153846,0.3020619492739662,1,1,Other,0.0,0.0,0.0,1
-0.38461538461538464,0.41323137635280127,0,1,Other,0.0,0.0,0.0,0
0.8461538461538461,-0.6754583524336583,1,1,Elite,0.0,0.0,1.0,1
0.6923076923076923,-0.6754583524336583,1,1,Strong,0.0,1.0,0.0,1
-0.4230769230769231,0.3789238710877552,1,1,Other,0.0,1.0,0.0,0
0.34615384615384615,-0.21074357287908885,0,1,Other,0.0,1.0,0.0,0
0.46153846153846156,0.41582680600492067,1,1,Other,0.0,1.0,0.0,1
-0.7692307692307693,-0.040455041710680456,0,1,Other,1.0,0.0,0.0,0
-0.34615384615384615,-0.6754583524336583,1,0,Other,0.0,0.0,0.0,0
-0.6538461538461539,-0.26841880313488925,0,1,Other,0.0,1.0,0.0,0
-0.46153846153846156,-0.6754583524336583,0,0,Other,0.0,0.0,0.0,0
-0.6923076923076923,0.14721312419308047,0,1,Other,0.0,0.0,1.0,0
-0.23076923076923078,0.2759836390492578,0,1,Other,0.0,0.0,1.0,0
0.7307692307692307,-0.6754583524336583,1,1,Other,0.0,0.0,0.0,1
-0.5384615384615384,0.280908754703109,0,1,Other,0.0,1.0,0.0,0
-0.8846153846153846,-0.6754583524336583,1,0,Other,0.0,1.0,0.0,0
0.6923076923076923,0.41154833323367945,1,1,Elite,0.0,0.0,0.0,1
-0.5,-0.6754583524336583,1,0,Other,0.0,0.0,0.0,0
-0.6538461538461539,-0.6754583524336583,1,0,Other,1.0,0.0,0.0,0
0.8846153846153846,0.21061070105389504,1,1,Other,0.0,0.0,1.0,1
0.8461538461538461,-0.08589720592696921,1,1,Elite,0.0,0.0,1.0,1
0.38461538461538464,0.419759812030658,1,1,Other,0.0,0.0,0.0,0
-0.19230769230769232,-0.6754583524336583,0,0,Other,1.0,0.0,0.0,0
-0.6153846153846154,-0.2584268418803135,1,1,Other,0.0,0.0,0.0,0
0.5769230769230769,-0.24158755256741585,1,1,Other,1.0,0.0,0.0,0
-0.46153846153846156,-0.6754583524336583,1,0,Other,0.0,0.0,0.0,0
0.7692307692307693,0.08807630386014798,1,1,Other,1.0,0.0,0.0,1
0.5384615384615384,0.0015413131722483906,0,1,Strong,0.0,1.0,0.0,0
0.46153846153846156,-0.6754583524336583,1,0,Other,0.0,0.0,0.0,0
0.8076923076923077,0.09959186204361296,1,1,Other,0.0,0.0,1.0,1
0.8846153846153846,0.4399386132167605,1,1,Other,0.0,0.0,1.0,1
0.38461538461538464,-0.6754583524336583,1,0,Other,1.0,0.0,0.0,0
-0.9615384615384616,-0.18330997003740343,0,1,Other,1.0,0.0,0.0,0
0.07692307692307693,0.14232344102594766,1,1,Strong,1.0,0.0,0.0,0
-0.15384615384615385,0.3918301543749156,1,1,Other,1.0,0.0,0.0,0
0.8076923076923077,0.07278718584117831,1,1,Elite,0.0,0.0,0.0,1
0.5384615384615384,0.29093614844440313,0,1,Other,0.0,1.0,0.0,0
-0.6153846153846154,0.15217367233365,1,1,Other,0.0,0.0,1.0,0
-0.19230769230769232,0.10734271851325286,1,1,Other,1.0,0.0,0.0,0
0.19230769230769232,-0.012233066039511652,1,1,Other,1.0,0.0,0.0,0
-0.8076923076923077,0.16282999271419493,0,1,Other,1.0,0.0,0.0,0
-0.5769230769230769,-0.27410571725318505,1,1,Strong,0.0,1.0,0.0,0
-0.038461538461538464,0.09639408011728152,0,1,Other,0.0,0.0,1.0,0
0.8461538461538461,-0.6754583524336583,1,1,Elite,0.0,0.0,0.0,1
0.6923076923076923,-0.6754583524336583,1,1,Other,0.0,1.0,0.0,1
0.7692307692307693,-0.1292488534268751,1,1,Elite,1.0,0.0,0.0,1
0.038461538461538464,-0.2530676782641625,0,1,Other,1.0,0.0,0.0,0
0.07692307692307693,-0.6754583524336583,1,0,Other,0.0,0.0,1.0,0
0.5769230769230769,0.0902819761583655,0,0,Other,0.0,1.0,0.0,0
0.7692307692307693,0.19830677004094666,1,1,Other,0.0,0.0,1.0,1
0.46153846153846156,-0.0330585101082241,0,1,Other,0.0,0.0,0.0,0
0.5769230769230769,0.5830770014372303,1,1,Other,0.0,0.0,0.0,1
0.46153846153846156,0.6094299134340059,1,1,Elite,0.0,0.0,1.0,1
0.6923076923076923,0.1807233985069636,1,1,Other,0.0,1.0,0.0,1
0.038461538461538464,-0.6754583524336583,0,0,Other,0.0,0.0,1.0,0
0.8846153846153846,0.40443526152496995,1,1,Other,0.0,0.0,1.0,1
0.8461538461538461,-0.2048794963272013,1,1,Other,1.0,0.0,0.0,1
-0.11538461538461539,-0.6754583524336583,0,0,Elite,0.0,0.0,0.0,0
-0.46153846153846156,0.20184116059110246,0,1,Other,0.0,0.0,1.0,0
-0.9230769230769231,-0.25009134937982075,1,1,Other,1.0,0.0,0.0,0
-0.6153846153846154,-0.15279374085122122,1,1,Other,0.0,0.0,1.0,0
-0.9230769230769231,-0.6754583524336583,0,0,Other,0.0,0.0,0.0,0
-0.9615384615384616,0.14974654699344278,0,1,Other,0.0,0.0,0.0,0
-0.5,-0.30023717620797097,1,1,Other,0.0,1.0,0.0,0
0.46153846153846156,0.3132231825902477,1,0,Other,1.0,0.0,0.0,0
0.5,0.26151832634648986,1,1,Other,0.0,1.0,0.0,0
0.7692307692307693,-0.2769668905556921,1,1,Other,1.0,0.0,0.0,1
-0.46153846153846156,-0.27643540325491683,1,1,Strong,0.0,1.0,0.0,0
-0.8461538461538461,-0.28468231453861365,0,1,Other,0.0,0.0,1.0,0
0.19230769230769232,-0.6754583524336583,1,0,Other,0.0,0.0,1.0,0
0.11538461538461539,0.05934055713156304,1,1,Other,0.0,1.0,0.0,0
-0.34615384615384615,-0.2952943443107606,1,1,Strong,0.0,0.0,1.0,0
-0.5384615384615384,-0.26665603692065115,0,1,Other,0.0,0.0,1.0,0
0.5769230769230769,0.0415003000688719,0,1,Other,0.0,0.0,0.0,0
0.5769230769230769,0.3500729687773356,1,1,Other,0.0,1.0,0.0,1
-0.7692307692307693,-0.6754583524336583,0,0,Other,0.0,1.0,0.0,0
-0.6923076923076923,-0.6754583524336583,1,0,Other,0.0,1.0,0.0,0
-0.38461538461538464,-0.11031904739759457,0,1,Other,1.0,0.0,0.0,0
-0.7307692307692307,0.45451022337968344,0,1,Other,0.0,0.0,1.0,0
0.46153846153846156,-0.6754583524336583,0,0,Other,1.0,0.0,0.0,0
0.8076923076923077,-0.08231852476841549,1,1,Strong,1.0,0.0,0.0,1
0.0,0.004269614649561633,0,1,Other,1.0,0.0,0.0,0
0.4230769230769231,0.5451110919185141,1,1,Other,0.0,0.0,1.0,1
-0.5,-0.6754583524336583,0,0,Other,0.0,0.0,1.0,0
-0.7307692307692307,0.3753806224159198,1,1,Other,0.0,0.0,1.0,0
0.11538461538461539,-0.6754583524336583,1,0,Strong,0.0,1.0,0.0,0
-0.11538461538461539,-0.2593480865349907,1,1,Other,0.0,1.0,0.0,0
0.7307692307692307,0.6417974900512221,1,1,Elite,0.0,0.0,0.0,1
0.038461538461538464,0.2848594769722054,0,1,Other,0.0,0.0,1.0,0
0.8846153846153846,0.22511144624338134,1,1,Other,0.0,0.0,0.0,1
0.34615384615384615,-0.27570903727719054,1,0,Other,0.0,0.0,1.0,0
-0.038461538461538464,0.2509505871827408,1,1,Other,0.0,0.0,1.0,0
0.38461538461538464,-0.15584093470899962,0,1,Other,0.0,0.0,0.0,0
-0.38461538461538464,-0.1738229217185642,0,1,Other,0.0,1.0,0.0,0
0.3076923076923077,-0.006457570704419982,0,1,Other,0.0,1.0,0.0,0
0.2692307692307692,0.12002754875842352,0,1,Other,0.0,1.0,0.0,0
0.7307692307692307,-0.31015827248911004,1,1,Other,1.0,0.0,0.0,1
0.07692307692307693,0.06092616091220937,1,1,Other,0.0,0.0,1.0,0
-0.11538461538461539,0.5239756135910161,1,1,Other,0.0,0.0,0.0,0
0.19230769230769232,0.3923439254323317,0,1,Other,0.0,1.0,0.0,0
0.0,-0.6754583524336583,0,0,Other,0.0,0.0,1.0,0
0.8461538461538461,-0.6754583524336583,1,1,Other,0.0,0.0,0.0,1
-0.07692307692307693,-0.6754583524336583,0,0,Other,0.0,1.0,0.0,0
0.038461538461538464,-0.03979954070639091,0,1,Strong,0.0,1.0,0.0,0
0.6538461538461539,0.5759019228767636,1,1,Other,1.0,0.0,0.0,1
-0.8076923076923077,0.4092186472319477,1,1,Other,0.0,0.0,0.0,0
-0.5,-0.24212789798987075,0,1,Strong,0.0,1.0,0.0,0
-0.2692307692307692,-0.2946299851847915,1,1,Other,1.0,0.0,0.0,0
-0.3076923076923077,0.4293000090795747,0,1,Other,0.0,0.0,0.0,0
-0.038461538461538464,-0.6754583524336583,0,0,Other,0.0,0.0,1.0,0
0.9230769230769231,0.0211709108142164,1,1,Other,0.0,0.0,0.0,1
0.34615384615384615,-0.09130066015151816,0,1,Other,1.0,0.0,0.0,0
0.6538461538461539,-0.06485030881626705,1,1,Other,0.0,0.0,0.0,1
0.7307692307692307,0.5813408095880309,1,1,Other,1.0,0.0,0.0,1
-0.4230769230769231,0.3236846242938416,1,1,Other,0.0,1.0,0.0,0
0.8461538461538461,-0.6754583524336583,1,1,Other,0.0,0.0,0.0,1
0.8461538461538461,-0.19251355846249582,1,1,Other,0.0,0.0,1.0,1
0.5384615384615384,-0.07797804514541715,0,1,Other,0.0,0.0,1.0,0
0.6923076923076923,0.1195049195793278,1,1,Other,1.0,0.0,0.0,1
-0.6153846153846154,-0.04753268093267163,0,1,Other,0.0,0.0,0.0,0
-0.038461538461538464,-0.1854004867537863,0,1,Other,0.0,0.0,0.0,0
0.5384615384615384,0.31419757597500236,1,1,Other,0.0,1.0,0.0,0
-0.8846153846153846,-0.16986334132778816,0,1,Strong,0.0,0.0,1.0,0
-0.46153846153846156,0.6191206985514757,0,1,Other,0.0,0.0,0.0,0
-0.6923076923076923,0.18039564800481883,1,1,Other,1.0,0.0,0.0,0
-0.5769230769230769,0.4506746566924217,1,1,Other,0.0,1.0,0.0,0
0.2692307692307692,0.45927589284330206,0,1,Strong,0.0,1.0,0.0,0
-0.8461538461538461,-0.6754583524336583,1,0,Other,0.0,1.0,0.0,0
-0.9230769230769231,-0.2548658769651189,1,1,Other,0.0,0.0,0.0,0
0.2692307692307692,0.2710142327870087,1,1,Other,0.0,0.0,0.0,0
-0.46153846153846156,-0.6754583524336583,1,0,Other,1.0,0.0,0.0,0
-0.5,-0.6754583524336583,0,0,Other,0.0,1.0,0.0,0
0.15384615384615385,-0.6754583524336583,1,0,Other,0.0,0.0,1.0,0
-0.8846153846153846,-0.6754583524336583,0,0,Other,0.0,1.0,0.0,0
0.7692307692307693,-0.6754583524336583,1,1,Elite,0.0,0.0,1.0,1
0.5384615384615384,-0.6754583524336583,1,0,Other,1.0,0.0,0.0,0
0.4230769230769231,-0.12085135407462524,1,1,Other,0.0,0.0,0.0,0
0.23076923076923078,0.5852029506403315,0,1,Strong,1.0,0.0,0.0,0
-0.38461538461538464,-0.17882776046753165,0,1,Other,0.0,0.0,0.0,0
0.6923076923076923,-0.042315247263394036,1,1,Elite,1.0,0.0,0.0,1
-0.9230769230769231,-0.6754583524336583,1,0,Other,0.0,0.0,0.0,0
0.34615384615384615,-0.21015893684823603,1,1,Other,1.0,0.0,0.0,0
0.38461538461538464,-0.05181115370391286,1,1,Strong,0.0,0.0,1.0,0
0.6153846153846154,-0.21716571109679048,1,1,Other,0.0,1.0,0.0,1
-0.19230769230769232,-0.18315938196885043,0,1,Other,0.0,0.0,0.0,0
-0.9615384615384616,-0.6754583524336583,1,0,Other,1.0,0.0,0.0,0
0.8076923076923077,-0.2371053429975441,1,1,Elite,0.0,1.0,0.0,1
0.11538461538461539,0.4253315705671191,0,1,Other,0.0,0.0,0.0,0
-0.34615384615384615,-0.11661717191178196,0,1,Other,0.0,0.0,0.0,0
0.8076923076923077,0.09233706038803002,1,1,Strong,1.0,0.0,0.0,1
0.7307692307692307,0.19846621623117927,1,1,Elite,0.0,1.0,0.0,1
-0.46153846153846156,0.07683534744875023,1,1,Other,0.0,1.0,0.0,0
0.15384615384615385,0.2817325600193107,1,1,Other,1.0,0.0,0.0,0
-0.8846153846153846,0.31350664248399446,0,1,Other,0.0,0.0,0.0,0
-0.6923076923076923,0.23629925392470152,1,1,Other,0.0,0.0,0.0,0
-0.11538461538461539,0.14172994687341522,1,1,Other,1.0,0.0,0.0,0
0.6538461538461539,-0.057134884833345514,1,1,Strong,0.0,1.0,0.0,1
-0.5,0.4347743282775604,1,1,Other,1.0,0.0,0.0,0
-0.5384615384615384,-0.05811813633977983,1,1,Other,1.0,0.0,0.0,0
0.4230769230769231,-0.0897416307359106,0,1,Other,1.0,0.0,0.0,0
0.3076923076923077,0.6056563535985012,1,1,Other,0.0,0.0,1.0,1
0.8846153846153846,0.39884578674514964,1,1,Other,0.0,0.0,1.0,1
0.46153846153846156,-0.6754583524336583,0,0,Other,0.0,1.0,0.0,0
-0.23076923076923078,-0.21917650471805705,0,1,Other,0.0,1.0,0.0,0
0.0,-0.04210265234308391,1,1,Elite,0.0,1.0,0.0,0
0.9230769230769231,-0.046930328658459614,1,1,Elite,0.0,1.0,0.0,1
0.8461538461538461,0.46724820235493164,1,1,Other,1.0,0.0,0.0,1
0.7692307692307693,-0.6754583524336583,1,1,Other,0.0,0.0,0.0,1
0.6923076923076923,-0.08747395158593596,1,1,Other,0.0,0.0,0.0,1
0.19230769230769232,-0.6754583524336583,1,0,Other,0.0,0.0,0.0,0
0.07692307692307693,-0.6754583524336583,0,0,Other,0.0,1.0,0.0,0
0.8461538461538461,0.15995110316832867,1,1,Strong,0.0,1.0,0.0,1
-0.6153846153846154,0.16976590198931268,1,1,Other,0.0,1.0,0.0,0
-0.15384615384615385,-0.6754583524336583,1,0,Strong,1.0,0.0,0.0,0
-0.5,-0.21532322178743607,1,1,Other,0.0,0.0,1.0,0
-0.5384615384615384,0.37561093357958913,0,1,Other,0.0,0.0,1.0,0
0.7307692307692307,-0.6754583524336583,1,1,Other,0.0,1.0,0.0,1
0.7307692307692307,-0.10547365483885969,1,1,Other,0.0,1.0,0.0,1
0.5,0.596621069485321,0,1,Other,0.0,1.0,0.0,0
-0.38461538461538464,-0.6754583524336583,0,0,Other,0.0,0.0,0.0,0
-0.6538461538461539,-0.26232441541933244,1,1,Other,0.0,1.0,0.0,0
0.6923076923076923,0.1954455967384396,1,1,Strong,0.0,0.0,1.0,1
-0.23076923076923078,0.3635993205820672,1,1,Other,0.0,1.0,0.0,0
-0.34615384615384615,0.19847507435285885,0,1,Other,0.0,0.0,0.0,0
-0.3076923076923077,0.43908823353551996,0,1,Other,1.0,0.0,0.0,0
0.4230769230769231,-0.6754583524336583,0,0,Other,0.0,1.0,0.0,0
-0.9615384615384616,-0.04943717709378315,1,1,Other,0.0,1.0,0.0,0
-0.4230769230769231,0.5361555309004502,1,1,Other,0.0,0.0,1.0,0
-0.6923076923076923,0.5318061931557723,0,1,Other,0.0,0.0,1.0,0
0.9230769230769231,0.30806775577272716,1,1,Other,1.0,0.0,0.0,1
-0.5,0.634480681543882,0,1,Other,0.0,0.0,1.0,0
0.19230769230769232,0.05562900414781548,0,1,Other,0.0,0.0,0.0,0
-0.4230769230769231,0.3377336052776689,0,1,Other,1.0,0.0,0.0,0
0.38461538461538464,0.47681497376888715,0,1,Other,0.0,0.0,0.0,0
0.3076923076923077,-0.6754583524336583,1,0,Other,0.0,1.0,0.0,0
0.5384615384615384,-0.6754583524336583,0,0,Other,0.0,0.0,1.0,0
-0.3076923076923077,0.5318327675208111,1,1,Other,0.0,0.0,0.0,0
0.5,0.6022636929952189,1,1,Other,0.0,0.0,0.0,0
-0.19230769230769232,-0.6754583524336583,1,0,Other,0.0,0.0,0.0,0
-0.9615384615384616,0.35172057940973905,0,0,Strong,1.0,0.0,0.0,0
-0.8076923076923077,0.524666547082024,1,1,Other,1.0,0.0,0.0,0
-0.9230769230769231,0.01957644891189048,0,1,Strong,0.0,0.0,0.0,0
-0.19230769230769232,0.301441880756395,1,1,Other,0.0,0.0,1.0,0
-0.4230769230769231,-0.6754583524336583,1,0,Other,0.0,1.0,0.0,0
-0.3076923076923077,0.4706762954449324,1,1,Other,0.0,0.0,0.0,0
0.46153846153846156,-0.6754583524336583,0,0,Other,0.0,1.0,0.0,0
0.6923076923076923,-0.16515967871592668,1,1,Other,0.0,0.0,0.0,1
-0.38461538461538464,0.5543944034387228,0,1,Other,0.0,1.0,0.0,0
-0.23076923076923078,0.5540046460848209,1,1,Other,0.0,0.0,0.0,0
0.3076923076923077,-0.1600042518984062,0,1,Strong,1.0,0.0,0.0,0
-0.8076923076923077,0.47290854210818867,1,1,Other,1.0,0.0,0.0,0
-0.11538461538461539,-0.6754583524336583,0,0,Other,1.0,0.0,0.0,0
0.7692307692307693,-0.6754583524336583,1,1,Other,1.0,0.0,0.0,1
0.038461538461538464,-0.6754583524336583,0,0,Strong,0.0,1.0,0.0,0
0.2692307692307692,0.5538983486246659,1,1,Elite,0.0,0.0,0.0,1
0.7307692307692307,0.08122011768014652,1,1,Other,0.0,0.0,1.0,1
0.6538461538461539,-0.0444146221014565,1,1,Other,1.0,0.0,0.0,1
0.8461538461538461,0.1958264959706619,1,1,Other,0.0,0.0,1.0,1
0.6538461538461539,-0.6754583524336583,1,1,Other,0.0,0.0,1.0,1
0.9230769230769231,0.35264182406441624,1,1,Elite,0.0,1.0,0.0,1
-0.6153846153846154,-0.6754583524336583,1,0,Strong,0.0,1.0,0.0,0
0.8076923076923077,0.028106820089334156,1,1,Elite,1.0,0.0,0.0,1
0.23076923076923078,0.20736862851916565,0,1,Other,1.0,0.0,0.0,0
-0.6923076923076923,0.44659992071981097,0,1,Other,0.0,1.0,0.0,0
0.07692307692307693,0.3237554892672783,1,1,Other,1.0,0.0,0.0,0
0.7692307692307693,0.5241173435378895,1,1,Elite,0.0,0.0,1.0,1
0.7692307692307693,0.5952303443816256,1,1,Elite,0.0,0.0,0.0,1
-0.15384615384615385,0.11618312394948213,1,0,Other,0.0,0.0,0.0,0
0.7692307692307693,0.2591354916146806,1,1,Other,0.0,0.0,0.0,1
-0.5,-0.003906431660698507,1,1,Other,0.0,1.0,0.0,0
-0.9615384615384616,0.012853134557082844,0,1,Other,0.0,1.0,0.0,0
-0.9615384615384616,0.6325939016261297,1,1,Other,1.0,0.0,0.0,0
0.19230769230769232,0.05092534153595401,0,0,Other,0.0,0.0,1.0,0
0.11538461538461539,0.25400663916219884,1,1,Other,1.0,0.0,0.0,0
-0.6538461538461539,-0.023075406975327915,0,0,Other,0.0,0.0,0.0,0
-0.9230769230769231,-0.6754583524336583,0,0,Elite,0.0,0.0,1.0,0
0.34615384615384615,-0.6754583524336583,1,1,Elite,0.0,1.0,0.0,1
-0.4230769230769231,0.40044024864747557,0,1,Strong,0.0,0.0,0.0,0
-0.7307692307692307,-0.016290085768763164,1,1,Other,0.0,0.0,1.0,0
0.8461538461538461,-0.2287167017669738,1,1,Other,0.0,1.0,0.0,1
0.9230769230769231,-0.6754583524336583,1,1,Other,1.0,0.0,0.0,1
0.038461538461538464,-0.6754583524336583,0,0,Other,0.0,1.0,0.0,0
-0.15384615384615385,-0.20801527140177561,0,0,Other,1.0,0.0,0.0,0
0.5384615384615384,-0.24733647353746874,1,1,Other,0.0,0.0,1.0,0
0.3076923076923077,0.25560110106452477,0,0,Other,1.0,0.0,0.0,0
0.0,0.10382604420645625,1,1,Other,0.0,0.0,1.0,0
0.6538461538461539,-0.31437473840859415,1,1,Other,1.0,0.0,0.0,1
0.9230769230769231,0.6292455316312453,1,1,Other,1.0,0.0,0.0,1
0.5769230769230769,0.19446234523200528,0,1,Other,0.0,0.0,0.0,0
0.6153846153846154,-0.6754583524336583,1,1,Other,0.0,0.0,0.0,1
-0.6923076923076923,-0.6754583524336583,0,0,Elite,1.0,0.0,0.0,0
0.46153846153846156,-0.6754583524336583,0,0,Other,0.0,0.0,1.0,0
-0.8461538461538461,0.43747605538983486,1,1,Other,0.0,0.0,1.0,0
-0.8076923076923077,0.587709799075655,0,1,Other,1.0,0.0,0.0,0
-0.6923076923076923,0.43992975509508087,1,1,Other,0.0,0.0,0.0,0
0.34615384615384615,-0.6754583524336583,1,0,Other,0.0,0.0,0.0,0
0.5,-0.16929642154029448,1,1,Other,0.0,0.0,0.0,0
0.38461538461538464,0.3960200459293609,0,0,Strong,0.0,0.0,0.0,0
0.7692307692307693,-0.6754583524336583,1,1,Elite,0.0,1.0,0.0,1
0.7307692307692307,0.5802246862564028,1,1,Other,0.0,0.0,1.0,1
-0.15384615384615385,-0.09859975241549905,1,1,Other,0.0,1.0,0.0,0
-0.4230769230769231,-0.18167121752667956,1,1,Other,0.0,0.0,0.0,0
-0.5,-0.11062908165638018,0,1,Other,1.0,0.0,0.0,0
0.3076923076923077,0.3562913701964067,1,1,Elite,1.0,0.0,0.0,1
-0.8846153846153846,0.5126283597194633,1,1,Other,0.0,1.0,0.0,0
0.8846153846153846,0.06990829629531206,1,1,Other,1.0,0.0,0.0,1
-0.2692307692307692,0.6327887803030806,1,1,Strong,0.0,0.0,1.0,0
-0.6923076923076923,-0.6754583524336583,1,0,Other,0.0,0.0,1.0,0
-0.7307692307692307,0.5652101700095004,0,1,Other,1.0,0.0,0.0,0
0.38461538461538464,-0.06915535595254704,1,1,Other,0.0,0.0,1.0,1
-0.11538461538461539,0.3180774332706621,1,1,Other,0.0,0.0,0.0,0
0.8076923076923077,0.6067016119566926,1,1,Other,1.0,0.0,0.0,1
0.34615384615384615,-0.6754583524336583,0,0,Other,0.0,0.0,1.0,0
0.23076923076923078,-0.27167859191297783,1,1,Other,0.0,1.0,0.0,1
-0.9615384615384616,0.41388687735709084,1,1,Other,0.0,0.0,1.0,0
-0.38461538461538464,-0.6754583524336583,0,0,Other,1.0,0.0,0.0,0
-0.8076923076923077,-0.26642572575698187,0,1,Other,1.0,0.0,0.0,0
-0.38461538461538464,-0.6754583524336583,0,0,Other,0.0,1.0,0.0,0
0.0,-0.6754583524336583,1,0,Other,1.0,0.0,0.0,0
0.7307692307692307,0.49363654683842567,1,1,Other,0.0,1.0,0.0,1
0.6153846153846154,0.5848309095297888,1,1,Other,0.0,0.0,1.0,1
0.8846153846153846,-0.3127979927496274,1,1,Elite,0.0,0.0,0.0,1
0.23076923076923078,-0.6754583524336583,1,0,Other,0.0,0.0,1.0,0
0.9230769230769231,-0.017618804020701432,1,1,Other,0.0,1.0,0.0,1
-0.11538461538461539,-0.021303782639410226,1,1,Other,0.0,1.0,0.0,0
-0.19230769230769232,0.4401246337720318,0,1,Other,1.0,0.0,0.0,0
0.8076923076923077,-0.07453223581205723,1,1,Other,1.0,0.0,0.0,1
-0.2692307692307692,0.36944568089059554,0,1,Other,0.0,0.0,0.0,0
-0.5384615384615384,0.12222436293496146,1,1,Other,0.0,1.0,0.0,0
0.15384615384615385,0.3241363884995006,1,1,Other,0.0,0.0,0.0,0
0.8846153846153846,0.09085775406753875,1,1,Elite,1.0,0.0,0.0,1
-0.38461538461538464,0.21785664458779838,0,1,Other,0.0,0.0,0.0,0
0.6538461538461539,0.3726966115470045,1,1,Other,0.0,1.0,0.0,1
0.15384615384615385,0.32449071336668417,0,1,Other,0.0,1.0,0.0,0
0.7692307692307693,-0.6754583524336583,1,1,Other,0.0,0.0,0.0,1
0.38461538461538464,0.4417545281610761,1,1,Elite,0.0,0.0,1.0,1
0.19230769230769232,0.12601563901382531,0,1,Other,1.0,0.0,0.0,0
-0.6153846153846154,0.35258867533433874,1,1,Other,0.0,0.0,0.0,0
0.8076923076923077,0.2121520142261434,1,1,Other,0.0,0.0,0.0,1
0.15384615384615385,-0.6754583524336583,1,0,Other,0.0,0.0,1.0,0
0.15384615384615385,-0.6754583524336583,0,0,Other,0.0,1.0,0.0,0
0.19230769230769232,0.2591177753713214,1,1,Other,0.0,0.0,0.0,0
-0.8076923076923077,0.40963497895088835,0,1,Strong,0.0,0.0,1.0,0
0.8076923076923077,0.2719709099284042,1,1,Elite,0.0,0.0,0.0,1
-0.23076923076923078,-0.6754583524336583,0,0,Other,0.0,0.0,1.0,0
-0.38461538461538464,-0.024563571417498778,0,1,Strong,0.0,0.0,1.0,0
-0.15384615384615385,-0.07541804798001608,1,1,Elite,0.0,0.0,1.0,0
-0.038461538461538464,-0.6754583524336583,0,0,Other,0.0,0.0,0.0,0
-0.5,-0.6754583524336583,1,0,Other,0.0,1.0,0.0,0
-0.6538461538461539,0.23489081257764696,0,1,Strong,1.0,0.0,0.0,0
-0.7692307692307693,0.3290615041533518,0,1,Other,0.0,0.0,0.0,0
0.0,0.35079047663338225,1,1,Other,0.0,0.0,1.0,0
-0.2692307692307692,0.5665566045047978,1,1,Other,0.0,0.0,0.0,0
0.23076923076923078,0.4945046427630253,1,1,Elite,0.0,1.0,0.0,1
0.38461538461538464,-0.6754583524336583,1,0,Other,0.0,0.0,0.0,0
-0.11538461538461539,-0.014801921326592303,1,0,Other,0.0,0.0,1.0,0
0.5384615384615384,-0.6754583524336583,1,0,Elite,0.0,1.0,0.0,0
0.6153846153846154,0.2902540730750748,1,1,Other,0.0,0.0,1.0,1
-0.8461538461538461,-0.20689914807014748,0,1,Other,0.0,1.0,0.0,0
0.38461538461538464,0.05035842174846035,0,1,Other,1.0,0.0,0.0,0
0.2692307692307692,-0.14033036364804025,1,0,Other,0.0,0.0,0.0,0
0.8846153846153846,0.5372716542320783,1,1,Strong,0.0,0.0,0.0,1
0.038461538461538464,-0.20181458622606369,1,1,Other,1.0,0.0,0.0,0
0.038461538461538464,-0.6754583524336583,1,0,Strong,1.0,0.0,0.0,0
0.5769230769230769,0.6302464993810387,1,1,Other,0.0,0.0,1.0,0
-0.5769230769230769,0.5402214087513814,1,0,Other,0.0,0.0,0.0,0
-0.7307692307692307,-0.19249584221913665,0,1,Other,0.0,1.0,0.0,0
0.15384615384615385,0.570489610530535,1,1,Other,1.0,0.0,0.0,0
-0.8461538461538461,0.3134180612671986,1,1,Elite,1.0,0.0,0.0,0
-0.5769230769230769,-0.10949524208139286,0,1,Other,0.0,0.0,0.0,0
-0.4230769230769231,-0.6754583524336583,1,0,Other,1.0,0.0,0.0,0
-0.038461538461538464,-0.22357899119281252,0,1,Other,0.0,0.0,1.0,0
0.6538461538461539,-0.26818849197121997,1,1,Other,0.0,1.0,0.0,1
0.19230769230769232,-0.29900589729450816,1,0,Other,0.0,0.0,0.0,0
-0.11538461538461539,0.1247223532486054,1,1,Other,0.0,0.0,1.0,0
0.9230769230769231,-0.6754583524336583,1,1,Elite,0.0,0.0,1.0,1
0.34615384615384615,0.42852935249345053,1,1,Other,0.0,0.0,0.0,0
-0.23076923076923078,0.24428042155801072,1,1,Other,0.0,0.0,0.0,0
0.8076923076923077,0.4382289957325999,1,1,Other,0.0,1.0,0.0,1
0.7307692307692307,-0.12016927870529694,1,1,Elite,0.0,1.0,0.0,1
-0.8076923076923077,0.48414949851958644,0,1,Other,1.0,0.0,0.0,0
-0.7307692307692307,0.43963743707965447,0,1,Other,0.0,0.0,1.0,0
-0.19230769230769232,-0.30737682228171925,1,1,Other,1.0,0.0,0.0,0
0.8846153846153846,0.35656597196847395,1,1,Elite,0.0,0.0,0.0,1
0.038461538461538464,0.31535798991502845,0,0,Other,1.0,0.0,0.0,0
0.7692307692307693,-0.6754583524336583,1,1,Elite,1.0,0.0,0.0,1
0.8846153846153846,-0.26174863751015914,1,1,Elite,1.0,0.0,0.0,1
-0.7692307692307693,-0.6754583524336583,1,0,Other,1.0,0.0,0.0,0
-0.11538461538461539,-0.0727163208677416,0,1,Other,0.0,1.0,0.0,0
0.19230769230769232,0.3234543131301723,0,1,Other,0.0,1.0,0.0,0
-0.5,-0.2772946410578369,1,0,Other,0.0,0.0,1.0,0
0.7307692307692307,0.5770003299650326,1,1,Elite,0.0,1.0,0.0,1
-0.6923076923076923,-0.31798885205386623,1,1,Other,0.0,0.0,0.0,0
0.9230769230769231,0.23995765817837156,1,1,Strong,1.0,0.0,0.0,1
0.8846153846153846,0.6085352431443675,1,1,Other,1.0,0.0,0.0,1
-0.038461538461538464,-0.11371170800087696,1,1,Other,0.0,1.0,0.0,0
-0.4230769230769231,-0.27755152658654497,1,1,Other,0.0,0.0,0.0,0
0.34615384615384615,0.6490788660718438,1,1,Other,0.0,0.0,0.0,0
0.4230769230769231,-0.2456711466617061,1,1,Strong,0.0,1.0,0.0,0
-0.38461538461538464,-0.2304971842245711,0,1,Other,0.0,0.0,0.0,0
0.07692307692307693,0.4796761470713942,1,1,Other,0.0,0.0,0.0,0
0.15384615384615385,0.07573694036048126,1,1,Other,0.0,1.0,0.0,0
0.19230769230769232,0.6229651233604171,0,1,Other,0.0,1.0,0.0,0
-0.15384615384615385,0.3943458609319187,0,1,Other,0.0,0.0,1.0,0
0.7692307692307693,0.19448891959704404,1,1,Elite,0.0,1.0,0.0,1
-0.8461538461538461,0.2988730254693144,0,1,Other,0.0,0.0,0.0,0
0.0,0.6181551632884005,0,1,Other,0.0,0.0,1.0,0
0.0,0.48334340944674387,0,1,Other,0.0,0.0,0.0,0
0.9230769230769231,0.22310951074379434,1,1,Other,0.0,1.0,0.0,1
-0.2692307692307692,-0.03188037992483884,1,1,Other,0.0,1.0,0.0,0
-0.4230769230769231,0.3387965798792195,0,1,Other,0.0,0.0,1.0,0
-0.8846153846153846,-0.2750712525162602,0,1,Other,1.0,0.0,0.0,0
0.07692307692307693,0.14150849383142552,1,1,Other,0.0,0.0,0.0,0
0.34615384615384615,0.22861040430681875,1,1,Other,0.0,0.0,1.0,1
-0.38461538461538464,-0.6754583524336583,0,0,Other,0.0,0.0,1.0,0
-0.23076923076923078,0.16481421197042273,0,1,Other,0.0,1.0,0.0,0
0.11538461538461539,-0.09966272701704967,1,1,Strong,0.0,0.0,1.0,0
-0.3076923076923077,-0.6754583524336583,1,0,Other,0.0,0.0,1.0,0
-0.5384615384615384,-0.2581256657432075,0,1,Other,0.0,0.0,0.0,0
-0.34615384615384615,-0.6754583524336583,1,0,Strong,0.0,0.0,1.0,0
-0.5769230769230769,-0.6754583524336583,0,0,Other,0.0,0.0,0.0,0
0.46153846153846156,0.43341017753890376,0,1,Other,0.0,1.0,0.0,0
-0.8846153846153846,0.6494686234257457,1,1,Other,0.0,1.0,0.0,0
-0.19230769230769232,-0.6754583524336583,0,0,Other,0.0,0.0,0.0,0
-0.5,-0.1991925822089055,0,1,Other,0.0,0.0,0.0,0
-0.23076923076923078,-0.27873851489160983,1,1,Other,1.0,0.0,0.0,0
0.8076923076923077,0.31360408182246996,1,1,Other,0.0,0.0,0.0,1
-0.7307692307692307,-0.13910794285625705,0,1,Other,0.0,1.0,0.0,0
0.2692307692307692,0.520813264151403,1,1,Other,0.0,0.0,1.0,0
0.6923076923076923,0.07536489924993854,1,1,Other,0.0,0.0,1.0,1
0.6923076923076923,-0.6754583524336583,1,1,Other,0.0,0.0,0.0,1
-0.7307692307692307,0.16166957877416882,1,1,Elite,1.0,0.0,0.0,0
-0.4230769230769231,0.16507995562081038,1,1,Other,1.0,0.0,0.0,0
0.5,-0.6754583524336583,1,1,Elite,0.0,0.0,1.0,1
-0.2692307692307692,-0.29396562605882237,0,1,Elite,1.0,0.0,0.0,0
-0.8461538461538461,-0.2799520775617134,0,1,Strong,0.0,0.0,0.0,0
-0.38461538461538464,0.4213365576896247,0,0,Other,0.0,0.0,1.0,0
-0.4230769230769231,-0.6754583524336583,0,0,Other,0.0,0.0,0.0,0
0.8846153846153846,0.241454680742222,1,1,Other,0.0,0.0,1.0,1
0.4230769230769231,0.3309925746795021,0,1,Other,0.0,0.0,0.0,0
-0.23076923076923078,0.4204861780083842,1,1,Other,0.0,0.0,0.0,0
0.46153846153846156,-0.3177762571335561,1,0,Other,0.0,0.0,1.0,0
0.6538461538461539,0.03870999173980153,1,1,Other,1.0,0.0,0.0,1
-0.9230769230769231,-0.6754583524336583,0,0,Other,1.0,0.0,0.0,0
0.8846153846153846,-0.6754583524336583,1,1,Other,0.0,0.0,0.0,1
-0.19230769230769232,-0.23264084967103152,0,1,Other,0.0,1.0,0.0,0
0.5,0.08012171059187755,1,1,Strong,1.0,0.0,0.0,0
-0.38461538461538464,0.34032903492978833,1,1,Other,0.0,0.0,1.0,0
0.6538461538461539,-0.6754583524336583,1,1,Other,0.0,1.0,0.0,1
-0.6923076923076923,0.6388831680186375,0,1,Other,0.0,0.0,1.0,0
-0.7692307692307693,0.5958415547775172,0,1,Other,0.0,0.0,1.0,0
-0.11538461538461539,-0.09217761419779742,1,1,Other,0.0,1.0,0.0,0
0.8846153846153846,-0.08317776257133556,1,1,Other,0.0,0.0,0.0,1
-0.8076923076923077,-0.6754583524336583,0,0,Other,0.0,1.0,0.0,0
-0.4230769230769231,0.25762961092915054,1,1,Other,0.0,1.0,0.0,0
-0.6923076923076923,0.22870784364529423,0,1,Other,0.0,1.0,0.0,0
0.9230769230769231,0.42635911268195137,1,1,Other,1.0,0.0,0.0,1
0.4230769230769231,-0.00549203544134484,0,1,Other,1.0,0.0,0.0,0
-0.5384615384615384,0.400838864123057,0,1,Other,0.0,0.0,1.0,0
-0.11538461538461539,0.15743539661132555,0,1,Other,0.0,1.0,0.0,0
-0.5,0.4521362467695538,0,1,Other,0.0,0.0,0.0,0
-0.5,-0.30072437290034837,1,1,Other,0.0,0.0,0.0,0
0.19230769230769232,0.10755531343356298,0,0,Strong,1.0,0.0,0.0,0
-0.19230769230769232,0.5283160932140144,0,1,Other,1.0,0.0,0.0,0
0.7307692307692307,-0.10450811957578456,1,1,Elite,0.0,1.0,0.0,1
0.46153846153846156,-0.6754583524336583,0,0,Other,1.0,0.0,0.0,0
0.38461538461538464,-0.6754583524336583,1,0,Other,0.0,0.0,0.0,0
0.46153846153846156,-0.6754583524336583,0,0,Other,1.0,0.0,0.0,0
0.2692307692307692,0.2044808808516198,0,1,Other,0.0,1.0,0.0,0
-0.038461538461538464,0.5848309095297888,1,1,Strong,0.0,0.0,0.0,0
0.46153846153846156,0.3674880359994065,1,1,Elite,0.0,0.0,0.0,1
-0.5384615384615384,-0.6754583524336583,0,0,Other,0.0,1.0,0.0,0
0.5384615384615384,-0.30848408749166784,0,1,Other,0.0,1.0,0.0,0
-0.5769230769230769,0.42275385715835884,1,1,Other,0.0,0.0,1.0,0
0.34615384615384615,-0.2570715492633365,1,1,Other,0.0,0.0,0.0,1
-0.7307692307692307,0.21992944506082207,0,1,Other,1.0,0.0,0.0,0
-0.8846153846153846,-0.1158996640557353,1,1,Other,1.0,0.0,0.0,0
-0.2692307692307692,0.6317169475798504,1,1,Strong,0.0,1.0,0.0,0
0.46153846153846156,-0.2315867331911605,1,1,Other,0.0,1.0,0.0,0
-0.07692307692307693,-0.6754583524336583,1,0,Other,1.0,0.0,0.0,0
0.0,0.42961004333836034,1,1,Other,0.0,1.0,0.0,0
-0.19230769230769232,0.3698797288528954,0,1,Other,1.0,0.0,0.0,0
-0.6153846153846154,-0.176108317111898,1,1,Other,0.0,0.0,0.0,0
0.34615384615384615,-0.07492199316595913,0,1,Other,0.0,0.0,1.0,0
-0.7692307692307693,0.10050424857661057,1,1,Other,0.0,0.0,1.0,0
-0.07692307692307693,0.08898869039314558,0,1,Other,0.0,1.0,0.0,0
0.8461538461538461,-0.06447826770572435,1,1,Elite,0.0,1.0,0.0,1
0.5769230769230769,0.2510391683995367,1,1,Other,0.0,1.0,0.0,0
-0.46153846153846156,0.3874365260218397,0,1,Other,0.0,0.0,0.0,0
-0.5,-0.6754583524336583,0,0,Other,0.0,0.0,0.0,0
-0.38461538461538464,0.16065089478101616,1,1,Other,1.0,0.0,0.0,0
0.34615384615384615,-0.6754583524336583,1,0,Elite,0.0,0.0,1.0,0
-0.07692307692307693,-0.6754583524336583,0,0,Elite,0.0,0.0,0.0,0
-0.038461538461538464,0.567132382413971,1,1,Other,0.0,1.0,0.0,0
0.5,0.4592493184782633,1,1,Other,0.0,1.0,0.0,0
-0.46153846153846156,0.3596308820696115,0,1,Other,0.0,0.0,0.0,0
-0.23076923076923078,-0.6754583524336583,0,0,Strong,0.0,0.0,0.0,0
-0.8461538461538461,0.30869668241197795,1,1,Other,1.0,0.0,0.0,0
0.15384615384615385,-0.2305680491980078,0,1,Other,0.0,0.0,0.0,0
-0.6923076923076923,0.6502835706202679,1,1,Other,1.0,0.0,0.0,0
-0.6153846153846154,-0.17152866820355078,1,1,Other,0.0,1.0,0.0,0
-0.8846153846153846,-0.1660632071272447,0,1,Other,0.0,0.0,1.0,0
0.8461538461538461,0.5375728303691844,1,1,Other,0.0,1.0,0.0,1
0.46153846153846156,0.2874903391110432,0,1,Other,0.0,0.0,1.0,0
0.07692307692307693,-0.6754583524336583,1,0,Other,0.0,0.0,0.0,0
0.46153846153846156,-0.6754583524336583,1,0,Other,0.0,0.0,0.0,0
0.6538461538461539,-0.6754583524336583,1,1,Other,0.0,0.0,0.0,1
-0.5384615384615384,-0.6754583524336583,0,0,Other,0.0,1.0,0.0,0
-0.5384615384615384,-0.6754583524336583,0,0,Other,1.0,0.0,0.0,0
-0.9230769230769231,0.5010862271709595,1,1,Other,0.0,1.0,0.0,0
0.5769230769230769,-0.047913580164893936,1,1,Strong,1.0,0.0,0.0,1
0.6538461538461539,0.27539014489672536,1,1,Strong,0.0,0.0,1.0,1
0.19230769230769232,-0.16159871380073212,0,1,Other,1.0,0.0,0.0,0
0.4230769230769231,0.4876927471914218,0,1,Other,0.0,0.0,0.0,0
0.6923076923076923,-0.6754583524336583,1,1,Other,0.0,1.0,0.0,1
-0.46153846153846156,-0.6754583524336583,0,0,Other,0.0,0.0,0.0,0
0.23076923076923078,-0.6754583524336583,1,0,Other,0.0,1.0,0.0,0
0.15384615384615385,-0.2535814493215786,0,1,Elite,0.0,0.0,0.0,0
0.7307692307692307,-0.2965964881976601,1,1,Strong,0.0,1.0,0.0,1
0.7692307692307693,0.3831580532505985,1,1,Elite,0.0,0.0,1.0,1
0.6923076923076923,0.5296448114659527,1,1,Elite,0.0,0.0,0.0,1
0.7307692307692307,0.29446168087287933,1,1,Other,1.0,0.0,0.0,1
0.6923076923076923,0.3347572763933272,1,1,Other,0.0,1.0,0.0,1
-0.6538461538461539,-0.08922785967849448,0,1,Other,1.0,0.0,0.0,0
-0.4230769230769231,-0.6754583524336583,0,0,Other,0.0,1.0,0.0,0
-0.38461538461538464,-0.16739192537918296,1,1,Strong,1.0,0.0,0.0,0
-0.07692307692307693,0.056629971897608974,0,1,Other,0.0,0.0,0.0,0
0.11538461538461539,-0.6754583524336583,0,0,Other,0.0,0.0,0.0,0
-0.9615384615384616,0.5881969957680324,1,1,Other,0.0,0.0,1.0,0
0.4230769230769231,-0.22173650188345811,0,1,Other,1.0,0.0,0.0,0
-0.07692307692307693,-0.19280587647792224,0,1,Other,0.0,0.0,0.0,0
0.11538461538461539,-0.6754583524336583,1,0,Other,0.0,0.0,1.0,0
0.3076923076923077,0.5686736955862194,1,0,Other,0.0,0.0,1.0,0
-0.6153846153846154,0.1778710833261361,1,1,Other,0.0,0.0,1.0,0
0.34615384615384615,0.37369757929679803,0,1,Other,0.0,1.0,0.0,0
-0.11538461538461539,-0.017237904788479128,0,1,Other,0.0,1.0,0.0,0
0.34615384615384615,0.36658450758808847,0,1,Other,0.0,0.0,1.0,0
-0.34615384615384615,-0.6754583524336583,0,0,Other,0.0,0.0,1.0,0
-0.5769230769230769,0.20447202272994022,1,1,Other,0.0,1.0,0.0,0
0.11538461538461539,-0.6754583524336583,1,0,Other,0.0,0.0,0.0,0
0.2692307692307692,-0.6754583524336583,0,0,Other,0.0,0.0,1.0,0
-0.7307692307692307,-0.6754583524336583,0,0,Strong,1.0,0.0,0.0,0
0.7692307692307693,0.04829447939711624,1,1,Other,1.0,0.0,0.0,1
-0.8076923076923077,0.4080670914136012,1,1,Other,0.0,1.0,0.0,0
0.0,0.3289817810582355,0,1,Other,0.0,0.0,1.0,0
-0.15384615384615385,0.3821482273791254,1,1,Other,0.0,0.0,1.0,0
-0.9615384615384616,-0.2486740499110866,0,1,Other,0.0,0.0,0.0,0
-0.19230769230769232,-0.6754583524336583,0,0,Strong,0.0,1.0,0.0,0
-0.34615384615384615,-0.10006134249263116,1,1,Other,0.0,1.0,0.0,0
0.15384615384615385,0.2833890287733937,1,1,Other,0.0,0.0,1.0,0
0.38461538461538464,-0.2553353574141371,0,1,Other,0.0,0.0,1.0,0
0.8076923076923077,0.02883318606706041,1,1,Other,0.0,1.0,0.0,1
-0.5384615384615384,0.3008749609689014,0,0,Other,0.0,0.0,1.0,0
0.2692307692307692,0.5217876575361577,0,1,Other,1.0,0.0,0.0,0
0.07692307692307693,-0.004969406262249122,0,1,Other,1.0,0.0,0.0,0
-0.2692307692307692,0.3900939625257162,0,1,Elite,0.0,1.0,0.0,0
0.34615384615384615,-0.6754583524336583,1,1,Other,0.0,0.0,0.0,1
0.5384615384615384,-0.0956411397745165,1,0,Other,1.0,0.0,0.0,0
-0.2692307692307692,-0.6754583524336583,1,0,Strong,0.0,1.0,0.0,0
0.7692307692307693,-0.6754583524336583,1,1,Other,1.0,0.0,0.0,1
-0.8461538461538461,0.010151407444808365,0,0,Other,0.0,0.0,1.0,0
-0.8461538461538461,-0.02878003733698288,0,1,Other,0.0,0.0,1.0,0
-0.5384615384615384,0.4978530127579098,0,1,Other,1.0,0.0,0.0,0
-0.2692307692307692,0.1812460276860593,1,1,Other,0.0,1.0,0.0,0
0.5384615384615384,0.5397164958156447,1,1,Strong,0.0,0.0,1.0,1
0.07692307692307693,0.3055343329723649,0,1,Other,1.0,0.0,0.0,0
-0.5769230769230769,0.6253213837271876,0,1,Other,0.0,0.0,1.0,0
-0.11538461538461539,0.6328685033981969,1,1,Other,1.0,0.0,0.0,0
0.4230769230769231,0.21736058977374142,0,1,Other,0.0,0.0,1.0,0
0.4230769230769231,-0.2528019346137748,1,0,Elite,0.0,0.0,1.0,0
0.11538461538461539,0.5048066382763867,0,0,Other,0.0,0.0,0.0,0
-0.038461538461538464,0.0009921096281139065,0,1,Other,0.0,1.0,0.0,0
-0.8076923076923077,0.003667262375349619,0,0,Elite,1.0,0.0,0.0,0
-0.5384615384615384,-0.031481764449257356,0,1,Other,1.0,0.0,0.0,0
-0.2692307692307692,-0.216465919484103,0,1,Other,1.0,0.0,0.0,0
-0.5769230769230769,0.06607272960805026,1,1,Other,1.0,0.0,0.0,0
-0.4230769230769231,-0.6754583524336583,0,0,Strong,0.0,0.0,1.0,0
0.8076923076923077,0.26776330213059973,1,1,Other,1.0,0.0,0.0,1
-0.5384615384615384,0.0833814993699661,0,1,Elite,0.0,0.0,0.0,0
-0.7692307692307693,-0.6754583524336583,1,0,Other,0.0,1.0,0.0,0
-0.8076923076923077,-0.6754583524336583,1,0,Strong,0.0,1.0,0.0,0
0.6153846153846154,-0.29973226327223446,1,1,Elite,1.0,0.0,0.0,1
-0.5384615384615384,0.590810141663511,0,1,Other,1.0,0.0,0.0,0
-0.8461538461538461,-0.10083199907875534,0,1,Other,1.0,0.0,0.0,0
-0.8461538461538461,0.08785485081815826,1,1,Elite,0.0,0.0,0.0,0
-0.46153846153846156,-0.6754583524336583,1,0,Other,0.0,0.0,0.0,0
0.19230769230769232,0.5787365218142319,0,1,Other,0.0,0.0,1.0,0
-0.7692307692307693,-0.6754583524336583,0,0,Other,0.0,0.0,0.0,0
0.3076923076923077,-0.6754583524336583,0,0,Other,0.0,0.0,1.0,0
-0.3076923076923077,0.5535794562442007,0,1,Strong,0.0,1.0,0.0,0
0.23076923076923078,-0.11457980392547662,1,0,Other,1.0,0.0,0.0,0
0.19230769230769232,-0.6754583524336583,1,1,Other,0.0,0.0,0.0,1
-0.6153846153846154,0.6189435361178839,1,1,Other,0.0,1.0,0.0,0
0.8461538461538461,0.4531903632494248,1,1,Elite,0.0,1.0,0.0,1
-0.7692307692307693,-0.6754583524336583,1,0,Other,0.0,1.0,0.0,0
-0.038461538461538464,0.388118601391168,0,1,Other,0.0,0.0,1.0,0
0.4230769230769231,-0.6754583524336583,0,0,Other,0.0,1.0,0.0,0
-0.3076923076923077,0.5924311779308756,0,1,Other,0.0,1.0,0.0,0
-0.9230769230769231,-0.6754583524336583,0,0,Other,0.0,0.0,1.0,0
0.15384615384615385,0.06700283238440705,1,1,Other,0.0,0.0,0.0,0
0.15384615384615385,0.07035120237929149,1,1,Other,0.0,0.0,1.0,0
-0.5769230769230769,0.10931807964780108,0,1,Other,0.0,0.0,1.0,0
-0.2692307692307692,0.17820769194996047,1,1,Other,1.0,0.0,0.0,0
0.46153846153846156,0.4067738056483813,0,1,Other,0.0,1.0,0.0,0
0.07692307692307693,0.5704630361654963,1,1,Elite,0.0,0.0,0.0,0
-0.23076923076923078,-0.11108970398371877,0,1,Other,1.0,0.0,0.0,0
-0.9230769230769231,-0.3085638105867841,1,1,Other,0.0,0.0,0.0,0
-0.6538461538461539,-0.6754583524336583,0,0,Other,0.0,0.0,1.0,0
0.7692307692307693,-0.2509860196694592,1,1,Elite,0.0,0.0,1.0,1
0.9230769230769231,0.03801020012711405,1,1,Other,0.0,0.0,1.0,1
-0.5769230769230769,0.4448725869922912,0,1,Other,0.0,0.0,1.0,0
-0.5,-0.6754583524336583,0,0,Other,0.0,0.0,0.0,0
0.34615384615384615,0.13663652690765188,1,0,Other,1.0,0.0,0.0,0
-0.9615384615384616,-0.24948899710560873,1,1,Other,0.0,1.0,0.0,0
-0.8846153846153846,-0.6754583524336583,1,0,Strong,0.0,0.0,1.0,0
-0.5,0.07788946392862126,1,1,Other,0.0,0.0,0.0,0
0.2692307692307692,-0.6754583524336583,1,0,Other,0.0,0.0,0.0,0
-0.34615384615384615,0.3543868740352952,1,1,Other,0.0,0.0,0.0,0
0.6153846153846154,0.11311821384834453,1,1,Elite,1.0,0.0,0.0,1
0.6923076923076923,0.5903760937012111,1,1,Other,0.0,1.0,0.0,1
-0.38461538461538464,0.14507831686829967,0,1,Other,0.0,0.0,1.0,0
0.11538461538461539,-0.029718998235019254,0,1,Other,0.0,0.0,0.0,0
-0.8076923076923077,-0.6754583524336583,1,0,Other,0.0,0.0,0.0,0
-0.15384615384615385,-0.6754583524336583,1,0,Other,1.0,0.0,0.0,0
0.8076923076923077,0.3286185980693724,1,1,Elite,1.0,0.0,0.0,1
0.5769230769230769,0.3116641531746401,1,1,Other,1.0,0.0,0.0,1
-0.6153846153846154,0.3170144586691115,1,1,Other,0.0,0.0,0.0,0
0.7307692307692307,0.15009201373894673,1,1,Other,0.0,1.0,0.0,1
-0.5769230769230769,0.34366854680299314,0,1,Strong,0.0,0.0,1.0,0
-0.15384615384615385,-0.6754583524336583,1,0,Strong,0.0,0.0,0.0,0
-0.2692307692307692,-0.24179128936604638,0,1,Other,1.0,0.0,0.0,0
0.07692307692307693,0.20612849148402326,0,1,Strong,0.0,1.0,0.0,0
0.9230769230769231,0.3893764546696696,1,1,Other,0.0,1.0,0.0,1
-0.8846153846153846,-0.6754583524336583,1,0,Other,1.0,0.0,0.0,0
-0.23076923076923078,0.46830231883480267,0,0,Other,0.0,1.0,0.0,0
-0.46153846153846156,0.016963303016411885,0,1,Other,0.0,1.0,0.0,0
-0.15384615384615385,0.4000947819019716,0,1,Other,0.0,0.0,1.0,0
0.9230769230769231,-0.6754583524336583,1,1,Elite,0.0,1.0,0.0,1
0.11538461538461539,0.09704958112157108,0,0,Other,0.0,1.0,0.0,0
-0.6923076923076923,0.5133192932104712,0,1,Other,0.0,0.0,1.0,0
-0.7307692307692307,-0.6754583524336583,0,0,Other,0.0,0.0,0.0,0
0.2692307692307692,-0.11011531059896404,1,1,Strong,0.0,0.0,1.0,0
0.23076923076923078,-0.013969257888710989,1,1,Elite,1.0,0.0,0.0,1
0.8846153846153846,0.4478932064850309,1,1,Elite,0.0,0.0,0.0,1
0.8461538461538461,0.6154800105411647,1,1,Other,0.0,1.0,0.0,1
-0.2692307692307692,0.47314771139353756,1,1,Other,1.0,0.0,0.0,0
0.5384615384615384,-0.044405763979776906,0,0,Other,0.0,0.0,1.0,0
0.07692307692307693,0.2608982578289187,1,1,Other,0.0,0.0,1.0,0
0.5384615384615384,0.1331730013309328,0,1,Other,0.0,0.0,1.0,0
0.23076923076923078,0.25033051866516964,1,1,Other,1.0,0.0,0.0,1
0.5769230769230769,0.4405409654909725,1,1,Other,0.0,1.0,0.0,0
-0.15384615384615385,-0.29964368205543856,0,1,Elite,1.0,0.0,0.0,0
0.38461538461538464,0.6056120629901033,1,1,Other,0.0,1.0,0.0,1
-0.038461538461538464,-0.010417151095196019,1,0,Other,0.0,0.0,1.0,0
0.5,0.16670985000985467,1,1,Other,0.0,1.0,0.0,0
-0.6923076923076923,-0.6754583524336583,0,0,Other,0.0,0.0,1.0,0
-0.8461538461538461,-0.14412163972690412,0,1,Other,0.0,1.0,0.0,0
-0.5,0.586567101378988,1,1,Other,0.0,0.0,1.0,0
0.2692307692307692,0.08260198466216231,1,1,Other,1.0,0.0,0.0,0
0.6153846153846154,-0.3008749609689014,1,1,Other,1.0,0.0,0.0,1
0.8461538461538461,-0.2705004617295925,1,1,Other,0.0,1.0,0.0,1
0.6923076923076923,0.19654400382670856,1,1,Other,0.0,0.0,0.0,1
-0.46153846153846156,0.09888321230924589,1,1,Other,0.0,0.0,0.0,0
-0.5384615384615384,-0.6754583524336583,0,0,Other,0.0,0.0,0.0,0
0.46153846153846156,0.3138255348644597,0,1,Other,0.0,0.0,0.0,0
0.6923076923076923,0.317111898007587,1,1,Strong,1.0,0.0,0.0,1
-0.8076923076923077,0.5973828679497656,1,1,Other,0.0,0.0,1.0,0
0.11538461538461539,-0.2526159140585035,1,1,Other,1.0,0.0,0.0,0
-0.5,0.07467396575893065,0,1,Other,0.0,0.0,0.0,0
0.34615384615384615,-0.6754583524336583,0,0,Other,0.0,0.0,1.0,0
0.6153846153846154,0.5549081744961389,1,1,Other,0.0,0.0,1.0,1
-0.8846153846153846,0.3392040534764806,1,0,Other,0.0,0.0,1.0,0
0.8461538461538461,-0.6754583524336583,1,1,Elite,0.0,0.0,0.0,1
-0.2692307692307692,-0.061147613954199084,0,1,Other,0.0,1.0,0.0,0
-0.9230769230769231,0.013880676671915103,0,1,Other,1.0,0.0,0.0,0
-0.9615384615384616,0.1464336094852767,1,0,Elite,0.0,0.0,0.0,0
-0.23076923076923078,0.3608533028613948,1,1,Other,0.0,1.0,0.0,0
0.8076923076923077,0.4174301260289262,1,1,Other,0.0,1.0,0.0,1
0.5769230769230769,0.6123265192232313,1,1,Other,1.0,0.0,0.0,1
0.7692307692307693,-0.2109384515560398,1,1,Other,0.0,1.0,0.0,1
-0.6538461538461539,0.4269437487128042,1,1,Strong,0.0,0.0,1.0,0
0.038461538461538464,-0.6754583524336583,1,0,Other,0.0,0.0,1.0,0
0.0,-0.6754583524336583,0,0,Other,0.0,0.0,0.0,0
0.8461538461538461,0.5157464185506784,1,1,Elite,0.0,1.0,0.0,1
0.3076923076923077,0.2527487858836973,1,1,Other,0.0,0.0,0.0,0
-0.038461538461538464,0.5779924395931465,0,0,Other,0.0,1.0,0.0,0
-0.8076923076923077,0.4675050878836397,0,1,Other,1.0,0.0,0.0,0
-0.7307692307692307,-0.6754583524336583,0,0,Strong,0.0,0.0,1.0,0
0.3076923076923077,-0.10299338076857492,0,1,Other,1.0,0.0,0.0,0
-0.8076923076923077,0.6043364934682425,1,0,Other,0.0,0.0,0.0,0
-0.8461538461538461,0.5943888228220647,0,1,Other,1.0,0.0,0.0,0
-0.34615384615384615,0.10059282979340646,0,1,Other,0.0,1.0,0.0,0
0.2692307692307692,-0.282458925997037,1,1,Other,0.0,0.0,0.0,0
0.9230769230769231,-0.6754583524336583,1,1,Other,1.0,0.0,0.0,1
0.2692307692307692,0.6093501903388896,1,1,Elite,0.0,0.0,1.0,1
-0.2692307692307692,-0.6754583524336583,0,0,Other,0.0,0.0,0.0,0
-0.34615384615384615,-0.6754583524336583,0,0,Other,0.0,0.0,0.0,0
0.6923076923076923,0.47777165091028273,1,1,Elite,1.0,0.0,0.0,1
-0.3076923076923077,0.15590294156075674,0,1,Other,0.0,0.0,1.0,0
0.6538461538461539,-0.6754583524336583,1,1,Other,0.0,0.0,0.0,1
0.9230769230769231,0.3197073276597064,1,1,Elite,0.0,0.0,0.0,1
0.11538461538461539,0.3293095315603803,0,1,Other,0.0,0.0,0.0,0
0.11538461538461539,0.17444299023613538,0,1,Other,0.0,0.0,0.0,0
-0.9615384615384616,0.5579376521105582,1,1,Other,0.0,0.0,1.0,0
0.038461538461538464,-0.6754583524336583,1,0,Other,1.0,0.0,0.0,0
-0.7692307692307693,0.19264643028768966,0,0,Other,0.0,0.0,1.0,0
0.7692307692307693,-0.6754583524336583,1,1,Other,1.0,0.0,0.0,1
-0.11538461538461539,-0.06850871306993708,0,1,Elite,0.0,0.0,1.0,0
-0.8461538461538461,0.23529828617490803,0,1,Other,0.0,0.0,0.0,0
0.6923076923076923,-0.6754583524336583,1,1,Other,0.0,0.0,0.0,1
-0.38461538461538464,-0.6754583524336583,1,0,Strong,0.0,0.0,1.0,0
0.6538461538461539,0.3236934824155212,1,1,Other,1.0,0.0,0.0,1
0.6153846153846154,0.3793667771717346,1,1,Elite,1.0,0.0,0.0,1
-0.038461538461538464,-0.6754583524336583,0,0,Other,0.0,1.0,0.0,0
-0.8846153846153846,0.6281914151513742,0,1,Other,0.0,0.0,0.0,0
-0.8461538461538461,-0.18804020701430366,1,1,Other,0.0,0.0,1.0,0
0.6923076923076923,-0.3038690060966022,1,1,Elite,0.0,0.0,0.0,1
0.8076923076923077,-0.6754583524336583,1,1,Elite,1.0,0.0,0.0,1
0.5,0.5445353140093409,0,1,Other,0.0,0.0,0.0,0
-0.19230769230769232,0.2334823712305924,1,1,Other,0.0,0.0,0.0,0
-0.11538461538461539,0.20100849715322114,0,1,Other,0.0,0.0,1.0,0
0.8461538461538461,0.5953277837201011,1,1,Elite,1.0,0.0,0.0,1
0.6153846153846154,0.000646642882609957,1,1,Other,0.0,0.0,0.0,1
0.5384615384615384,-0.6754583524336583,1,0,Other,0.0,0.0,0.0,0
0.8846153846153846,-0.6754583524336583,1,1,Other,0.0,0.0,0.0,1
-0.11538461538461539,0.4558566578749809,1,1,Other,0.0,0.0,0.0,0
-0.46153846153846156,0.45190593560588443,1,1,Other,1.0,0.0,0.0,0
0.8846153846153846,0.02832827313132387,1,1,Other,0.0,0.0,0.0,1
-0.23076923076923078,-0.6754583524336583,1,0,Other,0.0,0.0,1.0,0
-0.9230769230769231,0.19392199980955038,0,1,Other,0.0,0.0,0.0,0
0.38461538461538464,-0.6754583524336583,1,0,Other,0.0,0.0,1.0,0
-0.38461538461538464,-0.20155770069735562,0,1,Other,0.0,1.0,0.0,0
0.3076923076923077,0.6215389657700033,0,1,Other,1.0,0.0,0.0,0
0.8846153846153846,-0.26857824932512186,1,1,Other,0.0,0.0,1.0,1
-0.3076923076923077,-0.6754583524336583,0,0,Other,0.0,0.0,0.0,0
0.46153846153846156,-0.31384325110781885,0,1,Other,0.0,0.0,1.0,0
0.0,0.6222919061127683,1,1,Other,0.0,0.0,1.0,0
0.8461538461538461,0.38970420517181437,1,1,Elite,0.0,1.0,0.0,1
0.6538461538461539,-0.6754583524336583,1,1,Elite,1.0,0.0,0.0,1
-0.7692307692307693,0.08816488507694387,0,1,Other,0.0,1.0,0.0,0
0.4230769230769231,-0.6754583524336583,1,0,Strong,0.0,0.0,0.0,0
-0.8461538461538461,-0.1256435979032826,0,1,Elite,0.0,0.0,1.0,0
0.0,0.07608240710598521,1,1,Other,1.0,0.0,0.0,0
0.11538461538461539,-0.11088596718508824,0,1,Other,1.0,0.0,0.0,0
-0.38461538461538464,0.16070404351109369,1,0,Other,0.0,1.0,0.0,0
-0.15384615384615385,-0.6754583524336583,0,0,Other,0.0,0.0,0.0,0
0.7692307692307693,-0.2501976468399758,1,1,Other,1.0,0.0,0.0,1
-0.34615384615384615,0.47038397742950594,1,1,Other,0.0,0.0,0.0,0
0.038461538461538464,0.2102386599433523,1,1,Other,1.0,0.0,0.0,0
0.038461538461538464,0.4198838257341722,1,1,Other,0.0,0.0,1.0,0
0.8846153846153846,-0.14357243618276963,1,1,Elite,1.0,0.0,0.0,1
-0.7307692307692307,0.38240511290783347,1,1,Other,1.0,0.0,0.0,0
-0.4230769230769231,0.07262773965094571,1,1,Strong,0.0,0.0,0.0,0
-0.2692307692307692,0.47530023496167756,0,1,Other,0.0,0.0,1.0,0
0.038461538461538464,-0.12798214202669395,1,1,Other,0.0,0.0,0.0,0
0.6538461538461539,0.4274043710401428,1,1,Other,0.0,0.0,0.0,1
-0.5384615384615384,0.004960548140569533,0,1,Other,0.0,1.0,0.0,0
-0.6538461538461539,-0.6754583524336583,1,0,Other,0.0,1.0,0.0,0
0.38461538461538464,0.3781620726233106,0,1,Other,0.0,0.0,1.0,0
0.15384615384615385,0.369587410837469,1,1,Other,0.0,1.0,0.0,0
0.8461538461538461,-0.6754583524336583,1,1,Other,0.0,1.0,0.0,1
-0.6153846153846154,0.4172175311086161,1,1,Other,0.0,1.0,0.0,0
0.38461538461538464,0.0921953304411566,1,1,Strong,0.0,0.0,0.0,0
-0.7307692307692307,0.47155324949121163,1,1,Other,0.0,0.0,1.0,0
-0.5769230769230769,-0.00783057956475619,1,1,Strong,0.0,0.0,1.0,0
0.0,0.563668856837252,0,1,Other,1.0,0.0,0.0,0
-0.38461538461538464,0.009123865329976106,1,1,Other,0.0,0.0,1.0,0
-0.23076923076923078,-0.15507913624455502,1,1,Other,0.0,0.0,0.0,0
-0.9615384615384616,-0.6754583524336583,1,0,Other,1.0,0.0,0.0,0
-0.07692307692307693,0.5107061473149926,0,1,Other,0.0,1.0,0.0,0
0.11538461538461539,0.18172436625675709,0,1,Other,0.0,1.0,0.0,0
-0.23076923076923078,0.5099797813372663,0,1,Other,0.0,1.0,0.0,0
0.23076923076923078,0.1781899757066013,1,1,Elite,0.0,1.0,0.0,1
-0.8461538461538461,-0.6754583524336583,1,0,Other,1.0,0.0,0.0,0
0.8076923076923077,-0.6754583524336583,1,1,Elite,0.0,1.0,0.0,1
-0.11538461538461539,-0.6754583524336583,0,0,Other,0.0,1.0,0.0,0
-0.6923076923076923,-0.6754583524336583,0,0,Strong,0.0,1.0,0.0,0
0.34615384615384615,-0.6754583524336583,1,0,Other,0.0,1.0,0.0,0
-0.6538461538461539,0.4605160298784444,0,0,Strong,0.0,0.0,0.0,0
-0.8846153846153846,-0.6754583524336583,1,0,Other,0.0,1.0,0.0,0
-0.46153846153846156,-0.6754583524336583,1,0,Other,1.0,0.0,0.0,0
0.19230769230769232,0.23147157760932582,1,1,Elite,0.0,0.0,0.0,1
-0.7692307692307693,0.5418513031404256,1,1,Other,0.0,0.0,0.0,0
-0.7307692307692307,-0.6754583524336583,1,0,Other,0.0,1.0,0.0,0
0.5769230769230769,-0.6754583524336583,0,0,Other,0.0,0.0,0.0,0
-0.23076923076923078,-0.25559224294284516,0,1,Other,0.0,0.0,0.0,0
-0.6923076923076923,-0.6754583524336583,1,0,Other,0.0,1.0,0.0,0
0.2692307692307692,-0.13034726051514406,1,1,Other,0.0,0.0,0.0,1
0.7307692307692307,0.19794358705208354,1,1,Elite,0.0,0.0,0.0,1
0.7307692307692307,-0.04846278370902842,1,1,Elite,0.0,0.0,1.0,1
-0.038461538461538464,-0.6754583524336583,0,0,Strong,0.0,0.0,0.0,0
0.2692307692307692,-0.016954444894732298,0,1,Other,0.0,0.0,0.0,0
-0.7692307692307693,-0.0034812418200782613,0,1,Other,0.0,1.0,0.0,0
0.8461538461538461,0.23477565699581232,1,1,Other,1.0,0.0,0.0,1
0.7692307692307693,-0.15971193388297977,1,1,Other,1.0,0.0,0.0,1
0.8461538461538461,-0.23536915114834475,1,1,Elite,0.0,1.0,0.0,1
0.46153846153846156,-0.31698788430407276,0,1,Other,1.0,0.0,0.0,0
0.5,-0.6754583524336583,0,0,Other,0.0,1.0,0.0,0
0.5,-0.06783549582228836,1,0,Other,1.0,0.0,0.0,0
-0.6153846153846154,-0.1940017229046667,0,1,Strong,0.0,0.0,1.0,0
0.6153846153846154,0.5865848176223473,1,1,Other,1.0,0.0,0.0,1
-0.38461538461538464,-0.11278160522452017,0,1,Other,1.0,0.0,0.0,0
-0.3076923076923077,-0.6754583524336583,0,0,Other,0.0,0.0,1.0,0
-0.46153846153846156,-0.07958136516942264,1,1,Other,1.0,0.0,0.0,0
0.8461538461538461,-0.1355204035760237,1,1,Other,0.0,0.0,0.0,1
0.11538461538461539,-0.23073635350992,0,0,Other,0.0,0.0,0.0,0
0.5384615384615384,0.2637860054964645,1,1,Other,0.0,0.0,0.0,1
-0.15384615384615385,-0.07705680049073994,0,1,Other,0.0,1.0,0.0,0
-0.5,0.45788516773960664,0,1,Other,0.0,0.0,1.0,0
-0.6153846153846154,0.6265083720322524,1,1,Other,1.0,0.0,0.0,0
-0.8076923076923077,0.5948671613927625,0,1,Strong,0.0,1.0,0.0,0
0.6923076923076923,0.5016708632018124,1,1,Other,0.0,0.0,1.0,1
-0.9615384615384616,0.2422341954500258,0,1,Other,0.0,0.0,1.0,0
0.8076923076923077,-0.06779120521389043,1,1,Elite,0.0,0.0,0.0,1
-0.23076923076923078,-0.03684978618708796,0,1,Other,0.0,0.0,0.0,0
-0.3076923076923077,0.19113169148048,0,1,Other,0.0,1.0,0.0,0
-0.5,0.043962857895797486,0,1,Other,1.0,0.0,0.0,0
-0.34615384615384615,-0.6754583524336583,0,0,Other,0.0,0.0,0.0,0
0.8461538461538461,0.0001240137035142383,1,1,Other,0.0,1.0,0.0,1
-0.6153846153846154,-0.27882709610840567,1,1,Other,0.0,1.0,0.0,0
-0.23076923076923078,0.060961593398927726,1,1,Strong,0.0,0.0,0.0,0
-0.6153846153846154,-0.0792358984239187,1,1,Other,0.0,0.0,1.0,0
-0.3076923076923077,0.3227899540042032,0,1,Other,1.0,0.0,0.0,0
-0.19230769230769232,0.6403713324608084,0,1,Other,0.0,1.0,0.0,0
-0.038461538461538464,-0.24855889432925196,1,0,Other,0.0,1.0,0.0,0
0.8076923076923077,0.1949052513159847,1,1,Other,0.0,1.0,0.0,1
0.46153846153846156,-0.0806974885010508,1,1,Other,0.0,0.0,0.0,0
-0.3076923076923077,0.20876821174454063,0,1,Other,0.0,0.0,1.0,0
-0.46153846153846156,0.06616131082484615,0,0,Other,0.0,1.0,0.0,0
0.8461538461538461,0.07025376304081601,1,1,Elite,1.0,0.0,0.0,1
-0.46153846153846156,-0.6754583524336583,1,0,Strong,0.0,1.0,0.0,0
0.6538461538461539,0.39133409956085863,1,1,Other,0.0,0.0,1.0,1
-0.9230769230769231,-0.09139809948999364,0,1,Other,0.0,0.0,1.0,0
-0.07692307692307693,0.3878971483491783,1,1,Other,0.0,0.0,0.0,0
0.9230769230769231,-0.009407325223722935,1,1,Other,0.0,0.0,0.0,1
-0.4230769230769231,-0.1359987421467215,1,1,Other,1.0,0.0,0.0,0
0.7692307692307693,-0.6754583524336583,1,1,Other,0.0,0.0,0.0,1
0.7307692307692307,0.3559547615725823,1,1,Other,1.0,0.0,0.0,1
-0.46153846153846156,0.5506297017248978,0,1,Other,0.0,0.0,0.0,0
-0.3076923076923077,-0.27706432989416757,0,1,Other,0.0,0.0,1.0,0
0.6153846153846154,0.43986774824332375,1,1,Other,0.0,0.0,1.0,1
0.8461538461538461,0.38430960906894496,1,1,Elite,0.0,0.0,0.0,1
0.11538461538461539,0.27771983089845714,0,1,Other,0.0,1.0,0.0,0
-0.4230769230769231,-0.6754583524336583,0,0,Other,1.0,0.0,0.0,0
-0.8461538461538461,-0.13818669820157983,1,1,Other,0.0,0.0,1.0,0
0.5,-0.23683074122547684,0,1,Other,0.0,1.0,0.0,0
-0.7692307692307693,0.12478436010036252,1,1,Other,1.0,0.0,0.0,0
-0.8076923076923077,0.4495939658475119,1,1,Other,1.0,0.0,0.0,0
-0.23076923076923078,-0.6754583524336583,1,0,Other,0.0,0.0,0.0,0
0.8461538461538461,0.5350748400555404,1,1,Strong,0.0,0.0,1.0,1
-0.19230769230769232,-0.29802264578807386,0,0,Other,0.0,0.0,1.0,0
-0.15384615384615385,0.46327976384247604,0,1,Other,1.0,0.0,0.0,0
0.9230769230769231,0.10441068023730908,1,1,Strong,1.0,0.0,0.0,1
-0.4230769230769231,-0.023075406975327915,0,1,Other,1.0,0.0,0.0,0
-0.7692307692307693,-0.16723247918895037,1,1,Other,0.0,0.0,1.0,0
-0.46153846153846156,0.4366522500736331,0,1,Strong,1.0,0.0,0.0,0
0.07692307692307693,-0.10049539045493099,0,1,Other,1.0,0.0,0.0,0
-0.9615384615384616,-0.6754583524336583,0,0,Strong,0.0,0.0,0.0,0
0.38461538461538464,0.5339055679938347,1,1,Other,0.0,0.0,0.0,1
0.4230769230769231,0.18231786040928952,0,1,Other,0.0,0.0,1.0,0
0.34615384615384615,-0.17746360972887504,1,1,Other,1.0,0.0,0.0,0
0.0,0.09197387739916689,1,1,Other,0.0,0.0,1.0,0
0.7692307692307693,-0.6754583524336583,1,1,Other,0.0,1.0,0.0,1
0.8846153846153846,-0.6754583524336583,1,1,Other,1.0,0.0,0.0,1
0.4230769230769231,-0.029028064744011355,1,1,Other,0.0,1.0,0.0,0
0.5384615384615384,-0.6754583524336583,1,1,Other,0.0,0.0,0.0,1
0.34615384615384615,-0.6754583524336583,1,1,Elite,0.0,0.0,0.0,1
0.23076923076923078,-0.6754583524336583,1,0,Other,0.0,1.0,0.0,0
-0.7307692307692307,0.0846836432568656,1,1,Other,0.0,0.0,0.0,0
-0.2692307692307692,-0.30309834951047804,1,0,Other,0.0,0.0,1.0,0
-0.8846153846153846,-0.2756736047904722,1,1,Other,0.0,0.0,1.0,0
0.8461538461538461,-0.04521185305261946,1,1,Other,1.0,0.0,0.0,1
0.23076923076923078,0.2812719376919721,0,1,Other,0.0,1.0,0.0,0
0.0,-0.6754583524336583,0,0,Other,0.0,0.0,1.0,0
0.3076923076923077,0.29721655671523134,1,1,Elite,1.0,0.0,0.0,1
0.3076923076923077,0.6224602104246805,1,1,Other,0.0,0.0,0.0,0
0.46153846153846156,-0.25831168629847884,1,1,Other,0.0,1.0,0.0,0
0.19230769230769232,-0.6754583524336583,1,0,Strong,0.0,1.0,0.0,0
0.6923076923076923,0.33617457586206134,1,1,Other,0.0,0.0,1.0,1
-0.38461538461538464,0.5250385881925667,0,1,Other,0.0,0.0,1.0,0
0.7692307692307693,-0.1172815310377511,1,1,Other,0.0,0.0,1.0,1
0.7692307692307693,-0.1462741632950441,1,1,Other,1.0,0.0,0.0,1
0.4230769230769231,0.43090332910358026,0,1,Other,0.0,0.0,1.0,0
0.34615384615384615,0.2742297309566993,0,1,Other,0.0,1.0,0.0,0
-0.15384615384615385,0.051527693810166024,1,1,Other,0.0,0.0,1.0,0
-0.8846153846153846,0.6197850576774447,0,1,Other,0.0,1.0,0.0,0
0.7307692307692307,0.45514800814061385,1,1,Other,0.0,0.0,0.0,1
0.8076923076923077,0.5390521366896757,1,1,Other,1.0,0.0,0.0,1
0.8461538461538461,-0.027699346492073087,1,1,Other,0.0,1.0,0.0,1
0.34615384615384615,-0.014385589607651645,0,1,Other,0.0,1.0,0.0,0
-0.4230769230769231,0.32289625146435824,0,0,Other,0.0,0.0,1.0,0
0.8461538461538461,0.6404067649475267,1,1,Other,0.0,0.0,0.0,1
0.34615384615384615,-0.6754583524336583,0,0,Other,0.0,0.0,1.0,0
-0.7692307692307693,-0.6754583524336583,1,0,Other,1.0,0.0,0.0,0
0.9230769230769231,0.5329843233391576,1,1,Other,0.0,1.0,0.0,1
-0.07692307692307693,0.48459240460356584,1,1,Other,0.0,0.0,1.0,0
0.8076923076923077,0.4015209394923853,1,1,Other,1.0,0.0,0.0,1
0.11538461538461539,-0.6754583524336583,0,0,Elite,0.0,0.0,1.0,0
0.15384615384615385,0.5825366560147753,0,1,Other,1.0,0.0,0.0,0
0.5,0.3959580390776038,1,1,Other,0.0,1.0,0.0,0
-0.038461538461538464,0.4128416189988994,0,1,Other,0.0,0.0,1.0,0
-0.4230769230769231,-0.6754583524336583,0,0,Other,0.0,0.0,1.0,0
-0.38461538461538464,-0.10895489665893796,0,1,Other,0.0,1.0,0.0,0
-0.2692307692307692,0.15414017534651864,0,1,Other,1.0,0.0,0.0,0
0.7307692307692307,0.16816258196530717,1,1,Other,0.0,0.0,0.0,1
0.19230769230769232,-0.26061479793517184,0,1,Other,0.0,0.0,0.0,0
-0.038461538461538464,0.15113727209713818,0,1,Other,0.0,1.0,0.0,0
-0.15384615384615385,-0.6754583524336583,1,0,Other,0.0,0.0,1.0,0
-0.23076923076923078,-0.2751952662197744,1,1,Other,0.0,0.0,0.0,0
-0.3076923076923077,0.09289512205384409,1,1,Other,0.0,1.0,0.0,0
-0.8076923076923077,0.22287034145844545,1,1,Other,1.0,0.0,0.0,0
-0.5384615384615384,-0.1506323591614016,1,0,Other,1.0,0.0,0.0,0
0.6153846153846154,0.5322313829963925,1,1,Other,0.0,0.0,0.0,1
-0.15384615384615385,-0.24428927967969033,1,1,Other,0.0,0.0,0.0,0
-0.07692307692307693,-0.13228718916297394,1,1,Other,1.0,0.0,0.0,0
-0.46153846153846156,-0.6754583524336583,1,0,Strong,1.0,0.0,0.0,0
-0.8461538461538461,0.6098462451529465,1,1,Strong,1.0,0.0,0.0,0
-0.8846153846153846,-0.00045176420565901104,0,1,Other,0.0,0.0,0.0,0
0.2692307692307692,0.6177033990827415,0,1,Other,0.0,1.0,0.0,0
0.07692307692307693,0.5929272327449326,0,1,Other,0.0,0.0,0.0,0
-0.5,-0.6754583524336583,0,0,Other,0.0,1.0,0.0,0
-0.9230769230769231,-0.3039930198001165,0,1,Other,0.0,0.0,1.0,0
-0.9230769230769231,-0.6754583524336583,0,0,Other,1.0,0.0,0.0,0
-0.5,0.2757621860072681,0,1,Other,1.0,0.0,0.0,0
0.23076923076923078,0.5010773690492799,1,0,Strong,0.0,0.0,0.0,0
-0.6923076923076923,-0.6754583524336583,1,0,Other,0.0,1.0,0.0,0
-0.038461538461538464,-0.6754583524336583,0,0,Other,0.0,1.0,0.0,0
-0.9615384615384616,0.25692096119478347,0,1,Other,0.0,1.0,0.0,0
0.6538461538461539,0.5214953395207313,1,1,Strong,1.0,0.0,0.0,1
-0.23076923076923078,0.27919027909726885,0,1,Other,0.0,0.0,1.0,0
0.2692307692307692,0.021489803194681585,0,1,Other,0.0,0.0,0.0,0
-0.19230769230769232,-0.15368841114085963,1,1,Other,0.0,1.0,0.0,0
-0.15384615384615385,-0.6754583524336583,0,0,Other,0.0,0.0,1.0,0
-0.34615384615384615,-0.10160265566487954,1,1,Other,0.0,0.0,1.0,0
0.46153846153846156,-0.11203752300343474,0,1,Other,0.0,1.0,0.0,0
-0.6153846153846154,0.33518246623394743,0,0,Other,0.0,1.0,0.0,0
0.3076923076923077,-0.6754583524336583,1,1,Other,0.0,0.0,0.0,1
0.23076923076923078,0.46489194198816114,1,1,Elite,1.0,0.0,0.0,1
0.11538461538461539,-0.15867553364646794,1,1,Other,0.0,1.0,0.0,0
0.6923076923076923,0.6448092514222822,1,1,Elite,0.0,0.0,1.0,1
-0.5769230769230769,0.045787630961792704,1,1,Other,0.0,0.0,1.0,0
-0.7692307692307693,0.5930955370568448,1,1,Other,1.0,0.0,0.0,0
0.46153846153846156,-0.08999851626461867,1,1,Other,1.0,0.0,0.0,1
-0.19230769230769232,0.10907005224077261,0,1,Other,0.0,0.0,0.0,0
0.2692307692307692,-0.6754583524336583,1,0,Other,1.0,0.0,0.0,0
-0.46153846153846156,0.18555993294401887,0,1,Other,0.0,1.0,0.0,0
0.9230769230769231,0.24377550862227418,1,1,Other,1.0,0.0,0.0,1
0.9230769230769231,-0.14944537085633677,1,1,Strong,0.0,0.0,0.0,1
0.5,0.6254365393090222,1,1,Strong,0.0,0.0,0.0,0
-0.5,-0.6754583524336583,0,0,Other,0.0,1.0,0.0,0
0.8846153846153846,0.10773247586715474,1,1,Elite,0.0,0.0,0.0,1
-0.038461538461538464,0.08231852476841549,1,1,Other,1.0,0.0,0.0,0
-0.8076923076923077,-0.22099241966237268,1,1,Strong,1.0,0.0,0.0,0
-0.8076923076923077,-0.6754583524336583,1,0,Strong,1.0,0.0,0.0,0
0.8846153846153846,-0.6754583524336583,1,1,Elite,1.0,0.0,0.0,1
0.5769230769230769,-0.019886483170676074,0,0,Other,0.0,0.0,1.0,0
0.6923076923076923,-0.12946144834718523,1,1,Other,0.0,0.0,1.0,1
-0.2692307692307692,0.4748750451210573,0,1,Other,0.0,0.0,1.0,0
-0.6923076923076923,-0.6754583524336583,1,0,Other,0.0,0.0,1.0,0
-0.038461538461538464,0.3836363918212963,1,1,Other,0.0,0.0,1.0,0
0.8846153846153846,0.4493459384404834,1,1,Other,0.0,0.0,0.0,1
0.6153846153846154,0.24812484636695212,1,1,Other,1.0,0.0,0.0,1
-0.2692307692307692,-0.6754583524336583,1,0,Other,0.0,1.0,0.0,0
0.8076923076923077,-0.2799786519267522,1,1,Strong,0.0,1.0,0.0,1
-0.34615384615384615,-0.6754583524336583,0,0,Other,0.0,1.0,0.0,0
-0.2692307692307692,0.32372891490223954,0,1,Other,0.0,0.0,1.0,0
-0.15384615384615385,-0.13450171958287105,1,1,Other,0.0,1.0,0.0,0
-0.5,-0.15100440027194434,1,1,Other,0.0,0.0,1.0,0
0.0,0.5536680374609966,0,1,Other,1.0,0.0,0.0,0
-0.5769230769230769,-0.3076337078104273,0,1,Other,0.0,0.0,0.0,0
-0.4230769230769231,-0.6754583524336583,0,0,Other,1.0,0.0,0.0,0
-0.07692307692307693,-0.2418444380961239,0,1,Other,0.0,1.0,0.0,0
0.5,0.08454191330999218,0,1,Other,0.0,1.0,0.0,0
0.5,0.20670426939319653,0,0,Strong,1.0,0.0,0.0,0
-0.6538461538461539,0.5820228849573592,0,1,Other,0.0,0.0,1.0,0
0.5769230769230769,-0.6754583524336583,0,0,Strong,1.0,0.0,0.0,0
0.9230769230769231,0.32795423894340325,1,1,Other,0.0,1.0,0.0,1
-0.9230769230769231,-0.30679218625086646,0,1,Other,0.0,1.0,0.0,0
0.038461538461538464,-0.6754583524336583,0,0,Other,0.0,0.0,1.0,0
-0.7307692307692307,0.3335880043316215,1,0,Other,1.0,0.0,0.0,0
0.7692307692307693,0.03576909534217817,1,1,Elite,0.0,0.0,0.0,1
0.7307692307692307,0.11263987527764675,1,1,Other,0.0,1.0,0.0,1
0.5384615384615384,0.32833513817562554,0,1,Strong,0.0,0.0,0.0,0
-0.3076923076923077,-0.2701638531057682,0,1,Other,1.0,0.0,0.0,0
0.6923076923076923,-0.23355323620402912,1,1,Other,0.0,0.0,0.0,1
0.07692307692307693,0.11627170516627802,0,1,Other,0.0,0.0,0.0,0
0.6153846153846154,0.42566817919094346,1,1,Other,1.0,0.0,0.0,1
-0.9615384615384616,-0.261385454521296,0,1,Other,0.0,0.0,0.0,0
0.34615384615384615,-0.6754583524336583,0,0,Other,0.0,0.0,0.0,0
-0.3076923076923077,0.2835927655720243,0,1,Other,0.0,0.0,1.0,0
0.8076923076923077,0.37367100493175925,1,1,Other,1.0,0.0,0.0,1
0.4230769230769231,-0.008556945542482444,0,1,Other,0.0,0.0,1.0,0
-0.8846153846153846,0.130692727260648,0,1,Other,0.0,0.0,1.0,0
-0.5384615384615384,0.47754133974661345,1,1,Other,0.0,0.0,0.0,0
-0.6538461538461539,0.6511693827882267,0,1,Other,0.0,0.0,1.0,0
-0.8461538461538461,-0.6754583524336583,1,0,Strong,1.0,0.0,0.0,0
-0.5384615384615384,-0.6754583524336583,1,0,Other,0.0,0.0,1.0,0
-0.07692307692307693,0.6445435077718945,0,1,Other,0.0,0.0,1.0,0
-0.7307692307692307,0.24441329338320456,0,1,Other,0.0,0.0,0.0,0
-0.11538461538461539,-0.07683534744875023,1,0,Other,0.0,0.0,1.0,0
0.5384615384615384,-0.6754583524336583,1,0,Other,0.0,0.0,1.0,0
0.0,-0.08410786534769235,1,1,Other,0.0,0.0,0.0,0
0.7692307692307693,0.5534377262973272,1,1,Other,1.0,0.0,0.0,1
0.7692307692307693,-0.6754583524336583,1,1,Other,1.0,0.0,0.0,1
-0.5,-0.6754583524336583,1,0,Other,0.0,1.0,0.0,0
-0.23076923076923078,-0.6754583524336583,0,0,Other,0.0,0.0,0.0,0
0.6153846153846154,-0.15730252478613171,1,1,Elite,1.0,0.0,0.0,1
0.23076923076923078,0.15188135431822358,0,1,Other,1.0,0.0,0.0,0
-0.8076923076923077,-0.6754583524336583,0,0,Other,0.0,1.0,0.0,0
0.2692307692307692,-0.14355471993941044,1,1,Other,0.0,0.0,0.0,0
0.23076923076923078,0.2314804357310054,0,1,Elite,1.0,0.0,0.0,0
-0.9615384615384616,0.0324472997123325,1,1,Other,0.0,0.0,0.0,0
0.07692307692307693,0.2723872416473449,0,1,Other,0.0,1.0,0.0,0
0.5769230769230769,-0.6754583524336583,1,1,Strong,0.0,0.0,0.0,1
0.6923076923076923,-0.6754583524336583,1,1,Strong,1.0,0.0,0.0,1
-0.19230769230769232,0.6423466935953566,0,1,Strong,0.0,0.0,1.0,0
0.23076923076923078,-0.14483914758295077,1,1,Other,0.0,1.0,0.0,1
0.7692307692307693,0.29420479534417127,1,1,Elite,1.0,0.0,0.0,1
0.11538461538461539,0.4817843800311363,0,1,Other,0.0,0.0,1.0,0
-0.5384615384615384,0.651807167549157,0,1,Other,0.0,0.0,1.0,0
0.07692307692307693,-0.203896244820767,0,1,Elite,0.0,1.0,0.0,0
-0.23076923076923078,-0.1562395501845811,0,1,Other,0.0,0.0,1.0,0
0.5384615384615384,-0.6754583524336583,1,1,Other,0.0,0.0,1.0,1
-0.038461538461538464,0.569780960796168,0,1,Other,0.0,0.0,0.0,0
-0.34615384615384615,-0.6754583524336583,1,0,Other,0.0,1.0,0.0,0
0.4230769230769231,0.5009179228590473,1,1,Elite,0.0,1.0,0.0,1
-0.8846153846153846,0.3892258666011166,1,1,Other,0.0,0.0,1.0,0
0.8076923076923077,-0.10487130256464768,1,1,Other,1.0,0.0,0.0,1
0.23076923076923078,0.29559552044786663,1,1,Other,0.0,0.0,0.0,1
-0.6923076923076923,-0.19818275633743243,1,1,Other,0.0,0.0,0.0,0
-0.5384615384615384,0.046753166224867845,0,1,Other,0.0,0.0,0.0,0
0.19230769230769232,-0.6754583524336583,0,0,Other,0.0,0.0,1.0,0
0.15384615384615385,0.2983061056818207,0,1,Other,1.0,0.0,0.0,0
0.38461538461538464,-0.6754583524336583,0,0,Other,0.0,1.0,0.0,0
0.6538461538461539,-0.21152308758689264,1,1,Other,0.0,1.0,0.0,1
0.46153846153846156,-0.6754583524336583,1,1,Other,0.0,0.0,0.0,1
-0.7307692307692307,-0.26881741861047076,1,1,Other,1.0,0.0,0.0,0
0.5,-0.2100880718747993,1,1,Elite,0.0,0.0,1.0,1
0.23076923076923078,0.28561241731497045,0,1,Other,0.0,1.0,0.0,0
-0.46153846153846156,-0.02076343721695533,0,1,Other,1.0,0.0,0.0,0
-0.7307692307692307,-0.6754583524336583,0,0,Other,1.0,0.0,0.0,0
-0.9615384615384616,-0.6754583524336583,0,0,Other,0.0,0.0,1.0,0
-0.6538461538461539,-0.6754583524336583,0,0,Other,1.0,0.0,0.0,0
0.0,-0.6754583524336583,1,0,Other,0.0,0.0,1.0,0
0.038461538461538464,-0.0110460777344468,0,1,Other,0.0,0.0,1.0,0
0.07692307692307693,0.0720253873767337,1,1,Other,0.0,0.0,0.0,0
0.8076923076923077,0.12485522507379923,1,1,Other,1.0,0.0,0.0,1
-0.34615384615384615,-0.053131013834171535,0,1,Strong,1.0,0.0,0.0,0
-0.6153846153846154,0.36045468738581327,1,1,Other,0.0,0.0,0.0,0
0.6153846153846154,0.3619339937063045,1,1,Other,0.0,1.0,0.0,1
0.6153846153846154,-0.04883482481957113,1,1,Other,0.0,0.0,0.0,1
-0.38461538461538464,-0.6754583524336583,0,0,Other,0.0,1.0,0.0,0
0.6538461538461539,0.10934465401283985,1,1,Other,0.0,0.0,0.0,1
-0.5769230769230769,-0.24675183750661592,1,1,Other,0.0,0.0,1.0,0
-0.5769230769230769,-0.6754583524336583,0,0,Other,0.0,1.0,0.0,0
0.38461538461538464,0.23414673035656156,1,1,Other,0.0,0.0,1.0,1
-0.9615384615384616,-0.14368759176460427,1,1,Other,1.0,0.0,0.0,0
-0.2692307692307692,-0.6754583524336583,0,0,Other,0.0,0.0,0.0,0
-0.7307692307692307,0.455466900521079,0,1,Other,0.0,0.0,1.0,0
-0.23076923076923078,0.08743851909921761,0,0,Strong,0.0,0.0,0.0,0
0.6538461538461539,-0.24358062994532326,1,1,Other,0.0,0.0,1.0,1
0.34615384615384615,0.4719695812101523,1,1,Other,0.0,0.0,0.0,1
0.3076923076923077,-0.27593049031918027,0,1,Other,0.0,0.0,1.0,0
0.4230769230769231,0.24179128936604638,1,1,Other,0.0,0.0,0.0,1
-0.23076923076923078,-0.22544805486720568,0,1,Other,0.0,0.0,0.0,0
-0.038461538461538464,0.49004014943651275,1,1,Other,0.0,0.0,1.0,0
-0.4230769230769231,-0.6754583524336583,1,0,Other,0.0,0.0,1.0,0
-0.038461538461538464,-0.6754583524336583,1,0,Other,0.0,0.0,0.0,0
0.0,0.048019877625048994,0,1,Strong,0.0,0.0,1.0,0
-0.11538461538461539,-0.6754583524336583,1,0,Other,0.0,0.0,0.0,0
0.7692307692307693,0.03571594661210064,1,1,Other,0.0,0.0,0.0,1
0.38461538461538464,0.4060651559140142,1,1,Other,0.0,1.0,0.0,0
0.19230769230769232,-0.6754583524336583,0,0,Other,0.0,0.0,0.0,0
-0.5,0.5595409721345638,0,1,Other,0.0,0.0,1.0,0
0.6153846153846154,0.5569455424824443,1,1,Other,0.0,1.0,0.0,1
0.8076923076923077,-0.6754583524336583,1,1,Other,1.0,0.0,0.0,1
-0.46153846153846156,-0.6754583524336583,0,0,Other,1.0,0.0,0.0,0
0.9230769230769231,-0.14293465142183925,1,1,Other,0.0,0.0,1.0,1
0.5769230769230769,-0.011471267575067045,0,1,Strong,0.0,0.0,0.0,0
0.7692307692307693,-0.6754583524336583,1,1,Other,0.0,0.0,0.0,1
0.19230769230769232,0.36307669140297144,0,1,Other,0.0,1.0,0.0,0
-0.8846153846153846,-0.06352159056432878,1,1,Other,1.0,0.0,0.0,0
-0.6538461538461539,-0.6754583524336583,1,0,Other,1.0,0.0,0.0,0
0.0,0.2912461827031887,0,1,Other,1.0,0.0,0.0,0
-0.11538461538461539,0.42742208728350195,1,1,Other,0.0,1.0,0.0,0
-0.038461538461538464,0.4419671230813862,0,1,Other,0.0,0.0,0.0,0
-0.19230769230769232,-0.019541016425172125,1,1,Other,0.0,0.0,1.0,0
0.0,0.18220270482745488,0,1,Other,0.0,1.0,0.0,0
-0.07692307692307693,0.054831773196652514,0,1,Other,1.0,0.0,0.0,0
0.46153846153846156,-0.11426976966669103,0,1,Other,0.0,0.0,0.0,0
0.038461538461538464,0.5743606097045152,0,1,Other,1.0,0.0,0.0,0
0.34615384615384615,0.153723843627578,1,1,Other,1.0,0.0,0.0,0
-0.8076923076923077,0.03867455925308318,1,1,Other,0.0,1.0,0.0,0
0.6153846153846154,-0.14706253612452747,1,1,Elite,0.0,0.0,0.0,1
0.07692307692307693,0.3602863830739011,1,1,Other,1.0,0.0,0.0,0
0.6923076923076923,0.22372072113968594,1,1,Elite,0.0,1.0,0.0,1
-0.6538461538461539,-0.6754583524336583,0,0,Other,0.0,1.0,0.0,0
-0.5,-0.6754583524336583,1,0,Other,1.0,0.0,0.0,0
0.9230769230769231,0.46994992946720615,1,1,Other,1.0,0.0,0.0,1
-0.6923076923076923,0.5659985428389837,0,0,Other,1.0,0.0,0.0,0
-0.23076923076923078,0.07933333776239418,1,1,Other,1.0,0.0,0.0,0
0.5769230769230769,0.549912193868851,0,1,Other,1.0,0.0,0.0,0
0.11538461538461539,-0.0672685760347947,0,0,Strong,0.0,1.0,0.0,0
0.38461538461538464,0.5873377579651123,0,1,Other,0.0,0.0,1.0,0
-0.5769230769230769,-0.2739905616713504,0,1,Other,0.0,0.0,1.0,0
-0.19230769230769232,-0.6754583524336583,1,0,Other,0.0,0.0,1.0,0
-0.46153846153846156,0.6056297792334624,1,1,Other,0.0,0.0,0.0,0
-0.6153846153846154,0.26928689905948894,0,0,Other,0.0,1.0,0.0,0
0.2692307692307692,0.22858382994178,1,1,Other,1.0,0.0,0.0,1
-0.6153846153846154,-0.6754583524336583,0,0,Elite,0.0,1.0,0.0,0
0.0,-0.6754583524336583,0,0,Other,0.0,1.0,0.0,0
0.8461538461538461,-0.23850492622291905,1,1,Other,0.0,1.0,0.0,1
-0.8076923076923077,-0.6754583524336583,0,0,Other,1.0,0.0,0.0,0
-0.15384615384615385,-0.29733171229706595,0,1,Other,0.0,0.0,0.0,0
-0.5769230769230769,-0.060961593398927726,1,1,Other,0.0,1.0,0.0,0
0.6923076923076923,0.2351122656196367,1,1,Other,1.0,0.0,0.0,1
-0.038461538461538464,0.2522084404612424,0,1,Other,0.0,0.0,1.0,0
0.7692307692307693,-0.6754583524336583,1,1,Other,0.0,0.0,1.0,1
-0.07692307692307693,-0.6754583524336583,1,0,Other,0.0,1.0,0.0,0
-0.8846153846153846,0.4887380055496132,1,1,Other,0.0,0.0,0.0,0
0.34615384615384615,0.5174117454264411,1,1,Other,0.0,1.0,0.0,0
-0.9615384615384616,-0.6754583524336583,1,0,Other,1.0,0.0,0.0,0
-0.5,-0.6754583524336583,0,0,Other,0.0,0.0,1.0,0
0.9230769230769231,0.031800656829722544,1,1,Other,0.0,0.0,0.0,1
0.7307692307692307,0.6226728053449906,1,1,Elite,1.0,0.0,0.0,1
-0.11538461538461539,-0.6754583524336583,1,0,Other,0.0,0.0,1.0,0
-0.6538461538461539,0.316961309939034,0,1,Other,0.0,0.0,0.0,0
0.07692307692307693,0.3897307795368531,1,1,Other,1.0,0.0,0.0,0
0.19230769230769232,-0.3016190431899868,0,1,Other,1.0,0.0,0.0,0
-0.5,0.41128258958329184,0,1,Other,0.0,0.0,1.0,0
0.0,-0.13797410328126972,1,1,Strong,0.0,0.0,0.0,0
0.8076923076923077,-0.037212969175951086,1,1,Other,0.0,0.0,0.0,1
0.19230769230769232,0.006218401419071093,1,1,Other,1.0,0.0,0.0,0
-0.38461538461538464,-0.29904132978122655,0,1,Other,0.0,0.0,0.0,0
-0.6153846153846154,-0.09674840498446508,0,1,Other,1.0,0.0,0.0,0
-0.46153846153846156,0.05741834472709234,0,0,Elite,0.0,0.0,1.0,0
0.7692307692307693,-0.09246107409154426,1,1,Other,0.0,1.0,0.0,1
0.7307692307692307,-0.6754583524336583,1,1,Elite,0.0,0.0,1.0,1
0.3076923076923077,-0.31404698790644936,1,1,Other,0.0,0.0,1.0,0
-0.8076923076923077,-0.6754583524336583,1,0,Other,0.0,0.0,1.0,0
-0.2692307692307692,0.4457406829168909,0,0,Other,0.0,0.0,1.0,0
-0.3076923076923077,-0.19329307317029962,0,1,Other,0.0,1.0,0.0,0
-0.7307692307692307,0.09654466818583453,0,1,Other,0.0,1.0,0.0,0
0.9230769230769231,0.07535604112825896,1,1,Elite,0.0,1.0,0.0,1
0.15384615384615385,0.2731490401117895,1,1,Other,0.0,0.0,0.0,0
-0.9615384615384616,-0.2872511698256943,0,1,Other,1.0,0.0,0.0,0
-0.6153846153846154,0.6244710040459471,1,1,Other,1.0,0.0,0.0,0
0.38461538461538464,0.008742966097753801,0,0,Other,0.0,0.0,1.0,0
0.8846153846153846,-0.6754583524336583,1,1,Other,0.0,0.0,0.0,1
-0.5,0.3851068400201079,1,1,Other,0.0,1.0,0.0,0
-0.5,-0.6754583524336583,0,0,Other,0.0,1.0,0.0,0
0.038461538461538464,0.29446168087287933,1,1,Other,0.0,0.0,1.0,0
-0.7692307692307693,-0.17852658433042565,1,1,Other,0.0,1.0,0.0,0
-0.4230769230769231,0.6464125714462877,1,1,Other,0.0,0.0,0.0,0
0.0,-0.26253701033964255,0,1,Other,0.0,1.0,0.0,0
0.11538461538461539,0.5880906983078773,1,1,Other,1.0,0.0,0.0,0
-0.8076923076923077,0.39699443931411565,1,1,Other,1.0,0.0,0.0,0
-0.38461538461538464,-0.6754583524336583,1,0,Other,0.0,0.0,0.0,0
0.8846153846153846,-0.6754583524336583,1,1,Other,0.0,1.0,0.0,1
-0.5,-0.007201652925505411,1,1,Other,0.0,0.0,1.0,0
-0.8076923076923077,-0.6754583524336583,0,0,Other,0.0,0.0,0.0,0
0.038461538461538464,0.4766909600653729,0,1,Other,1.0,0.0,0.0,0
0.15384615384615385,-0.17828741504507678,1,1,Other,1.0,0.0,0.0,0
0.07692307692307693,-0.07373500486089427,1,1,Elite,0.0,0.0,0.0,0
0.8076923076923077,0.08474565010862271,1,1,Elite,0.0,0.0,1.0,1
0.6538461538461539,0.2431465819830234,1,1,Other,0.0,0.0,1.0,1
0.5769230769230769,0.10831711189800759,1,1,Other,0.0,0.0,1.0,1
0.7307692307692307,0.025732843479204452,1,1,Elite,0.0,1.0,0.0,1
0.07692307692307693,-0.0007529403427650184,1,1,Other,0.0,1.0,0.0,0
0.07692307692307693,0.4793129640825311,0,1,Other,0.0,0.0,1.0,0
0.46153846153846156,-0.2736096624391281,1,1,Other,1.0,0.0,0.0,1
-0.7307692307692307,0.5852915318571273,1,0,Other,1.0,0.0,0.0,0
-0.5,0.4664598295254483,1,1,Other,0.0,0.0,1.0,0
-0.19230769230769232,-0.18688865119595716,1,1,Other,0.0,0.0,0.0,0
-0.6538461538461539,-0.6754583524336583,0,0,Other,0.0,0.0,1.0,0
-0.2692307692307692,0.49508042067219854,0,1,Other,0.0,1.0,0.0,0
0.9230769230769231,0.29190168370747827,1,1,Other,0.0,1.0,0.0,1
-0.8461538461538461,0.32603202653893254,1,1,Strong,1.0,0.0,0.0,0
0.7692307692307693,0.14993256754871415,1,1,Other,1.0,0.0,0.0,1
-0.8846153846153846,-0.6754583524336583,0,0,Other,0.0,1.0,0.0,0
0.11538461538461539,0.0826108427838419,1,1,Other,0.0,0.0,0.0,0
0.6153846153846154,-0.12210034923144722,1,1,Other,0.0,0.0,1.0,1
-0.3076923076923077,0.08502911000236955,1,1,Other,0.0,1.0,0.0,0
-0.8461538461538461,-0.6754583524336583,0,0,Strong,0.0,0.0,1.0,0
0.19230769230769232,-0.6754583524336583,1,1,Other,0.0,0.0,0.0,1
0.038461538461538464,0.1770384198882548,1,1,Other,0.0,0.0,1.0,0
-0.8076923076923077,0.5878072384141305,0,0,Other,1.0,0.0,0.0,0
0.7307692307692307,0.32014137562200623,1,1,Elite,0.0,1.0,0.0,1
-0.07692307692307693,0.504992658831658,1,1,Strong,0.0,0.0,1.0,0
0.4230769230769231,0.36990630321793416,0,1,Other,1.0,0.0,0.0,0
0.46153846153846156,-0.6754583524336583,0,0,Other,1.0,0.0,0.0,0
0.7307692307692307,0.36693883245527203,1,1,Elite,0.0,0.0,1.0,1
-0.5384615384615384,0.24258852031720934,1,1,Other,1.0,0.0,0.0,0
-0.15384615384615385,-0.1698899156928269,1,1,Strong,0.0,0.0,1.0,0
-0.19230769230769232,0.06436311212388969,0,1,Other,0.0,1.0,0.0,0
0.46153846153846156,0.6326559084778868,1,1,Other,0.0,0.0,0.0,0
0.38461538461538464,0.6388743098969579,0,1,Other,1.0,0.0,0.0,0
0.4230769230769231,0.24457273957343714,1,1,Other,0.0,1.0,0.0,0
-0.5769230769230769,-0.2534308612530256,0,1,Other,0.0,1.0,0.0,0
0.11538461538461539,-0.6754583524336583,1,0,Elite,0.0,1.0,0.0,0
0.038461538461538464,0.2342618859383962,1,1,Other,0.0,0.0,1.0,0
0.8461538461538461,-0.6754583524336583,1,1,Elite,0.0,1.0,0.0,1
-0.6923076923076923,-0.03680549557869002,1,1,Other,1.0,0.0,0.0,0
0.5384615384615384,-0.010142549323128778,0,1,Other,1.0,0.0,0.0,0
0.38461538461538464,-0.6754583524336583,1,0,Other,0.0,1.0,0.0,0
-0.2692307692307692,0.6383428225961826,0,1,Other,0.0,1.0,0.0,0
-0.9230769230769231,0.03436951211680319,0,1,Other,0.0,1.0,0.0,0
0.15384615384615385,0.3868075993825889,1,1,Other,0.0,1.0,0.0,0
0.8076923076923077,-0.31775854089019695,1,1,Other,0.0,0.0,1.0,1
0.5384615384615384,0.3084309387615903,1,1,Elite,0.0,0.0,0.0,0
0.46153846153846156,-0.20758122343947577,1,1,Other,1.0,0.0,0.0,0
0.5,0.3838844192283247,1,1,Other,0.0,1.0,0.0,1
-0.34615384615384615,0.5192188022490771,0,1,Strong,0.0,0.0,0.0,0
0.7692307692307693,0.5378297158978924,1,1,Other,0.0,1.0,0.0,1
0.5384615384615384,0.45338524192637575,0,1,Other,0.0,0.0,1.0,0
-0.38461538461538464,-0.6754583524336583,0,0,Other,0.0,0.0,1.0,0
0.038461538461538464,-0.6754583524336583,1,0,Other,0.0,1.0,0.0,0
-0.38461538461538464,0.6271461567931828,0,1,Other,0.0,0.0,0.0,0
-0.5,0.512291751095639,1,1,Other,0.0,0.0,0.0,0
-0.4230769230769231,-0.6754583524336583,1,0,Other,0.0,0.0,1.0,0
0.23076923076923078,0.6492383122620764,1,1,Other,0.0,0.0,1.0,0
-0.11538461538461539,-0.004579648908347229,0,1,Other,0.0,1.0,0.0,0
0.8846153846153846,-0.09294827078392162,1,1,Strong,0.0,0.0,0.0,1
-0.11538461538461539,0.28314985948804483,0,1,Other,0.0,0.0,0.0,0
-0.5,0.5158527160108335,0,0,Other,0.0,1.0,0.0,0
0.46153846153846156,0.6507441929476064,0,1,Other,0.0,0.0,0.0,0
-0.5,-0.6754583524336583,0,0,Other,0.0,0.0,0.0,0
-0.2692307692307692,-0.6754583524336583,0,0,Other,1.0,0.0,0.0,0
-0.9230769230769231,-0.15929560216403912,1,1,Other,1.0,0.0,0.0,0
0.8846153846153846,-0.6754583524336583,1,1,Other,0.0,0.0,1.0,1
0.6538461538461539,0.6425858628807055,1,1,Other,0.0,0.0,1.0,1
0.0,-0.6754583524336583,1,0,Other,0.0,1.0,0.0,0
-0.8461538461538461,-0.2706244754331068,0,1,Other,0.0,0.0,0.0,0
0.6153846153846154,0.34469608891782544,1,1,Other,0.0,0.0,0.0,1
-0.19230769230769232,-0.10326798254064216,0,1,Other,0.0,0.0,0.0,0
0.34615384615384615,0.357921264585451,1,1,Other,0.0,0.0,1.0,0
0.19230769230769232,-0.6754583524336583,0,0,Other,0.0,1.0,0.0,0
0.19230769230769232,-0.09072488224234493,1,1,Elite,0.0,0.0,1.0,1
-0.15384615384615385,-0.6754583524336583,1,0,Other,0.0,0.0,0.0,0
-0.38461538461538464,0.5590803498072251,0,1,Strong,0.0,0.0,1.0,0
0.8846153846153846,-0.6754583524336583,1,1,Strong,0.0,0.0,1.0,1
0.3076923076923077,-0.6754583524336583,0,0,Other,1.0,0.0,0.0,0
0.7692307692307693,0.4201052787761619,1,1,Other,0.0,0.0,1.0,1
0.8846153846153846,0.5509308778620038,1,1,Other,1.0,0.0,0.0,1
-0.8461538461538461,0.48213870489831984,0,1,Other,1.0,0.0,0.0,0
0.8461538461538461,-0.6754583524336583,1,1,Other,1.0,0.0,0.0,1
-0.4230769230769231,0.23661814630516673,1,1,Other,0.0,1.0,0.0,0
0.38461538461538464,-0.6754583524336583,1,0,Other,0.0,1.0,0.0,0
-0.23076923076923078,-0.6754583524336583,1,0,Other,0.0,1.0,0.0,0
-0.07692307692307693,-0.6754583524336583,1,0,Other,0.0,0.0,1.0,0
-0.46153846153846156,0.6245950177494614,0,1,Strong,0.0,0.0,0.0,0
-0.8076923076923077,-0.6754583524336583,0,0,Other,0.0,1.0,0.0,0
-0.15384615384615385,0.13431569902759968,0,0,Other,0.0,0.0,0.0,0
0.23076923076923078,-0.6754583524336583,1,0,Other,1.0,0.0,0.0,0
0.4230769230769231,-0.6754583524336583,1,0,Other,0.0,0.0,0.0,0
-0.5769230769230769,0.5111844858856903,0,1,Other,0.0,0.0,0.0,0
-0.8076923076923077,-0.2120811492527067,1,1,Other,0.0,1.0,0.0,0
-0.5384615384615384,0.6336745924710395,0,1,Other,0.0,0.0,0.0,0
0.5,-0.29565752729962375,0,1,Other,1.0,0.0,0.0,0
0.7692307692307693,-0.04174832747590037,1,1,Other,0.0,1.0,0.0,1
0.8461538461538461,-0.6754583524336583,1,1,Other,0.0,1.0,0.0,1
-0.9230769230769231,0.23943502899927585,1,1,Other,1.0,0.0,0.0,0
0.15384615384615385,-0.6754583524336583,0,0,Strong,0.0,1.0,0.0,0
0.7692307692307693,0.40973241828936385,1,1,Elite,0.0,0.0,1.0,1
0.15384615384615385,-0.285364389907942,0,1,Other,0.0,1.0,0.0,0
0.6153846153846154,0.43094761971197815,1,1,Elite,1.0,0.0,0.0,1
0.038461538461538464,-0.2005213004608438,1,1,Other,0.0,1.0,0.0,0
-0.9230769230769231,0.5303977518087177,0,1,Other,0.0,1.0,0.0,0
0.2692307692307692,0.5424802297796764,1,1,Other,0.0,0.0,1.0,0
0.8461538461538461,0.063043251993631,1,1,Other,0.0,0.0,1.0,1
-0.8846153846153846,0.5761765246488308,0,1,Other,0.0,1.0,0.0,0
0.7307692307692307,0.2685605330817627,1,1,Other,1.0,0.0,0.0,1
0.7692307692307693,-0.2961004333836032,1,1,Other,0.0,0.0,0.0,1
-0.19230769230769232,0.3005826429534749,1,1,Other,1.0,0.0,0.0,0
-0.3076923076923077,0.5546069983590329,0,1,Other,0.0,0.0,0.0,0
0.5,-0.6754583524336583,1,0,Other,0.0,1.0,0.0,0
-0.7307692307692307,0.19663258504350445,1,1,Other,0.0,1.0,0.0,0
0.7307692307692307,0.1364505063523805,1,1,Strong,0.0,0.0,0.0,1
-0.5384615384615384,-0.6754583524336583,0,0,Other,0.0,0.0,1.0,0
0.5,0.29697738742988244,1,1,Other,0.0,0.0,1.0,1
0.19230769230769232,0.25983528322736804,0,0,Strong,0.0,0.0,1.0,0
0.9230769230769231,0.23860236556139452,1,1,Other,0.0,0.0,0.0,1
0.46153846153846156,-0.19701348427572676,1,1,Other,1.0,0.0,0.0,0
-0.3076923076923077,0.1530860588666476,0,1,Other,0.0,0.0,0.0,0
0.3076923076923077,0.44952310087407515,1,1,Strong,0.0,0.0,0.0,0
0.5384615384615384,0.3437128374113911,1,1,Other,1.0,0.0,0.0,1
0.11538461538461539,0.11028361491087622,1,1,Other,0.0,1.0,0.0,0
-0.9230769230769231,-0.26144746137305314,1,1,Other,0.0,1.0,0.0,0
0.34615384615384615,-0.24242907412697676,1,1,Other,1.0,0.0,0.0,1
-0.8461538461538461,-0.07934219588407376,1,1,Other,0.0,1.0,0.0,0
0.34615384615384615,0.27838419002442627,0,1,Other,0.0,0.0,1.0,0
0.8076923076923077,-0.25765618529418927,1,1,Elite,1.0,0.0,0.0,1
0.34615384615384615,-0.010656320380544907,1,1,Other,0.0,0.0,0.0,0
-0.15384615384615385,-0.204348009026426,0,1,Other,0.0,0.0,1.0,0
-0.4230769230769231,0.3237023405372008,0,1,Other,0.0,1.0,0.0,0
0.7692307692307693,0.5011393759010371,1,1,Other,1.0,0.0,0.0,1
-0.5,0.208954232299812,0,1,Other,0.0,0.0,1.0,0
0.19230769230769232,-0.08525056304435925,0,1,Other,1.0,0.0,0.0,0
0.6153846153846154,0.30861695931686167,1,1,Other,1.0,0.0,0.0,1
-0.5,-0.13980773446894454,0,1,Other,0.0,0.0,0.0,0
-0.6538461538461539,-0.6754583524336583,0,0,Other,0.0,0.0,0.0,0
0.6538461538461539,-0.1221977885699227,1,1,Elite,1.0,0.0,0.0,1
-0.038461538461538464,0.13412082035064873,1,1,Other,0.0,0.0,1.0,0
0.38461538461538464,0.035113594337888625,1,1,Other,0.0,1.0,0.0,0
0.2692307692307692,0.10301995513361369,1,1,Elite,1.0,0.0,0.0,1
-0.6538461538461539,-0.6754583524336583,1,0,Other,0.0,1.0,0.0,0
0.6538461538461539,0.3002283180862914,1,1,Elite,0.0,0.0,1.0,1
-0.8461538461538461,0.3501615499941315,1,1,Other,0.0,0.0,1.0,0
0.6153846153846154,0.2238890254515981,1,1,Other,0.0,1.0,0.0,1
-0.46153846153846156,0.5127346571796183,1,1,Other,0.0,0.0,1.0,0
-0.4230769230769231,-0.6754583524336583,0,0,Other,0.0,0.0,1.0,0
0.8846153846153846,-0.6754583524336583,1,1,Other,0.0,0.0,0.0,1
-0.15384615384615385,0.5179520908488959,1,1,Other,0.0,0.0,1.0,0
0.8076923076923077,0.2702081437141661,1,1,Elite,0.0,0.0,1.0,1
-0.7307692307692307,0.4704282680379039,1,1,Other,0.0,1.0,0.0,0
-0.2692307692307692,-0.6754583524336583,0,0,Other,0.0,0.0,0.0,0
0.6538461538461539,0.4165177394959286,1,1,Elite,0.0,1.0,0.0,1
-0.38461538461538464,-0.11046077734446799,1,1,Strong,1.0,0.0,0.0,0
-0.46153846153846156,-0.26848080998664636,1,1,Other,0.0,1.0,0.0,0
0.2692307692307692,0.005465461076306075,0,1,Other,0.0,0.0,0.0,0
0.34615384615384615,-0.6754583524336583,1,0,Other,0.0,1.0,0.0,0
0.6538461538461539,0.25867486928734196,1,1,Other,0.0,0.0,0.0,1
0.23076923076923078,-0.2253594736504098,1,1,Other,0.0,0.0,0.0,1
0.07692307692307693,0.4936099724733869,1,1,Other,0.0,1.0,0.0,0
-0.6923076923076923,-0.1913708607658289,1,1,Other,0.0,1.0,0.0,0
0.4230769230769231,0.1933727962654159,1,1,Elite,0.0,1.0,0.0,1
0.5,-0.2717228825213758,1,1,Other,0.0,1.0,0.0,0
0.6153846153846154,0.5230986595447369,1,1,Elite,0.0,0.0,0.0,1
-0.11538461538461539,-0.6754583524336583,1,0,Other,0.0,1.0,0.0,0
-0.7692307692307693,0.6073571129609822,1,1,Other,0.0,0.0,1.0,0
0.5769230769230769,-0.24464360454687387,0,1,Other,1.0,0.0,0.0,0
0.6538461538461539,0.5642623509897844,1,1,Elite,0.0,0.0,1.0,1
0.34615384615384615,0.5981623826575694,0,0,Other,1.0,0.0,0.0,0
-0.4230769230769231,-0.6754583524336583,1,0,Other,0.0,0.0,1.0,0
-0.6153846153846154,0.6411685634119713,1,1,Other,0.0,0.0,0.0,0
0.8461538461538461,0.3727054696686841,1,1,Other,1.0,0.0,0.0,1
-0.07692307692307693,-0.07107756835701774,1,1,Other,0.0,0.0,0.0,0
-0.8461538461538461,0.2182198275766615,0,1,Other,0.0,0.0,0.0,0
0.5384615384615384,0.4602325699846976,1,1,Other,0.0,0.0,1.0,0
0.7307692307692307,0.5272354023691046,1,1,Other,0.0,1.0,0.0,1
-0.9615384615384616,-0.20609305899730493,0,1,Other,0.0,0.0,1.0,0
-0.34615384615384615,0.42006984628944355,1,1,Other,0.0,0.0,0.0,0
-0.23076923076923078,-0.6754583524336583,1,0,Strong,0.0,1.0,0.0,0
0.46153846153846156,0.3560433427893782,0,1,Other,0.0,0.0,0.0,0
0.19230769230769232,-0.1168917736838492,1,1,Other,1.0,0.0,0.0,0
-0.19230769230769232,0.3254562486297593,0,1,Strong,1.0,0.0,0.0,0
0.7307692307692307,-0.14935678963954088,1,1,Strong,0.0,0.0,0.0,1
-0.8461538461538461,0.20170828876590863,0,1,Other,0.0,0.0,1.0,0
-0.8076923076923077,0.22457995894260602,1,1,Other,0.0,1.0,0.0,0
0.34615384615384615,0.22823836319627605,0,1,Other,0.0,0.0,0.0,0
0.6538461538461539,0.023872637926490876,1,1,Elite,0.0,0.0,0.0,1
0.23076923076923078,0.23125012456733612,0,1,Other,1.0,0.0,0.0,0
-0.34615384615384615,-0.31477335388417566,0,1,Other,0.0,0.0,0.0,0
0.7307692307692307,0.04269614649561634,1,1,Other,0.0,1.0,0.0,1
-0.5769230769230769,-0.20459603643345448,0,1,Other,1.0,0.0,0.0,0
0.5,0.4652905574637426,0,1,Strong,0.0,1.0,0.0,0
0.5769230769230769,-0.10229358915588745,1,1,Other,0.0,0.0,0.0,1
0.38461538461538464,-0.6754583524336583,1,0,Other,0.0,0.0,0.0,0
0.4230769230769231,0.05166942375703944,0,1,Other,0.0,0.0,0.0,0
0.34615384615384615,0.48112887902684676,0,1,Other,1.0,0.0,0.0,0
-0.5384615384615384,0.5887993480422444,0,1,Other,0.0,1.0,0.0,0
0.5769230769230769,-0.6754583524336583,1,1,Other,0.0,1.0,0.0,1
-0.07692307692307693,-0.6754583524336583,0,0,Other,0.0,0.0,1.0,0
0.0,-0.6754583524336583,0,0,Other,0.0,0.0,1.0,0
-0.7692307692307693,0.5327717284188475,0,1,Other,0.0,0.0,1.0,0
0.07692307692307693,-0.10649233883201237,1,1,Other,0.0,0.0,1.0,0
0.8076923076923077,-0.16872950175280083,1,1,Strong,0.0,0.0,0.0,1
-0.3076923076923077,0.5881438470379549,1,1,Elite,0.0,0.0,0.0,0
-0.19230769230769232,-0.6754583524336583,0,0,Other,0.0,1.0,0.0,0
-0.19230769230769232,0.5889233617457587,1,1,Strong,1.0,0.0,0.0,0
0.5384615384615384,0.2390895622537719,0,1,Other,0.0,0.0,0.0,0
-0.5,-0.21492460631185462,0,1,Strong,0.0,1.0,0.0,0
-0.34615384615384615,0.03894916102515042,1,1,Other,0.0,0.0,0.0,0
0.5384615384615384,-0.6754583524336583,1,0,Other,0.0,0.0,1.0,0
0.8461538461538461,-0.12918684657511798,1,1,Elite,0.0,0.0,0.0,1
-0.4230769230769231,0.318166014487458,1,1,Other,0.0,0.0,0.0,0
0.7307692307692307,-0.09403781975051101,1,1,Elite,0.0,1.0,0.0,1
-0.7692307692307693,-0.314658198302341,1,1,Other,0.0,0.0,1.0,0
0.9230769230769231,-0.015546003547677732,1,1,Other,1.0,0.0,0.0,1
-0.6153846153846154,0.46674328941919513,1,0,Other,0.0,1.0,0.0,0
-0.5384615384615384,-0.6754583524336583,1,0,Other,0.0,0.0,0.0,0
-0.4230769230769231,0.5827226765700467,1,1,Other,0.0,0.0,0.0,0
-0.15384615384615385,0.4489473229649019,1,1,Strong,1.0,0.0,0.0,0
0.6923076923076923,-0.6754583524336583,1,1,Other,0.0,1.0,0.0,1
0.23076923076923078,-0.23964762391958597,1,1,Other,1.0,0.0,0.0,1
-0.6153846153846154,-0.07820835630908644,1,1,Other,1.0,0.0,0.0,0
-0.6153846153846154,0.2210455683924502,1,0,Other,1.0,0.0,0.0,0
-0.5769230769230769,0.19694261930229004,0,1,Other,0.0,1.0,0.0,0
0.3076923076923077,0.6020156655881903,0,1,Other,0.0,0.0,0.0,0
-0.38461538461538464,0.1290894072366425,0,1,Other,0.0,1.0,0.0,0
-0.8846153846153846,0.2212138727043624,1,1,Other,0.0,1.0,0.0,0
0.19230769230769232,0.39459388833894715,1,1,Elite,0.0,0.0,1.0,1
-0.4230769230769231,-0.6754583524336583,1,0,Other,0.0,0.0,1.0,0
-0.038461538461538464,0.05386623793357737,0,0,Other,0.0,0.0,0.0,0
0.34615384615384615,-0.21379076673686728,0,0,Other,0.0,0.0,1.0,0
0.19230769230769232,0.08134413138366076,1,1,Elite,0.0,1.0,0.0,1
-0.2692307692307692,-0.1969780517890084,0,1,Other,1.0,0.0,0.0,0
0.11538461538461539,-0.6754583524336583,0,0,Other,0.0,1.0,0.0,0
0.6153846153846154,-0.6754583524336583,1,1,Other,0.0,0.0,0.0,1
0.5769230769230769,-0.08137070574869952,1,1,Other,0.0,1.0,0.0,0
0.2692307692307692,-0.15254571344419274,0,1,Other,0.0,1.0,0.0,0
-0.5769230769230769,0.4952930155925087,0,1,Other,0.0,1.0,0.0,0
0.038461538461538464,-0.6754583524336583,1,0,Other,0.0,1.0,0.0,0
-0.19230769230769232,0.48244873915710546,1,0,Other,1.0,0.0,0.0,0
0.07692307692307693,-0.13670739188108857,0,1,Other,0.0,0.0,0.0,0
-0.11538461538461539,-0.10848541620991976,1,1,Other,0.0,0.0,1.0,0
0.23076923076923078,-0.6754583524336583,1,1,Elite,0.0,0.0,0.0,1
0.0,0.3803145961914506,0,1,Elite,1.0,0.0,0.0,0
0.07692307692307693,0.3047459601428815,0,1,Other,1.0,0.0,0.0,0
-0.07692307692307693,-0.20859104931094885,0,1,Other,0.0,0.0,1.0,0
0.6923076923076923,-0.6754583524336583,1,1,Strong,0.0,1.0,0.0,1
-0.5769230769230769,0.3425258491063263,0,1,Strong,1.0,0.0,0.0,0
-0.38461538461538464,0.2644237902573949,1,1,Other,1.0,0.0,0.0,0
-0.7307692307692307,0.5409123422423893,0,1,Other,0.0,0.0,0.0,0
-0.23076923076923078,0.3089712841840452,0,1,Other,0.0,0.0,1.0,0
-0.038461538461538464,0.6026711665924799,1,1,Other,0.0,1.0,0.0,0
0.11538461538461539,-0.11761813966157546,0,1,Other,1.0,0.0,0.0,0
-0.8461538461538461,-0.6754583524336583,1,0,Other,0.0,1.0,0.0,0
0.6153846153846154,-0.06491231566802418,1,1,Other,0.0,1.0,0.0,1
-0.3076923076923077,0.6150813950655833,1,1,Other,1.0,0.0,0.0,0
-0.4230769230769231,0.3860015103097464,1,1,Other,1.0,0.0,0.0,0
-0.2692307692307692,0.14150849383142552,1,1,Other,1.0,0.0,0.0,0
0.5384615384615384,-0.6754583524336583,1,0,Other,1.0,0.0,0.0,0
0.7692307692307693,-0.6754583524336583,1,1,Other,0.0,0.0,0.0,1
-0.34615384615384615,-0.23022258245250385,1,1,Other,0.0,0.0,1.0,0
-0.038461538461538464,-0.6754583524336583,0,0,Elite,1.0,0.0,0.0,0
-0.9230769230769231,0.15818833695409057,1,1,Other,1.0,0.0,0.0,0
-0.038461538461538464,0.0026574365038765355,0,1,Other,1.0,0.0,0.0,0
0.6538461538461539,-0.6754583524336583,1,1,Elite,0.0,0.0,0.0,1
0.9230769230769231,0.11783959270356517,1,1,Other,0.0,0.0,1.0,1
0.8076923076923077,0.2969065224564457,1,1,Other,1.0,0.0,0.0,1
-0.9230769230769231,-0.1401354849710893,1,1,Strong,1.0,0.0,0.0,0
0.6153846153846154,-0.6754583524336583,1,1,Other,1.0,0.0,0.0,1
0.9230769230769231,-0.6754583524336583,1,1,Elite,1.0,0.0,0.0,1
0.07692307692307693,-0.2591177753713214,0,1,Other,0.0,1.0,0.0,0
0.3076923076923077,0.4239497035851033,0,1,Other,0.0,0.0,1.0,0
-0.8076923076923077,0.12390740605408326,0,1,Other,1.0,0.0,0.0,0
-0.2692307692307692,0.41501185881039854,1,1,Other,1.0,0.0,0.0,0
-0.7692307692307693,0.14129589891111538,1,1,Other,0.0,0.0,1.0,0
-0.46153846153846156,-0.6754583524336583,1,0,Other,0.0,0.0,1.0,0
0.6538461538461539,-0.31957445583451255,1,1,Other,0.0,1.0,0.0,1
0.11538461538461539,0.44823867323053485,0,0,Strong,0.0,1.0,0.0,0
0.38461538461538464,-0.10264791402307098,1,1,Other,0.0,0.0,1.0,0
0.6153846153846154,0.47152667512617286,1,1,Other,1.0,0.0,0.0,1
-0.11538461538461539,0.16439788025148208,1,1,Other,1.0,0.0,0.0,0
0.6923076923076923,0.24559142356658983,1,1,Other,0.0,0.0,1.0,1
-0.4230769230769231,-0.12631681515093132,1,1,Other,0.0,1.0,0.0,0
0.11538461538461539,-0.20991090944120755,1,0,Other,1.0,0.0,0.0,0
-0.23076923076923078,0.5794983202786765,1,1,Other,0.0,0.0,1.0,0
-0.34615384615384615,0.6493091772355131,1,1,Other,0.0,0.0,0.0,0
-0.9615384615384616,0.21358702993823675,0,1,Other,0.0,0.0,1.0,0
0.7692307692307693,-0.6754583524336583,1,1,Other,1.0,0.0,0.0,1
0.038461538461538464,0.21407422663061412,0,1,Other,0.0,1.0,0.0,0
0.5384615384615384,0.22649331322539712,0,1,Other,1.0,0.0,0.0,0
0.6923076923076923,0.020417970471451382,1,1,Elite,0.0,0.0,1.0,1
-0.2692307692307692,-0.6754583524336583,0,0,Other,1.0,0.0,0.0,0
0.34615384615384615,0.28632992517101713,0,1,Other,0.0,1.0,0.0,0
0.15384615384615385,0.03918833031049931,1,1,Other,1.0,0.0,0.0,0
0.5384615384615384,-0.6754583524336583,1,0,Other,0.0,0.0,0.0,0
-0.19230769230769232,-0.06540837048208113,0,1,Other,0.0,0.0,0.0,0
-0.46153846153846156,0.4488853161131448,1,1,Other,1.0,0.0,0.0,0
-0.2692307692307692,-0.6754583524336583,0,0,Other,0.0,0.0,0.0,0
-0.8461538461538461,-0.6754583524336583,0,0,Other,0.0,0.0,1.0,0
0.19230769230769232,-0.1481077944827189,1,1,Strong,1.0,0.0,0.0,1
-0.6153846153846154,-0.11074423723821482,1,1,Other,1.0,0.0,0.0,0
0.11538461538461539,0.2917068050305273,1,1,Other,0.0,0.0,0.0,0
0.8076923076923077,0.19347023560389137,1,1,Elite,0.0,1.0,0.0,1
0.9230769230769231,0.40479844451383307,1,1,Elite,0.0,0.0,0.0,1
-0.7692307692307693,0.15392758042620852,1,1,Other,0.0,0.0,1.0,0
0.6153846153846154,0.1911494077238392,1,1,Elite,0.0,0.0,0.0,1
-0.9230769230769231,-0.6754583524336583,1,0,Other,1.0,0.0,0.0,0
0.5384615384615384,-0.6754583524336583,0,0,Other,0.0,0.0,1.0,0
-0.11538461538461539,-0.6754583524336583,0,0,Other,0.0,1.0,0.0,0
0.46153846153846156,-0.6754583524336583,1,0,Other,1.0,0.0,0.0,0
-0.7692307692307693,0.4390085104404037,1,1,Other,0.0,0.0,1.0,0
0.38461538461538464,-0.6754583524336583,1,0,Other,0.0,0.0,1.0,0
0.11538461538461539,0.036123420209361705,1,1,Other,0.0,1.0,0.0,0
-0.9615384615384616,0.46180931564366434,1,1,Other,0.0,0.0,1.0,0
0.19230769230769232,-0.6754583524336583,0,0,Other,1.0,0.0,0.0,0
0.6538461538461539,0.04500811625398892,1,1,Other,0.0,0.0,1.0,1
0.9230769230769231,0.03227013727874073,1,1,Elite,0.0,0.0,0.0,1
-0.038461538461538464,-0.10604943274803294,1,1,Other,0.0,0.0,0.0,0
-0.11538461538461539,-0.09786452831609321,1,1,Other,1.0,0.0,0.0,0
-0.8076923076923077,0.11783959270356517,0,1,Other,0.0,0.0,0.0,0
0.2692307692307692,-0.6754583524336583,1,0,Other,1.0,0.0,0.0,0
-0.5769230769230769,0.614549907764808,0,1,Elite,0.0,0.0,0.0,0
0.34615384615384615,-0.6754583524336583,0,0,Other,0.0,0.0,1.0,0
0.7307692307692307,-0.6754583524336583,1,1,Other,0.0,0.0,0.0,1
-0.46153846153846156,0.5951949118949073,1,1,Other,0.0,1.0,0.0,0
0.15384615384615385,0.305897515961228,1,0,Other,0.0,1.0,0.0,0
-0.9230769230769231,0.027548758423520083,0,1,Other,0.0,1.0,0.0,0
0.6153846153846154,-0.6754583524336583,1,1,Elite,0.0,0.0,0.0,1
0.15384615384615385,0.3932563119653293,0,1,Other,1.0,0.0,0.0,0
-0.07692307692307693,0.17409752349063143,0,1,Other,0.0,0.0,1.0,0
-0.38461538461538464,0.12344678372674467,1,1,Other,1.0,0.0,0.0,0
0.8076923076923077,-0.6754583524336583,1,1,Other,0.0,0.0,0.0,1
0.6538461538461539,0.2462823570575977,1,1,Other,0.0,0.0,1.0,1
-0.46153846153846156,-0.6754583524336583,1,0,Other,1.0,0.0,0.0,0
0.46153846153846156,-0.6754583524336583,0,0,Other,0.0,0.0,0.0,0
0.9230769230769231,-0.04787814767817558,1,1,Elite,0.0,0.0,1.0,1
-0.5769230769230769,0.017866831427729907,0,1,Other,0.0,0.0,1.0,0
0.11538461538461539,-0.291627081935411,1,1,Other,1.0,0.0,0.0,0
-0.9615384615384616,0.25786878021449944,1,1,Other,1.0,0.0,0.0,0
0.038461538461538464,0.1013280538928123,0,1,Other,0.0,0.0,0.0,0
-0.15384615384615385,0.1457338178725892,1,1,Other,0.0,1.0,0.0,0
-0.6538461538461539,0.5023440804494611,1,1,Other,0.0,0.0,0.0,0
0.8076923076923077,-0.039684385124556264,1,1,Elite,0.0,0.0,0.0,1
0.8076923076923077,-0.6754583524336583,1,1,Other,0.0,1.0,0.0,1
-0.6538461538461539,0.2011147946133762,0,0,Other,0.0,0.0,0.0,0
-0.038461538461538464,0.46057803673020153,0,1,Other,0.0,1.0,0.0,0
-0.7692307692307693,-0.6754583524336583,1,0,Other,0.0,0.0,0.0,0
0.11538461538461539,-0.032943354526389454,0,0,Strong,0.0,0.0,1.0,0
-0.8846153846153846,0.4506480823273829,0,1,Other,1.0,0.0,0.0,0
0.8846153846153846,0.24805398139351542,1,1,Other,0.0,1.0,0.0,1
0.5384615384615384,-0.16362722366535787,0,1,Other,0.0,1.0,0.0,0
-0.6923076923076923,0.5140633754315567,0,1,Other,0.0,0.0,1.0,0
-0.038461538461538464,-0.6754583524336583,0,0,Strong,1.0,0.0,0.0,0
-0.38461538461538464,-0.6754583524336583,1,0,Other,0.0,1.0,0.0,0
-0.6538461538461539,0.28874819238954474,1,1,Other,0.0,0.0,0.0,0
-0.19230769230769232,0.17924409218647233,0,1,Other,0.0,1.0,0.0,0
0.6153846153846154,0.3810941108992544,1,1,Other,1.0,0.0,0.0,1
0.9230769230769231,-0.6754583524336583,1,1,Other,0.0,1.0,0.0,1
0.7692307692307693,0.27095222593525153,1,1,Other,0.0,0.0,0.0,1
0.038461538461538464,0.5488935098756984,0,1,Other,0.0,1.0,0.0,0
0.34615384615384615,-0.6754583524336583,0,0,Other,0.0,0.0,1.0,0
-0.46153846153846156,-0.6754583524336583,1,0,Strong,0.0,0.0,0.0,0
0.4230769230769231,0.5242767897281221,1,1,Other,0.0,0.0,0.0,0
-0.2692307692307692,-0.22208196862896207,1,0,Other,1.0,0.0,0.0,0
0.7307692307692307,0.18525875680691287,1,1,Other,0.0,0.0,0.0,1
0.2692307692307692,-0.1683751768856173,1,1,Strong,0.0,0.0,1.0,1
-0.7692307692307693,-0.6754583524336583,0,0,Other,1.0,0.0,0.0,0
-0.6153846153846154,-0.6754583524336583,0,0,Other,0.0,0.0,0.0,0
0.9230769230769231,-0.6754583524336583,1,1,Elite,0.0,1.0,0.0,1
0.15384615384615385,-0.2595518233336212,1,1,Other,0.0,0.0,0.0,0
-0.23076923076923078,-0.27415886598326256,1,1,Other,0.0,1.0,0.0,0
-0.07692307692307693,0.26450351335251115,1,1,Other,0.0,0.0,0.0,0
-0.9615384615384616,-0.6754583524336583,0,0,Other,0.0,0.0,1.0,0
0.5,0.35048930049627625,1,1,Other,1.0,0.0,0.0,0
-0.19230769230769232,0.15294432891977422,0,1,Other,0.0,0.0,1.0,0
0.5,-0.22154162320650717,1,1,Elite,0.0,0.0,0.0,1
0.19230769230769232,0.19151259071270232,1,1,Other,1.0,0.0,0.0,1
-0.038461538461538464,-0.6754583524336583,1,0,Other,0.0,0.0,1.0,0
-0.34615384615384615,0.3236137593204049,1,1,Other,1.0,0.0,0.0,0
0.6923076923076923,-0.6754583524336583,1,1,Elite,1.0,0.0,0.0,1
0.46153846153846156,-0.14256261031129655,1,1,Other,0.0,0.0,1.0,0
-0.7307692307692307,-0.06461113953091817,1,1,Other,0.0,1.0,0.0,0
0.5384615384615384,0.6395741015096453,1,0,Other,0.0,1.0,0.0,0
0.4230769230769231,0.4073495835575545,1,1,Other,0.0,0.0,0.0,1
0.15384615384615385,-0.20720918232893307,0,1,Other,0.0,0.0,0.0,0
0.15384615384615385,0.573138188912732,1,1,Strong,0.0,0.0,0.0,0
-0.23076923076923078,-0.6754583524336583,0,0,Other,0.0,0.0,1.0,0
-0.3076923076923077,-0.18346941622763602,1,1,Elite,1.0,0.0,0.0,0
0.7692307692307693,0.469586746478343,1,1,Elite,0.0,1.0,0.0,1
0.6923076923076923,0.22542148050216693,1,1,Other,0.0,0.0,0.0,1
0.8076923076923077,0.02981643757349473,1,1,Other,0.0,0.0,1.0,1
0.9230769230769231,0.28438999652318725,1,1,Elite,1.0,0.0,0.0,1
0.15384615384615385,-0.11158575879777573,0,1,Other,0.0,0.0,1.0,0
-0.6538461538461539,-0.05217433669277598,1,0,Other,0.0,1.0,0.0,0
0.7692307692307693,-0.18237986726104663,1,1,Elite,1.0,0.0,0.0,1
0.5769230769230769,0.33438523528278447,1,1,Other,0.0,0.0,1.0,0
0.15384615384615385,-0.2631747951005729,1,1,Other,0.0,0.0,1.0,0
-0.5384615384615384,-0.01996620626579237,1,1,Other,0.0,0.0,0.0,0
-0.4230769230769231,0.6412660027504468,1,1,Strong,1.0,0.0,0.0,0
0.8076923076923077,0.43556270110704376,1,1,Other,0.0,0.0,1.0,1
0.19230769230769232,0.09500335501358614,0,1,Strong,1.0,0.0,0.0,0
0.2692307692307692,-0.6754583524336583,1,0,Other,0.0,0.0,0.0,0
0.3076923076923077,-0.11087710906340865,1,0,Other,1.0,0.0,0.0,0
-0.6153846153846154,0.5229303552328246,0,1,Other,1.0,0.0,0.0,0
-0.4230769230769231,-0.6754583524336583,0,0,Other,0.0,0.0,0.0,0
0.5,-0.6754583524336583,0,0,Other,0.0,1.0,0.0,0
-0.8461538461538461,-0.6754583524336583,0,0,Other,0.0,1.0,0.0,0
0.5384615384615384,0.32493361945066357,0,1,Other,0.0,0.0,0.0,0
-0.15384615384615385,-0.030294776144192504,1,1,Other,0.0,0.0,0.0,0
-0.6923076923076923,-0.6754583524336583,1,0,Other,1.0,0.0,0.0,0
0.19230769230769232,0.5524544747908929,0,1,Strong,0.0,1.0,0.0,0
0.0,-0.0644251189756468,1,1,Other,0.0,1.0,0.0,0
0.7692307692307693,0.6366952119637791,1,1,Other,0.0,0.0,0.0,1
0.46153846153846156,0.23938188026919832,1,1,Other,0.0,0.0,1.0,0
0.19230769230769232,-0.6754583524336583,0,0,Other,1.0,0.0,0.0,0
0.0,-0.6754583524336583,1,0,Elite,0.0,0.0,0.0,0
0.46153846153846156,-0.6754583524336583,1,1,Elite,0.0,0.0,1.0,1
0.9230769230769231,-0.15544231923341814,1,1,Other,0.0,0.0,1.0,1
0.9230769230769231,-0.6754583524336583,1,1,Other,1.0,0.0,0.0,1
0.07692307692307693,0.06655992630042763,0,0,Other,0.0,0.0,1.0,0
0.07692307692307693,-0.6754583524336583,1,0,Other,0.0,1.0,0.0,0
-0.34615384615384615,0.061519655064741795,0,1,Other,1.0,0.0,0.0,0
-0.9615384615384616,0.42273614091499967,1,1,Other,1.0,0.0,0.0,0
-0.6538461538461539,-0.6754583524336583,0,0,Elite,0.0,0.0,0.0,0
0.7692307692307693,-0.17728644729528328,1,1,Elite,1.0,0.0,0.0,1
-0.38461538461538464,0.2305680491980078,0,1,Other,0.0,1.0,0.0,0
0.3076923076923077,-0.07594067715911179,0,1,Other,1.0,0.0,0.0,0
-0.38461538461538464,0.5466435469690829,1,1,Other,0.0,0.0,0.0,0
-0.7307692307692307,0.26043763550158006,0,1,Other,1.0,0.0,0.0,0
0.2692307692307692,0.5408680516339913,1,1,Other,0.0,0.0,0.0,0
0.46153846153846156,-0.6754583524336583,0,0,Other,0.0,0.0,0.0,0
0.4230769230769231,-0.6754583524336583,1,1,Elite,1.0,0.0,0.0,1
0.0,0.2724403903774224,1,1,Other,0.0,0.0,0.0,0
0.46153846153846156,-0.6754583524336583,1,0,Other,0.0,1.0,0.0,0
-0.38461538461538464,-0.6754583524336583,0,0,Other,0.0,0.0,0.0,0
0.6923076923076923,-0.08827118253709892,1,1,Other,0.0,1.0,0.0,1
-0.9230769230769231,0.004526500178269699,1,1,Other,0.0,1.0,0.0,0
-0.8846153846153846,0.17781793459605857,0,1,Other,0.0,0.0,0.0,0
0.5,-0.6754583524336583,0,0,Other,0.0,0.0,1.0,0
0.5769230769230769,-0.2697209470217888,0,1,Elite,0.0,1.0,0.0,0
0.038461538461538464,-0.0322878535220999,0,1,Other,0.0,0.0,1.0,0
0.9230769230769231,0.13544068048090743,1,1,Other,0.0,1.0,0.0,1
0.7307692307692307,-0.21382619922358564,1,1,Other,0.0,0.0,0.0,1
0.038461538461538464,0.09855546180710112,1,1,Other,0.0,0.0,0.0,0
-0.4230769230769231,0.3652203568494319,0,1,Other,1.0,0.0,0.0,0
-0.07692307692307693,-0.6754583524336583,0,0,Other,0.0,0.0,0.0,0
0.46153846153846156,0.474795322025941,0,1,Other,0.0,1.0,0.0,0
0.4230769230769231,0.4301592468824948,0,0,Other,1.0,0.0,0.0,0
0.4230769230769231,-0.6754583524336583,1,0,Other,1.0,0.0,0.0,0
-0.7307692307692307,0.2800495169001889,1,1,Other,0.0,0.0,1.0,0
0.5384615384615384,-0.6754583524336583,0,0,Other,0.0,1.0,0.0,0
0.11538461538461539,0.37253716535677195,0,1,Other,1.0,0.0,0.0,0
0.8461538461538461,-0.6754583524336583,1,1,Other,0.0,1.0,0.0,1
0.8846153846153846,-0.07989139942820825,1,1,Other,0.0,0.0,0.0,1
-0.6923076923076923,-0.6754583524336583,1,0,Other,0.0,1.0,0.0,0
-0.9615384615384616,-0.17690554806306097,0,1,Other,0.0,0.0,0.0,0
-0.8846153846153846,-0.20055673294756213,0,1,Other,0.0,0.0,0.0,0
-0.15384615384615385,-0.13153424882020892,0,1,Other,1.0,0.0,0.0,0
-0.5769230769230769,0.5371033499201662,0,1,Other,0.0,0.0,1.0,0
0.8461538461538461,0.10084971532211452,1,1,Elite,0.0,1.0,0.0,1
0.34615384615384615,-0.6754583524336583,0,0,Other,0.0,1.0,0.0,0
-0.3076923076923077,-0.6754583524336583,1,0,Other,0.0,1.0,0.0,0
0.9230769230769231,-0.14524662118021184,1,1,Other,1.0,0.0,0.0,1
0.3076923076923077,0.0872082079355483,1,1,Other,0.0,1.0,0.0,0
0.5769230769230769,0.4002276537271654,1,1,Elite,0.0,0.0,0.0,1
-0.34615384615384615,0.14729284728819678,1,1,Other,1.0,0.0,0.0,0
0.07692307692307693,-0.6754583524336583,0,0,Other,0.0,0.0,0.0,0
-0.8076923076923077,0.35459061083392573,0,1,Other,0.0,0.0,0.0,0
-0.15384615384615385,0.11618312394948213,1,1,Other,0.0,0.0,1.0,0
-0.5769230769230769,-0.1666035525496996,1,1,Other,1.0,0.0,0.0,0
-0.5384615384615384,-0.6754583524336583,0,0,Other,0.0,1.0,0.0,0
0.6153846153846154,-0.6754583524336583,1,1,Strong,0.0,0.0,0.0,1
-0.11538461538461539,-0.6754583524336583,1,0,Other,1.0,0.0,0.0,0
-0.5,0.3807752185187892,0,1,Strong,0.0,0.0,0.0,0
-0.8846153846153846,-0.015430847965843084,1,1,Other,1.0,0.0,0.0,0
0.34615384615384615,0.6494154746956682,0,1,Other,1.0,0.0,0.0,0
0.6538461538461539,0.5113527901976026,1,1,Other,0.0,1.0,0.0,1
0.038461538461538464,0.09525138242061462,0,1,Other,0.0,1.0,0.0,0
0.8076923076923077,0.5477951027874295,1,1,Other,0.0,1.0,0.0,1
0.7692307692307693,-0.12212692359648598,1,1,Elite,0.0,0.0,0.0,1
-0.07692307692307693,0.6505936048790534,0,1,Other,0.0,0.0,1.0,0
0.2692307692307692,-0.030728824106492338,1,1,Other,0.0,0.0,1.0,0
-0.6538461538461539,0.6119279037476498,1,1,Other,0.0,1.0,0.0,0
-0.6923076923076923,0.47316542763689673,0,1,Other,0.0,0.0,0.0,0
0.7307692307692307,-0.6754583524336583,1,1,Other,0.0,0.0,0.0,1
0.038461538461538464,-0.6754583524336583,0,0,Other,0.0,0.0,0.0,0
-0.11538461538461539,0.4872941317158403,0,1,Other,0.0,0.0,0.0,0
0.7692307692307693,0.2027181146373817,1,1,Other,1.0,0.0,0.0,1
-0.7307692307692307,0.04706320048365344,0,1,Other,0.0,0.0,1.0,0
0.34615384615384615,-0.6754583524336583,0,0,Strong,0.0,0.0,1.0,0
-0.6923076923076923,0.6478387290367014,0,1,Other,0.0,0.0,1.0,0
-0.6153846153846154,0.11818505944906912,1,0,Other,0.0,1.0,0.0,0
0.8076923076923077,0.4661940858750606,1,1,Other,0.0,1.0,0.0,1
0.2692307692307692,0.2979960714230351,0,1,Other,0.0,0.0,1.0,0
0.07692307692307693,-0.6754583524336583,0,0,Other,1.0,0.0,0.0,0
0.3076923076923077,0.17330029253946846,1,1,Other,0.0,0.0,1.0,0
-0.9230769230769231,0.31676643126208304,1,1,Other,0.0,1.0,0.0,0
0.8076923076923077,-0.6754583524336583,1,1,Other,1.0,0.0,0.0,1
-0.23076923076923078,-0.6754583524336583,0,0,Other,0.0,1.0,0.0,0
-0.8846153846153846,0.06042124797647283,1,1,Other,0.0,0.0,1.0,0
-0.5384615384615384,0.23558174606865487,1,1,Other,1.0,0.0,0.0,0
0.9230769230769231,0.1508006634733138,1,1,Other,0.0,0.0,1.0,1
0.38461538461538464,-0.6754583524336583,0,0,Other,0.0,0.0,0.0,0
0.5769230769230769,0.018699494865611222,0,1,Other,0.0,0.0,1.0,0
-0.11538461538461539,-0.6754583524336583,1,0,Other,0.0,1.0,0.0,0
-0.6538461538461539,0.45159590134709887,0,1,Other,0.0,0.0,0.0,0
0.46153846153846156,0.02832827313132387,0,0,Other,1.0,0.0,0.0,0
-0.5769230769230769,-0.6754583524336583,1,0,Other,0.0,0.0,0.0,0
0.4230769230769231,0.17531994428241462,0,1,Other,0.0,1.0,0.0,0
0.038461538461538464,-0.11051392607454552,0,1,Other,0.0,1.0,0.0,0
0.23076923076923078,-0.6754583524336583,1,0,Other,1.0,0.0,0.0,0
0.4230769230769231,-0.6754583524336583,0,0,Other,0.0,1.0,0.0,0
0.3076923076923077,0.03645117071150648,1,1,Other,0.0,0.0,0.0,0
0.7307692307692307,-0.6754583524336583,1,1,Other,0.0,0.0,1.0,1
0.8076923076923077,-0.6754583524336583,1,1,Other,0.0,0.0,0.0,1
0.38461538461538464,0.5890030848408749,1,1,Other,0.0,1.0,0.0,0
-0.6153846153846154,0.4731920020019355,1,1,Other,0.0,0.0,1.0,0
0.7307692307692307,0.1962871182980005,1,1,Other,0.0,1.0,0.0,1
0.8076923076923077,-0.6754583524336583,1,1,Other,0.0,1.0,0.0,1
-0.15384615384615385,0.24434242840976786,0,1,Other,0.0,1.0,0.0,0
-0.5769230769230769,0.32803396203851953,0,1,Other,1.0,0.0,0.0,0
0.038461538461538464,0.2899528969379688,1,0,Other,0.0,0.0,0.0,0
-0.2692307692307692,-0.6754583524336583,0,0,Other,0.0,0.0,1.0,0
-0.8461538461538461,-0.6754583524336583,0,0,Other,0.0,1.0,0.0,0
-0.11538461538461539,0.5530656851867846,0,1,Other,0.0,0.0,1.0,0
0.15384615384615385,-0.6754583524336583,1,0,Other,0.0,0.0,1.0,0
-0.34615384615384615,-0.25834711878519717,1,1,Other,1.0,0.0,0.0,0
-0.23076923076923078,-0.05633765388218255,1,1,Other,0.0,0.0,0.0,0
0.11538461538461539,0.4526145853402515,0,1,Elite,0.0,0.0,0.0,0
-0.07692307692307693,0.5342421766176592,0,1,Other,0.0,1.0,0.0,0
0.07692307692307693,0.2172365760702272,0,1,Other,0.0,0.0,1.0,0
-0.7307692307692307,-0.6754583524336583,1,0,Other,0.0,0.0,1.0,0
0.038461538461538464,-0.6754583524336583,1,0,Other,0.0,0.0,0.0,0
0.07692307692307693,-0.6754583524336583,1,0,Other,0.0,1.0,0.0,0
-0.3076923076923077,-0.038417673724375115,0,1,Other,1.0,0.0,0.0,0
-0.2692307692307692,-0.2484348806257377,0,1,Other,0.0,1.0,0.0,0
-0.5,-0.004854250680414471,0,1,Other,0.0,1.0,0.0,0
-0.7307692307692307,0.631876393770083,0,1,Other,0.0,0.0,1.0,0
0.8461538461538461,0.5836084887380055,1,1,Other,0.0,1.0,0.0,1
-0.8076923076923077,0.257727050267626,0,1,Other,0.0,0.0,1.0,0
0.7692307692307693,0.6272170217666195,1,1,Elite,1.0,0.0,0.0,1
0.038461538461538464,0.2936113011916388,1,1,Other,0.0,0.0,0.0,0
-0.11538461538461539,-0.6754583524336583,0,0,Other,1.0,0.0,0.0,0
0.6923076923076923,-0.1596144945445043,1,1,Strong,0.0,1.0,0.0,1
0.8846153846153846,-0.6754583524336583,1,1,Other,1.0,0.0,0.0,1
-0.5,-0.10540278986542298,0,1,Elite,1.0,0.0,0.0,0
0.8076923076923077,0.022552777796232198,1,1,Other,0.0,0.0,0.0,1
-0.34615384615384615,0.5045143202609602,0,1,Other,1.0,0.0,0.0,0
-0.34615384615384615,-0.6754583524336583,0,0,Strong,0.0,0.0,1.0,0
0.5,0.10643919010193484,0,1,Other,0.0,0.0,0.0,0
-0.5769230769230769,0.3108757803451567,0,1,Other,1.0,0.0,0.0,0
0.34615384615384615,-0.20552613920981125,1,1,Strong,0.0,1.0,0.0,0
0.6923076923076923,-0.11480125696746633,1,1,Other,0.0,0.0,1.0,1
-0.8846153846153846,0.0786955530014638,0,1,Other,0.0,1.0,0.0,0
0.34615384615384615,-0.6754583524336583,0,0,Elite,0.0,0.0,1.0,0
0.2692307692307692,0.11401288413798297,0,1,Other,1.0,0.0,0.0,0
-0.6153846153846154,0.07735797662784595,1,1,Other,0.0,0.0,1.0,0
0.4230769230769231,0.5997922770466136,1,1,Other,0.0,0.0,1.0,0
-0.9230769230769231,-0.17824312443667883,1,1,Other,0.0,0.0,1.0,0
0.19230769230769232,-0.15245713222739685,1,1,Other,0.0,0.0,0.0,1
-0.5,-0.06135135075282962,0,1,Other,0.0,1.0,0.0,0
0.15384615384615385,0.29679136687461105,0,1,Strong,0.0,0.0,0.0,0
-0.8076923076923077,-0.2578599220928198,1,1,Other,0.0,1.0,0.0,0
0.9230769230769231,0.25708040738501603,1,1,Other,0.0,0.0,0.0,1
-0.5384615384615384,-0.06630304077171956,1,0,Other,0.0,0.0,1.0,0
-0.46153846153846156,-0.029745572600058022,1,1,Other,0.0,0.0,1.0,0
0.07692307692307693,-0.18835909939476883,0,0,Other,0.0,0.0,1.0,0
0.6923076923076923,-0.31904296853373726,1,1,Other,1.0,0.0,0.0,1
-0.6153846153846154,0.31102636841370973,1,1,Other,0.0,0.0,1.0,0
0.8076923076923077,-0.6754583524336583,1,1,Other,0.0,1.0,0.0,1
0.46153846153846156,0.44685680624851903,0,1,Other,1.0,0.0,0.0,0
-0.5384615384615384,-0.6754583524336583,0,0,Other,1.0,0.0,0.0,0
0.38461538461538464,0.5953632162068194,1,1,Other,0.0,0.0,0.0,0
-0.8846153846153846,0.2717848893731329,1,1,Elite,0.0,1.0,0.0,0
0.3076923076923077,0.430132672517456,1,1,Strong,1.0,0.0,0.0,0
-0.8076923076923077,-0.3176256690650031,1,1,Other,0.0,1.0,0.0,0
-0.7692307692307693,0.47739075167806044,0,1,Other,0.0,0.0,1.0,0
0.38461538461538464,0.2707396310149414,1,1,Other,0.0,1.0,0.0,0
0.4230769230769231,-0.6754583524336583,1,0,Strong,0.0,1.0,0.0,0
0.038461538461538464,0.4310096265637353,1,1,Other,1.0,0.0,0.0,0
0.3076923076923077,-0.6754583524336583,0,0,Strong,1.0,0.0,0.0,0
-0.19230769230769232,0.2961270077486419,1,1,Strong,0.0,1.0,0.0,0
-0.7692307692307693,0.0465582875479169,1,1,Other,1.0,0.0,0.0,0
-0.6538461538461539,0.4378126640136592,1,1,Other,1.0,0.0,0.0,0
-0.34615384615384615,0.14217285295739465,0,1,Other,0.0,0.0,1.0,0
-0.8846153846153846,0.4926532953319913,0,1,Other,0.0,1.0,0.0,0
0.0,0.43556270110704376,1,1,Other,0.0,1.0,0.0,0
-0.7692307692307693,0.5225051653922044,0,1,Other,0.0,1.0,0.0,0
-0.6153846153846154,-0.2918751093424395,0,1,Other,0.0,1.0,0.0,0
-0.15384615384615385,0.08973277261423102,0,1,Other,0.0,0.0,1.0,0
0.46153846153846156,-0.09485276694503314,1,1,Other,0.0,1.0,0.0,0
0.5,0.1837883086081012,1,1,Elite,1.0,0.0,0.0,1
-0.19230769230769232,-0.6754583524336583,1,0,Other,0.0,1.0,0.0,0
-0.8846153846153846,0.6174110810673151,1,1,Other,0.0,0.0,0.0,0
0.23076923076923078,-0.6754583524336583,1,0,Other,0.0,0.0,0.0,0
-0.7307692307692307,0.11116942707883506,0,1,Other,0.0,0.0,1.0,0
0.11538461538461539,-0.3163412414214628,0,1,Other,0.0,1.0,0.0,0
0.2692307692307692,-0.6754583524336583,1,0,Other,0.0,0.0,0.0,0
-0.6923076923076923,0.5158704322541927,1,1,Other,0.0,0.0,1.0,0
-0.23076923076923078,0.1275569521860737,0,1,Other,1.0,0.0,0.0,0
-0.5,0.2593126540482723,1,1,Other,1.0,0.0,0.0,0
-0.15384615384615385,0.28576300538352345,0,1,Other,0.0,1.0,0.0,0
-0.9615384615384616,0.11217925295030816,0,1,Other,0.0,1.0,0.0,0
0.8846153846153846,0.1863128732867839,1,1,Elite,1.0,0.0,0.0,1
0.3076923076923077,0.2855947010716113,0,1,Other,1.0,0.0,0.0,0
-0.38461538461538464,-0.11246271284405499,0,1,Other,0.0,0.0,0.0,0
0.6538461538461539,0.18983840571526012,1,1,Other,1.0,0.0,0.0,1
-0.7692307692307693,0.473998091074778,0,1,Other,1.0,0.0,0.0,0
-0.6923076923076923,0.47371463118103124,0,1,Other,0.0,0.0,0.0,0
-0.46153846153846156,-0.16639095762938946,1,1,Other,1.0,0.0,0.0,0
0.11538461538461539,0.1916986112679737,0,1,Elite,1.0,0.0,0.0,0
0.07692307692307693,0.5661048402991388,1,1,Other,0.0,0.0,0.0,0
-0.46153846153846156,-0.0130391551123542,0,1,Other,0.0,0.0,1.0,0
0.34615384615384615,-0.6754583524336583,0,0,Other,1.0,0.0,0.0,0
-0.11538461538461539,-0.06730400852151305,1,1,Other,1.0,0.0,0.0,0
0.7692307692307693,0.20585388971195603,1,1,Elite,0.0,1.0,0.0,1
-0.9230769230769231,-0.09359491366653158,0,1,Other,0.0,0.0,1.0,0
0.5769230769230769,0.2552556343190208,1,1,Other,0.0,0.0,1.0,0
0.6538461538461539,0.21993830318250165,1,1,Other,0.0,1.0,0.0,1
-0.9615384615384616,0.23297745829485586,1,1,Other,0.0,0.0,1.0,0
-0.3076923076923077,-0.6754583524336583,1,0,Other,0.0,1.0,0.0,0
-0.7307692307692307,-0.6754583524336583,0,0,Other,0.0,1.0,0.0,0
0.038461538461538464,0.21163824316872729,1,1,Other,1.0,0.0,0.0,0
0.15384615384615385,0.44524462810283394,0,1,Other,0.0,1.0,0.0,0
0.15384615384615385,0.013809811698478397,0,0,Other,0.0,0.0,1.0,0
-0.15384615384615385,-0.2179363676829147,1,1,Other,0.0,0.0,0.0,0
0.4230769230769231,0.32059313982766524,0,1,Other,1.0,0.0,0.0,0
0.23076923076923078,0.10449040333242537,0,1,Other,1.0,0.0,0.0,0
0.3076923076923077,-0.09577401159971034,1,1,Other,0.0,1.0,0.0,0
0.5384615384615384,-0.09129180202983858,1,1,Other,1.0,0.0,0.0,1
0.8461538461538461,0.009425041467082113,1,1,Other,1.0,0.0,0.0,1
0.38461538461538464,-0.1515624619377584,1,1,Other,1.0,0.0,0.0,0
0.8461538461538461,0.14323582755894526,1,1,Other,0.0,0.0,1.0,1
0.5384615384615384,0.4227272827933201,1,1,Other,1.0,0.0,0.0,0
-0.4230769230769231,-0.02740702847664667,0,1,Other,1.0,0.0,0.0,0
-0.8846153846153846,0.012631681515093132,0,1,Other,0.0,0.0,1.0,0
0.15384615384615385,-0.6754583524336583,0,0,Other,1.0,0.0,0.0,0
-0.8076923076923077,0.5998720001417299,1,1,Strong,0.0,0.0,0.0,0
0.46153846153846156,0.4966571663311653,1,1,Elite,0.0,1.0,0.0,1
0.9230769230769231,-0.6754583524336583,1,1,Elite,0.0,1.0,0.0,1
-0.23076923076923078,-0.6754583524336583,0,0,Other,0.0,1.0,0.0,0
0.7307692307692307,-0.15892356105349642,1,1,Other,0.0,1.0,0.0,1
0.23076923076923078,0.2677721602522793,1,1,Other,0.0,0.0,0.0,0
-0.7692307692307693,-0.6754583524336583,0,0,Other,0.0,0.0,0.0,0
0.07692307692307693,0.5605330817626777,1,1,Elite,0.0,1.0,0.0,0
0.7307692307692307,0.4719075743583952,1,1,Other,1.0,0.0,0.0,1
-0.9230769230769231,-0.20032642178389284,1,1,Other,0.0,0.0,0.0,0
0.3076923076923077,-0.2233043894207453,0,1,Other,1.0,0.0,0.0,0
-0.38461538461538464,-0.2910778783912765,1,1,Other,0.0,0.0,1.0,0
-0.2692307692307692,0.41567621793636766,1,0,Other,0.0,1.0,0.0,0
0.23076923076923078,0.41631400269729807,0,0,Elite,1.0,0.0,0.0,0
0.5384615384615384,-0.21912335598797952,0,1,Other,1.0,0.0,0.0,0
-0.07692307692307693,0.011772443712173052,1,1,Other,0.0,0.0,1.0,0
-0.11538461538461539,0.4536244112117246,0,0,Other,1.0,0.0,0.0,0
-0.8461538461538461,-0.18950179709143575,1,1,Other,0.0,1.0,0.0,0
-0.07692307692307693,0.2214353257463521,1,1,Other,0.0,0.0,0.0,0
0.5,0.016148355821889747,0,1,Other,0.0,0.0,1.0,0
-0.3076923076923077,0.06773805648381288,0,1,Other,0.0,0.0,1.0,0
0.4230769230769231,-0.6754583524336583,1,1,Other,1.0,0.0,0.0,1
-0.4230769230769231,0.6459696653623083,0,1,Other,0.0,1.0,0.0,0
0.8461538461538461,0.5610379946984142,1,1,Other,1.0,0.0,0.0,1
0.38461538461538464,0.3165804107068117,1,1,Elite,1.0,0.0,0.0,1
0.3076923076923077,-0.09796196765456869,1,1,Elite,0.0,0.0,0.0,1
-0.38461538461538464,-0.6754583524336583,0,0,Other,0.0,1.0,0.0,0
0.38461538461538464,0.0022499629066154666,0,1,Other,0.0,0.0,1.0,0
-0.19230769230769232,0.03652203568494319,0,1,Other,0.0,1.0,0.0,0
0.6538461538461539,-0.6754583524336583,1,1,Other,0.0,0.0,0.0,1
-0.07692307692307693,0.18043108049153717,1,1,Other,1.0,0.0,0.0,0
0.6538461538461539,-0.09131837639487735,1,1,Strong,0.0,0.0,0.0,1
0.7307692307692307,0.049047419739881255,1,1,Strong,0.0,0.0,1.0,1
-0.7692307692307693,-0.6754583524336583,0,0,Other,0.0,0.0,1.0,0
0.6538461538461539,0.013375763736178561,1,1,Other,1.0,0.0,0.0,1
-0.38461538461538464,0.3514991263677493,0,1,Other,0.0,0.0,0.0,0
0.38461538461538464,0.4357487216623151,1,1,Elite,0.0,0.0,0.0,1
-0.11538461538461539,0.5423562160761621,0,1,Other,1.0,0.0,0.0,0
0.46153846153846156,0.5036196499713218,0,1,Other,0.0,0.0,0.0,0
-0.6538461538461539,-0.6754583524336583,1,0,Other,1.0,0.0,0.0,0
0.8846153846153846,-0.6754583524336583,1,1,Elite,0.0,0.0,0.0,1
0.11538461538461539,-0.6754583524336583,0,0,Strong,0.0,0.0,0.0,0
-0.2692307692307692,-0.6754583524336583,0,0,Other,1.0,0.0,0.0,0
0.11538461538461539,0.6241343954221227,0,1,Other,0.0,0.0,1.0,0
0.6153846153846154,-0.07675562435363394,1,1,Other,1.0,0.0,0.0,1
0.07692307692307693,-0.08152129381725252,1,1,Other,0.0,0.0,0.0,0
0.15384615384615385,0.13281867646374926,0,1,Other,0.0,0.0,1.0,0
0.8461538461538461,-0.30333751879582693,1,1,Other,0.0,0.0,1.0,1
0.5769230769230769,-0.6754583524336583,1,1,Other,0.0,0.0,0.0,1
-0.6153846153846154,0.22802576827596593,1,1,Other,0.0,0.0,1.0,0
0.34615384615384615,-0.6754583524336583,1,1,Other,1.0,0.0,0.0,1
-0.34615384615384615,-0.6754583524336583,0,0,Other,0.0,0.0,0.0,0
0.23076923076923078,-0.6754583524336583,1,0,Other,1.0,0.0,0.0,0
0.19230769230769232,-0.1586932498898271,0,1,Other,0.0,0.0,1.0,0
-0.23076923076923078,0.5343927646862121,1,1,Other,1.0,0.0,0.0,0
-0.6153846153846154,0.4777627927886031,1,1,Other,0.0,0.0,1.0,0
-0.8461538461538461,0.4081379563870379,0,1,Other,0.0,0.0,0.0,0
-0.5,0.24825771819214595,1,1,Other,0.0,0.0,0.0,0
-0.38461538461538464,-0.6754583524336583,0,0,Other,1.0,0.0,0.0,0
-0.6923076923076923,-0.6754583524336583,1,0,Elite,1.0,0.0,0.0,0
0.4230769230769231,0.3707743991425338,0,1,Other,0.0,1.0,0.0,0
0.7307692307692307,0.15042862236277108,1,1,Other,0.0,0.0,0.0,1
-0.8076923076923077,0.5573795904447442,0,1,Other,0.0,1.0,0.0,0
-0.4230769230769231,-0.6754583524336583,0,0,Strong,1.0,0.0,0.0,0
0.4230769230769231,0.42031787369647206,1,1,Other,1.0,0.0,0.0,0
-0.2692307692307692,-0.23846949373620072,0,1,Other,0.0,0.0,1.0,0
0.6538461538461539,0.013570642413129507,1,1,Other,1.0,0.0,0.0,1
0.34615384615384615,-0.006076671472197678,1,1,Elite,1.0,0.0,0.0,1
0.23076923076923078,-0.1378412314560759,1,1,Other,1.0,0.0,0.0,0
-0.5384615384615384,-0.28177685062770863,1,1,Other,0.0,0.0,0.0,0
-0.038461538461538464,-0.6754583524336583,0,0,Other,0.0,0.0,1.0,0
-0.9615384615384616,-0.23730022167449502,1,1,Other,0.0,0.0,0.0,0
0.23076923076923078,0.21161166880368854,0,0,Strong,0.0,0.0,0.0,0
0.2692307692307692,0.10850313245327894,1,1,Other,1.0,0.0,0.0,0
-0.3076923076923077,0.37941992590181217,0,1,Other,1.0,0.0,0.0,0
0.8846153846153846,0.5754944492795026,1,1,Elite,0.0,1.0,0.0,1
-0.4230769230769231,-0.6754583524336583,0,0,Other,0.0,1.0,0.0,0
0.15384615384615385,-0.02900149037897259,0,1,Other,1.0,0.0,0.0,0
-0.3076923076923077,0.007671133374523599,0,1,Other,0.0,0.0,0.0,0
-0.6153846153846154,0.5496021596100655,0,1,Other,1.0,0.0,0.0,0
-0.23076923076923078,-0.2352628536881897,1,1,Elite,1.0,0.0,0.0,0
0.34615384615384615,-0.13559126854946044,0,1,Other,0.0,0.0,1.0,0
0.38461538461538464,-0.02636177011845523,0,1,Other,1.0,0.0,0.0,0
-0.38461538461538464,0.04925115653851179,1,1,Other,0.0,0.0,1.0,0
-0.07692307692307693,-0.6754583524336583,0,0,Other,0.0,1.0,0.0,0
0.9230769230769231,0.14778890210225373,1,1,Elite,0.0,0.0,0.0,1
-0.2692307692307692,-0.6754583524336583,0,0,Strong,0.0,1.0,0.0,0
0.5769230769230769,0.46776197341234776,1,1,Other,1.0,0.0,0.0,0
0.038461538461538464,0.4418253931345128,0,1,Other,0.0,0.0,1.0,0
0.4230769230769231,-0.6754583524336583,1,0,Other,0.0,1.0,0.0,0
0.7692307692307693,-0.26396316793005625,1,1,Strong,0.0,0.0,1.0,1
-0.7692307692307693,0.3134180612671986,1,1,Other,0.0,1.0,0.0,0
0.5,0.5925817659994287,1,1,Elite,1.0,0.0,0.0,1
-0.038461538461538464,0.27320218884186703,1,0,Other,0.0,0.0,0.0,0
0.11538461538461539,0.5291133241651774,1,1,Other,0.0,1.0,0.0,0
0.8461538461538461,0.5168891162473453,1,1,Elite,1.0,0.0,0.0,1
0.8076923076923077,0.41062708857900226,1,1,Other,0.0,1.0,0.0,1
0.7307692307692307,0.3981902857408601,1,1,Other,0.0,0.0,1.0,1
-0.9230769230769231,0.46694702621782563,0,1,Other,0.0,0.0,0.0,0
0.23076923076923078,0.38180276063362145,0,1,Other,1.0,0.0,0.0,0
0.4230769230769231,0.001904496161111517,1,1,Other,1.0,0.0,0.0,1
-0.34615384615384615,0.6301844925292817,1,1,Other,0.0,0.0,0.0,0
0.5384615384615384,-0.11485440569754386,1,1,Other,0.0,0.0,1.0,0
-0.4230769230769231,0.38984593511868776,1,1,Other,0.0,0.0,0.0,0
-0.07692307692307693,0.4061271627657713,1,0,Other,1.0,0.0,0.0,0
0.8076923076923077,0.4916611857038774,1,1,Other,1.0,0.0,0.0,1
0.38461538461538464,-0.2258998190728647,0,1,Other,1.0,0.0,0.0,0
0.0,0.5084561844083771,1,0,Other,0.0,0.0,0.0,0
-0.3076923076923077,-0.12323418880643454,0,1,Other,0.0,0.0,0.0,0
-0.5384615384615384,-0.06004034874425052,1,1,Other,0.0,0.0,0.0,0
-0.6538461538461539,0.4565033007575909,0,1,Other,0.0,0.0,0.0,0
-0.23076923076923078,0.6050451432026096,0,1,Other,1.0,0.0,0.0,0
0.8076923076923077,-0.6754583524336583,1,1,Other,0.0,1.0,0.0,1
0.4230769230769231,-0.6754583524336583,1,1,Elite,0.0,1.0,0.0,1
-0.8846153846153846,0.015510571060959379,0,1,Other,0.0,0.0,1.0,0
0.8076923076923077,0.02241990597103837,1,1,Other,0.0,0.0,0.0,1
0.9230769230769231,0.24234049291018087,1,1,Other,0.0,1.0,0.0,1
0.6538461538461539,-0.23592721281415882,1,1,Other,1.0,0.0,0.0,1
-0.15384615384615385,0.3205222748542285,0,1,Other,0.0,0.0,1.0,0
0.8461538461538461,0.07904987786864734,1,1,Other,1.0,0.0,0.0,1
0.23076923076923078,0.3727851927638004,0,1,Other,1.0,0.0,0.0,0
0.8461538461538461,-0.6754583524336583,1,1,Elite,0.0,1.0,0.0,1
0.7307692307692307,-0.6754583524336583,1,1,Other,0.0,1.0,0.0,1
0.5384615384615384,0.01973589510212307,0,1,Other,1.0,0.0,0.0,0
0.4230769230769231,0.1647610632403452,0,1,Other,0.0,1.0,0.0,0
-0.15384615384615385,-0.6754583524336583,1,0,Other,1.0,0.0,0.0,0
0.34615384615384615,-0.6754583524336583,1,1,Elite,1.0,0.0,0.0,1
0.9230769230769231,-0.20333818315495292,1,1,Other,1.0,0.0,0.0,1
-0.3076923076923077,-0.6754583524336583,0,0,Other,0.0,0.0,0.0,0
0.23076923076923078,-0.6754583524336583,0,0,Other,1.0,0.0,0.0,0
0.46153846153846156,0.08384212169730469,0,1,Other,0.0,1.0,0.0,0
0.038461538461538464,-0.6754583524336583,0,0,Other,1.0,0.0,0.0,0
0.9230769230769231,-0.6754583524336583,1,1,Elite,0.0,0.0,0.0,1
0.9230769230769231,-0.6754583524336583,1,1,Other,0.0,0.0,1.0,1
0.07692307692307693,0.3879060064708579,1,1,Other,0.0,0.0,0.0,0
0.5769230769230769,0.4812263183653222,1,1,Other,0.0,1.0,0.0,0
0.23076923076923078,-0.30761599156706815,0,1,Other,0.0,1.0,0.0,0
0.0,0.6280053945961028,1,1,Other,1.0,0.0,0.0,0
-0.6153846153846154,-0.6754583524336583,0,0,Other,0.0,0.0,0.0,0
-0.8076923076923077,0.021206343300934752,1,1,Strong,0.0,0.0,0.0,0
0.5384615384615384,-0.6754583524336583,0,0,Other,0.0,0.0,1.0,0
-0.6923076923076923,0.3230291232895521,1,1,Other,0.0,0.0,0.0,0
0.34615384615384615,-0.6754583524336583,1,0,Other,0.0,0.0,1.0,0
-0.8846153846153846,0.5111401952772924,0,1,Elite,0.0,0.0,0.0,0
-0.3076923076923077,-0.05664768814096815,0,1,Other,0.0,0.0,1.0,0
0.7307692307692307,0.2863742157794151,1,1,Other,0.0,0.0,1.0,1
-0.23076923076923078,-0.2490460910216293,0,1,Other,1.0,0.0,0.0,0
0.3076923076923077,0.4429326583444613,0,1,Other,0.0,0.0,0.0,0
0.6538461538461539,0.22678563124082354,1,1,Other,0.0,0.0,0.0,1
0.23076923076923078,0.3653443705529461,1,1,Other,0.0,1.0,0.0,0
0.038461538461538464,0.29303552328246557,1,1,Other,1.0,0.0,0.0,0
-0.6923076923076923,-0.6754583524336583,1,0,Other,1.0,0.0,0.0,0
0.9230769230769231,0.047585829662749164,1,1,Elite,1.0,0.0,0.0,1
0.9230769230769231,-0.6754583524336583,1,1,Other,0.0,1.0,0.0,1
0.7692307692307693,0.5672918286042036,1,1,Other,0.0,1.0,0.0,1
-0.15384615384615385,0.16926984717525573,1,1,Other,0.0,0.0,0.0,0
-0.4230769230769231,-0.026822392445793833,1,0,Other,0.0,1.0,0.0,0
-0.5769230769230769,-0.6754583524336583,1,0,Strong,0.0,1.0,0.0,0
0.46153846153846156,0.12056789418087842,0,1,Other,0.0,0.0,1.0,0
0.8846153846153846,0.4568930581114927,1,1,Elite,1.0,0.0,0.0,1
-0.6923076923076923,-0.2792788603140647,1,0,Other,1.0,0.0,0.0,0
0.8076923076923077,0.3730509364141881,1,1,Elite,0.0,0.0,0.0,1
0.4230769230769231,-0.2055704298182092,1,1,Strong,0.0,0.0,0.0,1
-0.6538461538461539,-0.08401928413089646,0,1,Other,0.0,0.0,0.0,0
0.23076923076923078,0.5124423391641919,1,1,Elite,0.0,1.0,0.0,1
0.8461538461538461,0.3185734880847191,1,1,Other,0.0,0.0,1.0,1
0.7307692307692307,0.4883748225607501,1,1,Other,0.0,1.0,0.0,1
-0.8076923076923077,-0.6754583524336583,0,0,Other,1.0,0.0,0.0,0
-0.4230769230769231,0.16182016684272182,0,1,Elite,0.0,0.0,0.0,0
0.9230769230769231,0.47560141109878357,1,1,Other,0.0,1.0,0.0,1
-0.07692307692307693,-0.6754583524336583,0,0,Other,1.0,0.0,0.0,0
0.6538461538461539,0.4047098632970372,1,1,Other,0.0,0.0,1.0,1
0.8076923076923077,-0.2368750318338748,1,1,Other,0.0,1.0,0.0,1
0.0,0.6035304043954,0,1,Other,1.0,0.0,0.0,0
0.2692307692307692,0.2740525685231075,1,1,Other,0.0,0.0,0.0,0
-0.5,-0.22610355587149522,0,1,Other,0.0,0.0,1.0,0
0.8461538461538461,-0.2791991372189484,1,1,Other,0.0,1.0,0.0,1
-0.7692307692307693,0.4252872799587212,1,1,Elite,0.0,1.0,0.0,0
-0.8846153846153846,0.564076330434513,0,1,Other,0.0,0.0,1.0,0
0.6923076923076923,0.4064194807811978,1,1,Other,0.0,1.0,0.0,1
-0.7307692307692307,-0.27395512918463205,0,1,Other,0.0,1.0,0.0,0
-0.11538461538461539,-0.6754583524336583,0,0,Other,1.0,0.0,0.0,0
0.5769230769230769,-0.6754583524336583,1,0,Strong,0.0,0.0,1.0,0
0.23076923076923078,-0.6754583524336583,1,1,Other,0.0,1.0,0.0,1
0.8076923076923077,-0.11955806830940534,1,1,Elite,0.0,1.0,0.0,1
0.8846153846153846,0.0038887154173393302,1,1,Strong,0.0,0.0,1.0,1
-0.07692307692307693,-0.6754583524336583,1,0,Other,0.0,0.0,1.0,0
0.19230769230769232,-0.02598087088623293,0,1,Other,1.0,0.0,0.0,0
-0.6153846153846154,0.21965484328875484,0,1,Other,1.0,0.0,0.0,0
-0.8461538461538461,0.07653417131164422,1,1,Other,1.0,0.0,0.0,0
-0.23076923076923078,0.10634175076345936,0,1,Other,0.0,0.0,0.0,0
-0.6153846153846154,0.5745997789898641,1,0,Other,0.0,0.0,0.0,0
-0.34615384615384615,0.5567860962922118,0,1,Other,1.0,0.0,0.0,0
0.4230769230769231,-0.6754583524336583,0,0,Other,0.0,0.0,0.0,0
0.8846153846153846,0.64959263712926,1,1,Elite,1.0,0.0,0.0,1
0.8461538461538461,-0.0049339737755307676,1,1,Other,1.0,0.0,0.0,1
-0.038461538461538464,0.01613949770021016,1,1,Other,0.0,1.0,0.0,0
-0.34615384615384615,-0.2674621259934937,0,1,Other,0.0,0.0,1.0,0
0.38461538461538464,-0.6754583524336583,0,0,Other,0.0,1.0,0.0,0
-0.07692307692307693,0.04958776516233615,1,1,Other,0.0,1.0,0.0,0
-0.4230769230769231,0.4717569862898422,0,1,Other,0.0,0.0,0.0,0
-0.8461538461538461,0.49816304701669534,1,1,Other,1.0,0.0,0.0,0
-0.4230769230769231,-0.21172682438552318,0,0,Other,0.0,0.0,0.0,0
-0.8461538461538461,0.5203260674590257,0,1,Other,0.0,0.0,1.0,0
-0.6538461538461539,0.10573054036756777,0,1,Other,0.0,1.0,0.0,0
0.6538461538461539,-0.6754583524336583,1,1,Other,1.0,0.0,0.0,1
-0.07692307692307693,0.3723157123147822,0,1,Other,0.0,0.0,1.0,0
0.5384615384615384,-0.19416116909489928,1,1,Other,1.0,0.0,0.0,0
-0.19230769230769232,0.058348447503449134,1,1,Other,0.0,0.0,1.0,0
0.6923076923076923,0.4024067516603442,1,1,Elite,0.0,0.0,0.0,1
-0.46153846153846156,0.39668440505533004,0,1,Other,1.0,0.0,0.0,0
-0.5384615384615384,-0.10266563026643015,0,1,Other,0.0,0.0,0.0,0
-0.8846153846153846,0.18750871971352834,1,1,Other,1.0,0.0,0.0,0
-0.9615384615384616,-0.6754583524336583,1,0,Elite,0.0,1.0,0.0,0
0.07692307692307693,0.6463328483511713,0,1,Other,0.0,0.0,1.0,0
-0.6153846153846154,0.3637587667722998,1,1,Other,0.0,1.0,0.0,0
0.6153846153846154,0.6199887944760754,1,1,Other,1.0,0.0,0.0,1
0.3076923076923077,0.24320858883478053,1,1,Other,0.0,1.0,0.0,0
0.5,0.6426921603408605,0,1,Other,0.0,1.0,0.0,0
-0.34615384615384615,0.42039759679158833,1,1,Other,0.0,1.0,0.0,0
0.23076923076923078,-0.0408802315513007,1,1,Other,0.0,0.0,1.0,0
0.6923076923076923,0.6076671472197678,1,1,Elite,0.0,0.0,1.0,1
0.7692307692307693,0.5406554567136811,1,1,Other,0.0,0.0,1.0,1
0.0,-0.1892360534410481,0,1,Other,0.0,0.0,1.0,0
-0.07692307692307693,0.21335671877456744,0,1,Other,0.0,0.0,1.0,0
-0.46153846153846156,-0.18710124611626727,1,1,Other,0.0,0.0,0.0,0
0.6923076923076923,0.1965262875833494,1,1,Other,0.0,1.0,0.0,1
0.8846153846153846,-0.6754583524336583,1,1,Other,0.0,0.0,1.0,1
-0.8076923076923077,-0.005465461076306075,1,1,Strong,1.0,0.0,0.0,0
0.46153846153846156,-0.05510637496871976,1,1,Other,1.0,0.0,0.0,0
-0.11538461538461539,-0.31914040787221276,1,0,Other,1.0,0.0,0.0,0
-0.4230769230769231,-0.08013056871355713,1,1,Other,0.0,0.0,1.0,0
0.46153846153846156,-0.6754583524336583,1,0,Other,0.0,0.0,0.0,0
-0.38461538461538464,0.2591354916146806,1,1,Other,0.0,1.0,0.0,0
0.0,0.11695378053560633,1,1,Other,0.0,0.0,1.0,0
0.15384615384615385,0.6440740273228763,1,1,Other,0.0,0.0,0.0,0
-0.5769230769230769,0.5063390933269555,1,1,Other,0.0,0.0,1.0,0
0.38461538461538464,0.09316086570423175,0,1,Strong,1.0,0.0,0.0,0
-0.9615384615384616,-0.10422465968203773,1,1,Other,0.0,0.0,1.0,0
0.6538461538461539,-0.13164054628036398,1,1,Other,0.0,1.0,0.0,1
-0.038461538461538464,-0.6754583524336583,1,0,Other,1.0,0.0,0.0,0
0.3076923076923077,0.011914173659046467,1,1,Other,1.0,0.0,0.0,1
0.5,-0.14224371793083135,1,1,Other,0.0,1.0,0.0,0
-0.34615384615384615,-0.6754583524336583,1,0,Other,0.0,1.0,0.0,0
0.9230769230769231,-0.6754583524336583,1,1,Elite,0.0,1.0,0.0,1
0.8076923076923077,0.012321647256307536,1,1,Other,0.0,0.0,0.0,1
0.15384615384615385,-0.008317776257133556,0,1,Other,0.0,0.0,1.0,0
-0.5,0.4441550791362446,0,1,Other,1.0,0.0,0.0,0
-0.07692307692307693,0.012746837096927782,1,1,Strong,1.0,0.0,0.0,0
0.3076923076923077,0.09324944692102763,1,1,Other,0.0,0.0,1.0,0
0.8076923076923077,0.494274331599356,1,1,Other,1.0,0.0,0.0,1
0.19230769230769232,-0.04759468778442875,1,1,Elite,1.0,0.0,0.0,1
-0.23076923076923078,-0.3179534195671479,0,1,Other,0.0,1.0,0.0,0
-0.5769230769230769,0.007157362317107469,1,1,Other,0.0,0.0,1.0,0
0.34615384615384615,-0.6754583524336583,1,0,Other,0.0,0.0,1.0,0
-0.6538461538461539,0.2956398110562646,1,1,Other,0.0,1.0,0.0,0
0.46153846153846156,-0.6754583524336583,1,0,Other,0.0,0.0,1.0,0
0.0,-0.21794522580459427,0,1,Other,0.0,0.0,1.0,0
-0.038461538461538464,0.17378748923184584,1,1,Elite,1.0,0.0,0.0,0
-0.8076923076923077,-0.6754583524336583,1,0,Other,0.0,0.0,0.0,0
-0.3076923076923077,-0.6754583524336583,0,0,Other,1.0,0.0,0.0,0
0.7307692307692307,-0.1725650684400626,1,1,Other,0.0,0.0,1.0,1
0.34615384615384615,-0.6754583524336583,1,0,Other,0.0,0.0,1.0,0
-0.7307692307692307,0.1280175745134123,1,1,Other,1.0,0.0,0.0,0
0.15384615384615385,-0.6754583524336583,1,0,Other,0.0,0.0,1.0,0
0.7692307692307693,-0.6754583524336583,1,1,Other,0.0,1.0,0.0,1
-0.7307692307692307,0.062095432973915045,0,1,Other,0.0,0.0,1.0,0
-0.3076923076923077,0.32403009103934555,1,1,Other,0.0,0.0,1.0,0
0.0,-0.12416429158279133,1,1,Elite,0.0,0.0,1.0,0
-0.7307692307692307,-0.20435686714810558,1,1,Other,0.0,0.0,0.0,0
-0.19230769230769232,-0.09620805956201017,0,1,Other,0.0,1.0,0.0,0
0.11538461538461539,0.11256901030421004,0,1,Other,0.0,1.0,0.0,0
0.23076923076923078,0.5570341236992402,1,1,Other,0.0,0.0,0.0,0
0.3076923076923077,-0.6754583524336583,0,0,Other,0.0,0.0,0.0,0
-0.11538461538461539,0.31668670816696676,1,1,Other,0.0,1.0,0.0,0
0.6923076923076923,-0.25771819214594643,1,1,Other,1.0,0.0,0.0,1
0.9230769230769231,0.25623002770377556,1,1,Strong,0.0,0.0,1.0,1
-0.8846153846153846,0.3678600771099492,1,1,Other,1.0,0.0,0.0,0
0.6923076923076923,0.5746174952332233,1,1,Other,1.0,0.0,0.0,1
-0.3076923076923077,-0.6754583524336583,1,0,Other,1.0,0.0,0.0,0
-0.4230769230769231,0.4566804631911826,1,1,Other,0.0,1.0,0.0,0
-0.4230769230769231,-0.0807683534744875,1,1,Other,1.0,0.0,0.0,0
-0.07692307692307693,0.5092622734812197,1,1,Other,0.0,1.0,0.0,0
0.9230769230769231,-0.14023292430956477,1,1,Other,0.0,0.0,1.0,1
-0.6923076923076923,0.47823227323762135,0,1,Other,0.0,1.0,0.0,0
0.6923076923076923,0.6240280979619677,1,1,Elite,0.0,1.0,0.0,1
-0.9615384615384616,-0.6754583524336583,0,0,Other,0.0,0.0,0.0,0
-0.46153846153846156,0.36628333145098246,1,1,Strong,0.0,1.0,0.0,0
0.23076923076923078,-0.2221351173590396,1,1,Other,1.0,0.0,0.0,1
0.15384615384615385,0.3291943759785456,1,1,Other,0.0,0.0,0.0,0
0.6153846153846154,-0.6754583524336583,1,1,Other,0.0,0.0,1.0,1
0.6153846153846154,0.0194081445999783,1,1,Other,0.0,0.0,1.0,1
0.8076923076923077,-0.27601021341429655,1,1,Elite,0.0,0.0,1.0,1
0.46153846153846156,-0.2538383348502867,1,1,Other,1.0,0.0,0.0,1
0.4230769230769231,-0.012551958419976837,1,1,Elite,0.0,0.0,1.0,0
0.8846153846153846,-0.23057690731968739,1,1,Other,0.0,0.0,1.0,1
-0.5,-0.6754583524336583,0,0,Other,0.0,1.0,0.0,0
0.9230769230769231,-0.6754583524336583,1,1,Other,0.0,0.0,0.0,1
-0.9615384615384616,0.005049129357365417,0,1,Other,0.0,0.0,1.0,0
-0.11538461538461539,-0.6754583524336583,0,0,Other,0.0,1.0,0.0,0
0.34615384615384615,0.21161166880368854,0,1,Other,0.0,0.0,1.0,0
0.4230769230769231,-0.6754583524336583,0,0,Other,0.0,0.0,1.0,0
-0.46153846153846156,0.2664965907304186,1,1,Elite,0.0,0.0,1.0,0
0.07692307692307693,0.11051392607454552,1,1,Other,0.0,1.0,0.0,0
0.38461538461538464,-0.02380177295305417,0,0,Other,0.0,0.0,1.0,0
0.6923076923076923,0.043829986070603656,1,1,Elite,0.0,0.0,1.0,1
0.8461538461538461,-0.6754583524336583,1,1,Elite,0.0,0.0,1.0,1
-0.5384615384615384,-0.6754583524336583,1,0,Other,0.0,0.0,0.0,0
0.0,-0.6754583524336583,1,0,Other,0.0,0.0,1.0,0
0.8461538461538461,0.5544475521688004,1,1,Elite,1.0,0.0,0.0,1
-0.46153846153846156,0.6134692169198982,0,1,Strong,0.0,0.0,1.0,0
-0.5384615384615384,0.1274152222392003,0,1,Other,0.0,0.0,0.0,0
0.6153846153846154,0.07879299233993928,1,1,Other,0.0,0.0,0.0,1
0.5,-0.6754583524336583,0,0,Other,0.0,0.0,0.0,0
0.6538461538461539,0.13796524515959013,1,1,Other,0.0,0.0,1.0,1
0.46153846153846156,-0.0765430294333238,1,1,Other,1.0,0.0,0.0,1
-0.19230769230769232,-0.13555583606274207,0,1,Other,0.0,1.0,0.0,0
-0.5,0.5662554283676918,1,1,Other,0.0,1.0,0.0,0
0.4230769230769231,-0.6754583524336583,0,0,Other,0.0,0.0,0.0,0
-0.3076923076923077,0.4827056246858135,1,1,Other,0.0,0.0,0.0,0
0.23076923076923078,-0.6754583524336583,0,0,Other,0.0,1.0,0.0,0
0.0,-0.6754583524336583,1,0,Other,0.0,0.0,0.0,0
-0.3076923076923077,-0.302992052050323,1,1,Other,1.0,0.0,0.0,0
-0.19230769230769232,-0.6754583524336583,0,0,Other,0.0,1.0,0.0,0
-0.15384615384615385,0.3226925146657277,0,1,Other,1.0,0.0,0.0,0
0.6923076923076923,-0.6754583524336583,1,1,Other,0.0,1.0,0.0,1
-0.038461538461538464,-0.6754583524336583,0,0,Other,0.0,1.0,0.0,0
-0.8846153846153846,-0.2368750318338748,0,1,Other,0.0,0.0,1.0,0
-0.8461538461538461,0.18205211675890187,1,1,Other,0.0,0.0,0.0,0
0.11538461538461539,-0.6754583524336583,1,0,Other,0.0,0.0,1.0,0
0.5384615384615384,-0.3053660286604527,1,1,Other,0.0,0.0,1.0,1
0.9230769230769231,0.11012416872064364,1,1,Other,0.0,1.0,0.0,1
0.15384615384615385,-0.6754583524336583,1,0,Other,0.0,0.0,1.0,0
0.8846153846153846,0.6473249579792852,1,1,Other,1.0,0.0,0.0,1
-0.38461538461538464,0.5526493534678439,0,1,Other,0.0,1.0,0.0,0
-0.038461538461538464,0.10337428000079724,1,0,Other,0.0,1.0,0.0,0
0.3076923076923077,0.4805619592393531,0,0,Other,0.0,0.0,0.0,0
-0.8846153846153846,0.3928045477596703,0,0,Other,0.0,1.0,0.0,0
0.9230769230769231,0.5234529844119203,1,1,Other,0.0,1.0,0.0,1
0.07692307692307693,-0.2733439187887404,1,1,Strong,0.0,1.0,0.0,0
0.7692307692307693,0.587408622938549,1,1,Elite,0.0,0.0,0.0,1
0.5769230769230769,-0.6754583524336583,1,0,Other,0.0,0.0,1.0,0
0.8846153846153846,0.016157213943569337,1,1,Elite,0.0,0.0,1.0,1
0.8076923076923077,-0.236246105194624,1,1,Other,1.0,0.0,0.0,1
-0.6538461538461539,0.31175273439143597,0,1,Other,1.0,0.0,0.0,0
0.5769230769230769,0.5041334210287379,0,1,Other,0.0,0.0,0.0,0
-0.07692307692307693,-0.6754583524336583,0,0,Other,0.0,1.0,0.0,0
-0.23076923076923078,-0.27386654796783616,0,1,Other,1.0,0.0,0.0,0
-0.38461538461538464,-0.6754583524336583,0,0,Other,1.0,0.0,0.0,0
-0.23076923076923078,0.015510571060959379,0,1,Other,0.0,0.0,1.0,0
-0.5769230769230769,-0.19922801469562387,0,1,Other,0.0,1.0,0.0,0
0.8846153846153846,-0.6754583524336583,1,1,Other,0.0,1.0,0.0,1
-0.8461538461538461,0.5897737414269991,1,0,Strong,1.0,0.0,0.0,0
0.38461538461538464,-0.23066548853648328,1,1,Other,0.0,1.0,0.0,0
0.19230769230769232,-0.6754583524336583,1,0,Other,1.0,0.0,0.0,0
0.5384615384615384,0.5063036608402371,1,1,Elite,0.0,0.0,0.0,1
-0.07692307692307693,-0.25693867743814264,1,0,Other,0.0,0.0,1.0,0
0.5769230769230769,-0.1129056189280344,0,1,Other,1.0,0.0,0.0,0
0.34615384615384615,-0.6754583524336583,1,0,Other,0.0,1.0,0.0,0
-0.46153846153846156,0.37494657445362,0,1,Strong,1.0,0.0,0.0,0
-0.6538461538461539,0.24198616804299733,1,1,Other,0.0,1.0,0.0,0
-0.9615384615384616,-0.6754583524336583,0,0,Other,0.0,0.0,0.0,0
-0.9615384615384616,-0.1301523818381931,1,1,Other,0.0,0.0,0.0,0
-0.19230769230769232,0.3444834939975153,1,1,Strong,0.0,1.0,0.0,0
0.07692307692307693,0.45605153655193187,1,1,Other,0.0,0.0,1.0,0
0.38461538461538464,-0.24271253402072357,1,1,Other,1.0,0.0,0.0,1
-0.46153846153846156,0.3241098141344619,1,0,Other,0.0,1.0,0.0,0
-0.5384615384615384,-0.3152516924548734,0,1,Other,0.0,0.0,1.0,0
0.3076923076923077,-0.31169072753967886,1,0,Strong,0.0,0.0,1.0,0
-0.07692307692307693,0.17001392939634116,0,1,Other,0.0,0.0,0.0,0
-0.4230769230769231,0.6236914893381433,1,1,Other,0.0,0.0,1.0,0
-0.7307692307692307,0.07507258123451213,1,1,Other,0.0,1.0,0.0,0
0.038461538461538464,-0.6754583524336583,1,0,Other,0.0,1.0,0.0,0
0.23076923076923078,-0.056691978749366094,0,1,Other,1.0,0.0,0.0,0
-0.038461538461538464,0.3234808874952111,1,1,Other,0.0,0.0,1.0,0
0.07692307692307693,-0.2732110469635466,0,0,Strong,0.0,0.0,0.0,0
0.9230769230769231,-0.6754583524336583,1,1,Elite,0.0,1.0,0.0,1
-0.2692307692307692,0.04177490184093914,0,0,Other,0.0,0.0,1.0,0
0.5,0.16525711805440216,0,1,Other,0.0,0.0,0.0,0
-0.038461538461538464,-0.20125652456024962,0,1,Other,0.0,1.0,0.0,0
-0.6538461538461539,-0.18294678704854028,0,0,Elite,0.0,0.0,1.0,0
-0.34615384615384615,-0.2345010552237451,1,1,Other,0.0,1.0,0.0,0
-0.6153846153846154,0.5657150829452369,0,1,Other,0.0,0.0,0.0,0
0.6538461538461539,-0.18584339283776571,1,1,Strong,0.0,1.0,0.0,1
0.07692307692307693,0.5180761045524102,0,1,Other,0.0,0.0,1.0,0
0.5,0.2973139960537068,1,1,Elite,0.0,0.0,1.0,1
-0.38461538461538464,-0.6754583524336583,1,0,Other,1.0,0.0,0.0,0
-0.5,0.0882180338070214,1,1,Other,0.0,0.0,0.0,0
0.46153846153846156,-0.6754583524336583,1,1,Elite,0.0,1.0,0.0,1
0.5384615384615384,0.34502383941997017,1,1,Other,1.0,0.0,0.0,1
-0.38461538461538464,-0.6754583524336583,0,0,Other,0.0,0.0,1.0,0
0.7692307692307693,0.3213637964137894,1,1,Other,0.0,1.0,0.0,1
-0.07692307692307693,0.5173143060879656,0,1,Other,0.0,0.0,0.0,0
-0.11538461538461539,0.3854965973740098,1,1,Other,0.0,0.0,0.0,0
0.23076923076923078,0.1889348773039421,1,1,Other,0.0,0.0,0.0,1
0.8076923076923077,-0.3154908617402223,1,1,Elite,0.0,0.0,1.0,1
-0.46153846153846156,0.5951860537732276,0,1,Other,0.0,0.0,0.0,0
0.6153846153846154,-0.1709794646594163,1,1,Elite,0.0,0.0,0.0,1
0.5,0.5771509180335855,0,1,Strong,0.0,1.0,0.0,0
-0.8076923076923077,-0.0500926780980727,0,1,Other,0.0,0.0,1.0,0
-0.5384615384615384,-0.26098683904571457,0,1,Other,0.0,1.0,0.0,0
0.15384615384615385,-0.6754583524336583,1,0,Other,0.0,1.0,0.0,0
-0.8076923076923077,-0.289173382230165,0,0,Other,0.0,0.0,0.0,0
-0.46153846153846156,0.5237453024273468,0,1,Other,1.0,0.0,0.0,0
-0.38461538461538464,-0.0499332319078401,0,1,Other,0.0,0.0,1.0,0
-0.7307692307692307,0.1945154939620828,1,1,Other,0.0,1.0,0.0,0
-0.8846153846153846,0.3889689810724085,1,0,Other,0.0,1.0,0.0,0
0.5769230769230769,-0.6754583524336583,1,0,Other,0.0,0.0,1.0,0
0.11538461538461539,-0.13731860227698017,0,1,Other,0.0,1.0,0.0,0
0.6923076923076923,0.5302914543485626,1,1,Strong,0.0,1.0,0.0,1
0.8076923076923077,0.003844424808941388,1,1,Other,0.0,0.0,1.0,1
0.46153846153846156,0.10373746298966036,1,1,Other,0.0,1.0,0.0,0
0.38461538461538464,-0.08594149653536716,0,1,Other,0.0,0.0,1.0,0
-0.8076923076923077,0.2897225857742995,0,1,Other,0.0,1.0,0.0,0
-0.38461538461538464,0.06291923829011677,0,1,Other,0.0,0.0,1.0,0
0.07692307692307693,-0.6754583524336583,0,0,Other,0.0,0.0,0.0,0
0.11538461538461539,-0.6754583524336583,0,0,Other,0.0,0.0,0.0,0
-0.8846153846153846,-0.6754583524336583,1,0,Other,1.0,0.0,0.0,0
-0.46153846153846156,0.22168335315338059,1,1,Other,0.0,1.0,0.0,0
0.5769230769230769,-0.07974081135965524,1,0,Other,0.0,0.0,1.0,0
0.6538461538461539,0.021206343300934752,1,1,Other,1.0,0.0,0.0,1
-0.07692307692307693,0.3177673990118765,1,1,Other,0.0,1.0,0.0,0
-0.8461538461538461,-0.6754583524336583,0,0,Other,0.0,1.0,0.0,0
0.6538461538461539,0.3963300801881465,1,1,Other,0.0,1.0,0.0,1
0.4230769230769231,-0.3141001366365269,0,1,Other,0.0,1.0,0.0,0
-0.8461538461538461,-0.6754583524336583,0,0,Other,0.0,1.0,0.0,0
0.38461538461538464,0.3446783726744662,1,0,Other,0.0,0.0,0.0,0
-0.5384615384615384,-0.20945914523554854,1,0,Other,0.0,1.0,0.0,0
0.11538461538461539,-0.6754583524336583,0,0,Other,0.0,1.0,0.0,0
0.46153846153846156,0.280306402428897,0,1,Other,0.0,0.0,0.0,0
-0.5384615384615384,0.2172365760702272,0,1,Other,0.0,0.0,0.0,0
-0.6153846153846154,-0.6754583524336583,0,0,Other,0.0,0.0,0.0,0
-0.23076923076923078,-0.10793621266578528,1,1,Strong,0.0,0.0,0.0,0
0.34615384615384615,0.6328950777632357,0,1,Other,0.0,1.0,0.0,0
-0.5769230769230769,0.5381220339133188,0,1,Strong,0.0,0.0,1.0,0
-0.5384615384615384,-0.6754583524336583,0,0,Strong,0.0,0.0,1.0,0
0.23076923076923078,-0.6754583524336583,1,1,Other,0.0,0.0,1.0,1
0.0,-0.052564094046677876,1,1,Other,1.0,0.0,0.0,0
-0.23076923076923078,-0.08489623817717572,0,1,Other,1.0,0.0,0.0,0
-0.07692307692307693,0.060004916257532175,0,1,Other,0.0,1.0,0.0,0
0.4230769230769231,0.42545558427063335,1,1,Other,0.0,0.0,0.0,0
-0.8076923076923077,-0.6754583524336583,1,0,Strong,1.0,0.0,0.0,0
-0.8076923076923077,0.40688896123021595,0,1,Other,0.0,0.0,0.0,0
0.4230769230769231,-0.1300815168647564,1,0,Other,0.0,1.0,0.0,0
0.11538461538461539,0.5382726219818719,0,1,Other,0.0,0.0,0.0,0
-0.46153846153846156,-0.004384770231396284,0,1,Other,1.0,0.0,0.0,0
0.2692307692307692,-0.13266808839519625,1,1,Strong,0.0,0.0,1.0,0
-0.6538461538461539,0.6056032048684237,0,1,Other,0.0,0.0,1.0,0
0.8461538461538461,-0.19277044399120388,1,1,Elite,0.0,0.0,1.0,1
-0.07692307692307693,0.41200009743933846,1,1,Other,0.0,0.0,1.0,0
-0.8076923076923077,0.5070211686962838,1,1,Other,1.0,0.0,0.0,0
0.6923076923076923,0.26969437265675,1,1,Elite,1.0,0.0,0.0,1
0.7692307692307693,0.13455486831294858,1,1,Other,0.0,1.0,0.0,1
0.7307692307692307,-0.6754583524336583,1,1,Elite,0.0,1.0,0.0,1
-0.8461538461538461,0.5232846801000082,1,1,Other,0.0,0.0,1.0,0
-0.34615384615384615,0.20860876555430805,0,1,Other,0.0,0.0,0.0,0
-0.2692307692307692,-0.6754583524336583,0,0,Other,0.0,0.0,1.0,0
0.0,-0.2870297167837046,1,1,Other,0.0,1.0,0.0,0
-0.34615384615384615,0.322471061623738,1,1,Other,0.0,0.0,1.0,0
0.5769230769230769,0.1677551083680461,0,1,Other,1.0,0.0,0.0,0
0.07692307692307693,-0.6754583524336583,0,0,Other,0.0,0.0,1.0,0
0.15384615384615385,-0.6754583524336583,0,0,Strong,0.0,0.0,0.0,0
0.7692307692307693,0.20231064104012064,1,1,Elite,0.0,0.0,1.0,1
0.3076923076923077,-0.6754583524336583,0,0,Other,0.0,0.0,0.0,0
0.5384615384615384,-0.6754583524336583,0,0,Other,0.0,1.0,0.0,0
-0.8076923076923077,-0.6754583524336583,0,0,Other,0.0,0.0,0.0,0
-0.34615384615384615,0.17222845981623827,1,1,Other,0.0,1.0,0.0,0
0.5384615384615384,-0.21277208274371462,1,1,Other,1.0,0.0,0.0,0
-0.6538461538461539,-0.6754583524336583,0,0,Other,0.0,0.0,0.0,0
-0.8461538461538461,0.10972555324506215,1,1,Elite,0.0,0.0,1.0,0
0.07692307692307693,0.033962038519542125,1,1,Other,0.0,0.0,1.0,0
-0.7692307692307693,0.06691425116761117,1,1,Other,0.0,0.0,1.0,0
-0.11538461538461539,0.3224001966503013,0,1,Other,0.0,1.0,0.0,0
0.3076923076923077,0.11287018644131605,1,1,Elite,0.0,1.0,0.0,1
0.6153846153846154,0.2408434703463304,1,1,Other,0.0,0.0,1.0,1
0.38461538461538464,-0.6754583524336583,1,1,Other,0.0,1.0,0.0,1
0.23076923076923078,-0.6754583524336583,1,0,Other,0.0,0.0,0.0,0
-0.6153846153846154,-0.1916100300511778,1,1,Other,0.0,0.0,0.0,0
0.038461538461538464,-0.004827676315375706,0,1,Elite,0.0,0.0,0.0,0
0.38461538461538464,0.5264027389312234,1,1,Other,1.0,0.0,0.0,1
-0.8461538461538461,-0.6754583524336583,0,0,Other,0.0,0.0,1.0,0
-0.23076923076923078,-0.0488613991846099,1,1,Other,1.0,0.0,0.0,0
-0.8076923076923077,0.45936447406009795,1,1,Other,0.0,0.0,1.0,0
-0.4230769230769231,-0.30702249741453574,0,1,Other,0.0,0.0,1.0,0
0.6538461538461539,0.26844537749992803,1,1,Other,0.0,0.0,0.0,1
-0.5384615384615384,-0.033279963150213816,1,0,Other,0.0,1.0,0.0,0
-0.07692307692307693,0.3775331459840598,1,1,Other,0.0,1.0,0.0,0
-0.038461538461538464,-0.2540509297705968,1,0,Other,0.0,0.0,1.0,0
0.6923076923076923,-0.3165538363417729,1,1,Strong,0.0,0.0,0.0,1
0.6538461538461539,0.30838664815319233,1,1,Elite,0.0,1.0,0.0,1
0.8846153846153846,0.15375041799261677,1,1,Elite,1.0,0.0,0.0,1
-0.6538461538461539,0.23245482911576015,1,1,Strong,1.0,0.0,0.0,0
-0.8846153846153846,0.46695588433950524,1,1,Other,0.0,0.0,0.0,0
-0.8461538461538461,-0.6754583524336583,1,0,Other,0.0,0.0,0.0,0
-0.5769230769230769,-0.6754583524336583,1,0,Other,0.0,0.0,1.0,0
-0.23076923076923078,-0.6754583524336583,1,0,Other,1.0,0.0,0.0,0
0.11538461538461539,-0.043457944960060946,0,1,Other,0.0,1.0,0.0,0
-0.6153846153846154,0.436891419358982,0,1,Other,0.0,1.0,0.0,0
0.7692307692307693,-0.27103194903036787,1,1,Other,0.0,0.0,0.0,1
-0.07692307692307693,-0.6754583524336583,1,0,Other,0.0,0.0,1.0,0
0.07692307692307693,0.5223102867152535,1,1,Other,0.0,1.0,0.0,0
0.9230769230769231,0.5337815542903205,1,1,Elite,1.0,0.0,0.0,1
-0.5384615384615384,-0.6754583524336583,1,0,Strong,1.0,0.0,0.0,0
0.2692307692307692,-0.2739374129412729,1,1,Other,0.0,0.0,1.0,0
0.38461538461538464,0.47942811966436577,1,1,Other,0.0,0.0,0.0,0
0.8461538461538461,-0.026113742711426757,1,1,Elite,1.0,0.0,0.0,1
0.5384615384615384,0.40904148479835595,0,1,Other,0.0,1.0,0.0,0
-0.11538461538461539,0.4383795838011529,0,1,Other,0.0,0.0,0.0,0
-0.4230769230769231,0.2586660111656624,1,0,Other,0.0,0.0,0.0,0
-0.2692307692307692,0.20729776354572896,1,0,Other,0.0,0.0,0.0,0
-0.6923076923076923,-0.6754583524336583,0,0,Other,0.0,0.0,0.0,0
0.2692307692307692,0.11466838514227251,0,1,Strong,0.0,1.0,0.0,0
-0.9230769230769231,-0.12888567043801197,0,1,Other,0.0,0.0,0.0,0
0.8846153846153846,-0.6754583524336583,1,1,Elite,0.0,0.0,1.0,1
0.8846153846153846,-0.169500158338925,1,1,Elite,0.0,0.0,1.0,1
-0.6153846153846154,-0.6754583524336583,0,0,Other,0.0,1.0,0.0,0
-0.5384615384615384,-0.6754583524336583,1,0,Other,0.0,0.0,1.0,0
0.5384615384615384,-0.6754583524336583,0,0,Other,0.0,1.0,0.0,0
0.38461538461538464,-0.6754583524336583,1,0,Other,0.0,1.0,0.0,0
-0.8846153846153846,0.17966928202709256,1,1,Other,0.0,0.0,0.0,0
0.7307692307692307,0.2855681267065725,1,1,Other,0.0,1.0,0.0,1
0.6153846153846154,-0.6754583524336583,1,1,Other,0.0,0.0,0.0,1
-0.46153846153846156,0.12478436010036252,0,1,Other,0.0,1.0,0.0,0
0.38461538461538464,-0.6754583524336583,1,0,Other,0.0,0.0,1.0,0
0.2692307692307692,-0.6754583524336583,1,0,Other,0.0,0.0,1.0,0
0.46153846153846156,-0.16362722366535787,1,1,Elite,0.0,0.0,0.0,1
-0.6923076923076923,-0.05786125081107177,0,1,Other,0.0,0.0,0.0,0
-0.8846153846153846,-0.6754583524336583,0,0,Other,0.0,0.0,1.0,0
-0.2692307692307692,0.243757792378915,0,1,Other,1.0,0.0,0.0,0
0.6153846153846154,-0.6754583524336583,1,1,Strong,0.0,1.0,0.0,1
-0.5,-0.6754583524336583,1,0,Other,0.0,0.0,0.0,0
-0.6153846153846154,0.6157280379481933,0,1,Other,1.0,0.0,0.0,0
-0.8846153846153846,-0.6754583524336583,1,0,Other,0.0,1.0,0.0,0
-0.6538461538461539,-0.07222912417536423,0,1,Other,0.0,1.0,0.0,0
0.19230769230769232,0.6092173185136958,1,1,Strong,0.0,0.0,0.0,1
0.15384615384615385,-0.6754583524336583,1,0,Other,0.0,0.0,0.0,0
-0.07692307692307693,0.05110250396954578,1,1,Other,0.0,0.0,0.0,0
-0.8461538461538461,-0.14953395207313266,1,1,Other,0.0,0.0,1.0,0
0.23076923076923078,-0.6754583524336583,0,0,Other,0.0,1.0,0.0,0
0.7692307692307693,0.5084207519216588,1,1,Other,0.0,0.0,1.0,1
0.5769230769230769,-0.6754583524336583,1,0,Other,1.0,0.0,0.0,0
-0.5,0.4497445539160649,0,1,Other,1.0,0.0,0.0,0
0.8461538461538461,0.33908003977296636,1,1,Other,0.0,1.0,0.0,1
0.7307692307692307,0.5459703297214342,1,1,Elite,0.0,1.0,0.0,1
0.34615384615384615,0.4989071292377808,1,1,Other,1.0,0.0,0.0,1
0.6923076923076923,0.025139349326672025,1,1,Strong,0.0,0.0,1.0,1
0.0,-0.3065264426004788,1,1,Other,0.0,0.0,1.0,0
0.46153846153846156,0.6219198650022256,1,1,Other,1.0,0.0,0.0,1
0.8846153846153846,-0.27066876604150475,1,1,Elite,0.0,1.0,0.0,1
-0.9615384615384616,0.6240546723270064,1,0,Other,0.0,0.0,0.0,0
-0.5,-0.027309589138171195,0,1,Other,0.0,0.0,1.0,0
0.46153846153846156,0.443499578131955,1,1,Strong,0.0,0.0,0.0,0
-0.8076923076923077,0.5434014744343536,1,1,Other,0.0,0.0,0.0,0
-0.34615384615384615,-0.17172354688050173,0,1,Other,1.0,0.0,0.0,0
-0.15384615384615385,-0.23606008463935266,0,1,Other,0.0,0.0,0.0,0
0.2692307692307692,-0.11104541337532083,0,1,Other,1.0,0.0,0.0,0
0.3076923076923077,0.3344472421345416,1,1,Strong,0.0,0.0,1.0,1
0.8846153846153846,-0.6754583524336583,1,1,Other,1.0,0.0,0.0,1
-0.34615384615384615,-0.13660109442093352,0,0,Other,0.0,0.0,0.0,0
0.8076923076923077,-0.6754583524336583,1,1,Other,0.0,0.0,1.0,1
0.8461538461538461,-0.6754583524336583,1,1,Other,1.0,0.0,0.0,1
0.5,-0.6754583524336583,0,0,Strong,1.0,0.0,0.0,0
0.0,0.2841242528727996,0,1,Other,1.0,0.0,0.0,0
-0.6538461538461539,0.266939496814398,0,1,Other,0.0,1.0,0.0,0
-0.46153846153846156,0.6368900906407301,1,1,Other,0.0,0.0,1.0,0
0.6153846153846154,-0.3128157089929866,1,1,Other,0.0,1.0,0.0,1
0.8076923076923077,-0.19209722674355517,1,1,Other,0.0,0.0,0.0,1
0.19230769230769232,0.2209747034190135,1,1,Elite,0.0,1.0,0.0,1
-0.38461538461538464,0.58566357296767,0,1,Other,1.0,0.0,0.0,0
-0.5769230769230769,0.1974298159946674,0,1,Other,0.0,1.0,0.0,0
-0.15384615384615385,-0.07689735430050734,0,1,Other,0.0,0.0,0.0,0
-0.6923076923076923,0.10260362341467304,0,1,Other,0.0,0.0,0.0,0
-0.8461538461538461,0.17950983583685998,1,1,Other,0.0,1.0,0.0,0
0.7692307692307693,0.23914271098384943,1,1,Elite,0.0,0.0,0.0,1
0.07692307692307693,0.5121323049054063,0,1,Other,1.0,0.0,0.0,0
-0.07692307692307693,0.39274254090791316,1,1,Other,0.0,0.0,0.0,0
0.8846153846153846,-0.6754583524336583,1,1,Elite,0.0,1.0,0.0,1
-0.038461538461538464,0.5415678432466787,0,1,Other,0.0,1.0,0.0,0
-0.11538461538461539,0.11617426582780255,1,1,Other,0.0,0.0,0.0,0
0.38461538461538464,-0.14011776872773013,1,1,Other,0.0,0.0,1.0,0
0.038461538461538464,-0.6754583524336583,0,0,Other,0.0,1.0,0.0,0
-0.8076923076923077,-0.10449926145410496,1,1,Other,0.0,1.0,0.0,0
-0.23076923076923078,0.1680651426268317,1,0,Other,1.0,0.0,0.0,0
-0.7307692307692307,-0.3022036792208396,0,1,Strong,0.0,0.0,1.0,0
-0.5384615384615384,0.4816426500842629,1,1,Other,0.0,0.0,1.0,0
0.8846153846153846,0.1269457417901821,1,1,Other,0.0,0.0,0.0,1
0.8076923076923077,-0.6754583524336583,1,1,Other,0.0,1.0,0.0,1
0.8076923076923077,0.5271733955173475,1,1,Other,0.0,1.0,0.0,1
0.23076923076923078,0.5060113428248108,1,1,Other,0.0,0.0,1.0,0
0.6538461538461539,0.3241629628645394,1,1,Other,0.0,0.0,1.0,1
-0.6923076923076923,0.5721372211629385,0,1,Strong,0.0,0.0,0.0,0
0.34615384615384615,-0.6754583524336583,1,0,Elite,1.0,0.0,0.0,0
0.38461538461538464,0.43543868740352953,1,1,Other,0.0,1.0,0.0,0
-0.07692307692307693,-0.6754583524336583,0,0,Other,0.0,0.0,1.0,0
-0.23076923076923078,-0.6754583524336583,0,0,Elite,0.0,0.0,1.0,0
0.38461538461538464,0.42145171327145936,0,1,Other,0.0,0.0,1.0,0
-0.15384615384615385,-0.20404683288932,0,1,Other,1.0,0.0,0.0,0
-0.8076923076923077,-0.011675004373697579,1,1,Elite,0.0,1.0,0.0,0
0.8846153846153846,0.46707989804301947,1,1,Other,0.0,0.0,1.0,1
0.19230769230769232,-0.6754583524336583,1,1,Other,1.0,0.0,0.0,1
0.3076923076923077,-0.6754583524336583,0,0,Other,0.0,0.0,0.0,0
-0.15384615384615385,-0.6754583524336583,1,0,Other,1.0,0.0,0.0,0
0.0,-0.6754583524336583,1,0,Strong,0.0,0.0,1.0,0
0.07692307692307693,0.20408226537603832,1,0,Strong,0.0,1.0,0.0,0
0.8461538461538461,-0.24349204872852737,1,1,Other,0.0,1.0,0.0,1
0.4230769230769231,-0.6754583524336583,1,1,Elite,0.0,0.0,0.0,1
-0.2692307692307692,-0.6754583524336583,1,0,Other,0.0,0.0,1.0,0
0.46153846153846156,0.26387458671326036,1,1,Other,0.0,0.0,1.0,1
0.6153846153846154,-0.17096174841605713,1,1,Other,0.0,0.0,1.0,1
-0.3076923076923077,0.06669279812562146,1,1,Other,1.0,0.0,0.0,0
-0.11538461538461539,-0.6754583524336583,1,0,Other,0.0,0.0,1.0,0
0.4230769230769231,-0.22446480336077138,0,1,Other,0.0,0.0,1.0,0
0.0,-0.6754583524336583,0,0,Other,0.0,1.0,0.0,0
-0.3076923076923077,-0.06823411129786984,1,1,Other,1.0,0.0,0.0,0
0.46153846153846156,-0.14631845390344206,1,1,Other,1.0,0.0,0.0,0
-0.19230769230769232,-0.2663460026618656,0,1,Other,1.0,0.0,0.0,0
-0.07692307692307693,0.6224424941813214,1,1,Other,1.0,0.0,0.0,0
0.34615384615384615,-0.23154244258276255,0,1,Other,0.0,1.0,0.0,0
-0.5,-0.6754583524336583,0,0,Other,0.0,0.0,0.0,0
0.23076923076923078,0.44886759986978564,0,1,Other,0.0,0.0,1.0,0
-0.5769230769230769,0.258028226404732,0,1,Other,0.0,0.0,0.0,0
0.5384615384615384,0.12805300700013067,0,1,Other,0.0,0.0,0.0,0
-0.23076923076923078,0.004287330892920811,0,1,Other,0.0,0.0,0.0,0
-0.07692307692307693,-0.04443233834481567,1,0,Other,0.0,0.0,0.0,0
0.4230769230769231,0.08308918135453967,0,1,Other,1.0,0.0,0.0,0
-0.8846153846153846,0.5791351372898134,0,1,Other,0.0,0.0,0.0,0
0.07692307692307693,0.25331570567119094,1,1,Other,0.0,0.0,0.0,0
0.7307692307692307,-0.12743293848255946,1,1,Other,0.0,0.0,1.0,1
-0.9230769230769231,0.16944700960884748,1,1,Other,0.0,0.0,0.0,0
-0.5384615384615384,0.47245677790252966,0,1,Other,1.0,0.0,0.0,0
-0.9230769230769231,-0.2584179837586339,0,1,Other,0.0,0.0,1.0,0
0.7307692307692307,0.29526776994572185,1,1,Other,0.0,0.0,1.0,1
0.5,0.037088955472436846,0,1,Other,0.0,1.0,0.0,0
-0.11538461538461539,0.048728527359416074,1,1,Other,0.0,0.0,1.0,0
-0.2692307692307692,0.6045136559018343,1,1,Strong,0.0,1.0,0.0,0
-0.46153846153846156,0.640637076111196,0,1,Other,0.0,0.0,0.0,0
-0.7307692307692307,-0.1943028990417727,0,1,Other,0.0,0.0,0.0,0
-0.19230769230769232,-0.6754583524336583,1,0,Other,0.0,0.0,0.0,0
-0.34615384615384615,0.4213719901763431,0,1,Other,0.0,1.0,0.0,0
0.11538461538461539,-0.6754583524336583,1,0,Other,1.0,0.0,0.0,0
-0.7692307692307693,0.3312760345732489,0,1,Other,0.0,1.0,0.0,0
-0.11538461538461539,-0.3205577073409469,0,1,Strong,0.0,0.0,0.0,0
-0.46153846153846156,-0.14801921326592302,1,1,Strong,1.0,0.0,0.0,0
0.5,-0.6754583524336583,1,0,Other,0.0,0.0,0.0,0
-0.6923076923076923,-0.11970865637795834,0,0,Elite,0.0,1.0,0.0,0
0.7692307692307693,0.617349074215558,1,1,Elite,0.0,1.0,0.0,1
-0.6923076923076923,0.33064710793399815,0,1,Other,0.0,0.0,1.0,0
0.6153846153846154,-0.6754583524336583,1,1,Other,0.0,0.0,1.0,1
0.7307692307692307,0.04781614082641846,1,1,Other,0.0,0.0,0.0,1
-0.11538461538461539,-0.2979783551796759,0,1,Other,0.0,1.0,0.0,0
-0.8461538461538461,0.20344448061510798,1,1,Elite,0.0,1.0,0.0,0
-0.7692307692307693,0.44823867323053485,1,1,Other,0.0,0.0,1.0,0
0.5,-0.6754583524336583,1,0,Other,0.0,0.0,1.0,0
0.23076923076923078,0.32794538082172364,1,1,Elite,0.0,0.0,0.0,1
-0.34615384615384615,-0.6754583524336583,1,0,Other,0.0,1.0,0.0,0
-0.07692307692307693,-0.12026671804377241,0,1,Other,0.0,1.0,0.0,0
-0.5384615384615384,0.2550430393987107,0,1,Other,0.0,0.0,0.0,0
0.0,-0.6754583524336583,0,0,Other,0.0,1.0,0.0,0
-0.6153846153846154,-0.11195779990831844,0,1,Other,1.0,0.0,0.0,0
-0.5384615384615384,-0.6754583524336583,1,0,Other,0.0,0.0,1.0,0
-0.46153846153846156,0.11341053186377095,0,1,Other,1.0,0.0,0.0,0
0.8461538461538461,-0.17512506560546368,1,1,Other,0.0,1.0,0.0,1
-0.038461538461538464,-0.21418938221244876,0,1,Other,1.0,0.0,0.0,0
0.15384615384615385,0.13735403476369853,0,1,Other,1.0,0.0,0.0,0
0.2692307692307692,-0.6754583524336583,1,1,Other,0.0,1.0,0.0,1
-0.6923076923076923,0.12963861078077699,1,1,Other,0.0,0.0,0.0,0
-0.8846153846153846,-0.05550499044430124,1,1,Other,0.0,1.0,0.0,0
0.9230769230769231,-0.09910466535123559,1,1,Strong,0.0,1.0,0.0,1
-0.4230769230769231,-0.6754583524336583,1,0,Strong,0.0,1.0,0.0,0
-0.5,0.649247170383756,0,1,Other,0.0,0.0,1.0,0
-0.07692307692307693,-0.6754583524336583,1,0,Other,1.0,0.0,0.0,0
0.0,-0.6754583524336583,1,0,Elite,0.0,0.0,1.0,0
0.9230769230769231,-0.2714659969926677,1,1,Elite,1.0,0.0,0.0,1
0.4230769230769231,0.28746376474600444,1,1,Other,0.0,0.0,0.0,0
0.15384615384615385,-0.07765915276495196,0,1,Other,0.0,1.0,0.0,0
0.8846153846153846,-0.11821163381410789,1,1,Other,1.0,0.0,0.0,1
-0.6538461538461539,-0.27934086716582185,1,1,Other,0.0,1.0,0.0,0
0.38461538461538464,-0.6754583524336583,0,0,Other,0.0,0.0,1.0,0
-0.38461538461538464,-0.09192072866908936,0,1,Other,0.0,0.0,1.0,0
-0.34615384615384615,0.19470151451735418,0,1,Other,0.0,0.0,1.0,0
0.4230769230769231,-0.6754583524336583,0,0,Other,1.0,0.0,0.0,0
-0.4230769230769231,0.32802510391684,0,1,Elite,0.0,0.0,1.0,0
-0.34615384615384615,-0.3192024147239699,0,1,Other,0.0,1.0,0.0,0
0.5769230769230769,-0.11660831379010238,0,1,Other,0.0,0.0,0.0,0
0.6153846153846154,0.15692162555390943,1,1,Other,0.0,0.0,0.0,1
0.3076923076923077,0.05733862163197605,1,1,Other,0.0,1.0,0.0,0
-0.07692307692307693,-0.6754583524336583,0,0,Other,1.0,0.0,0.0,0
-0.38461538461538464,0.5086067724769301,0,1,Other,0.0,0.0,0.0,0
0.5384615384615384,0.09233706038803002,0,1,Other,0.0,0.0,1.0,0
0.6538461538461539,-0.2564249063807265,1,1,Elite,0.0,0.0,0.0,1
-0.4230769230769231,0.21436654464604052,0,1,Other,0.0,0.0,1.0,0
-0.9615384615384616,0.289474558367271,1,1,Other,0.0,0.0,1.0,0
-0.5769230769230769,0.6181108726800025,0,1,Other,0.0,0.0,1.0,0
-0.15384615384615385,-0.6754583524336583,0,0,Other,0.0,0.0,1.0,0
-0.7307692307692307,0.15432619590179,0,1,Other,0.0,0.0,0.0,0
0.3076923076923077,0.2836547724237814,0,1,Other,0.0,0.0,1.0,0
-0.8461538461538461,0.23674216000868095,0,1,Other,1.0,0.0,0.0,0
-0.46153846153846156,-0.04171289498918202,0,1,Elite,1.0,0.0,0.0,0
-0.6538461538461539,-0.6754583524336583,0,0,Other,0.0,1.0,0.0,0
-0.7692307692307693,-0.6754583524336583,0,0,Other,0.0,1.0,0.0,0
-0.15384615384615385,0.579400880940201,0,1,Other,1.0,0.0,0.0,0
0.038461538461538464,0.016210362673646866,0,1,Other,0.0,1.0,0.0,0
0.9230769230769231,0.2223654285227089,1,1,Strong,0.0,1.0,0.0,1
-0.07692307692307693,0.47238591292909293,0,1,Other,0.0,0.0,1.0,0
0.2692307692307692,-0.6754583524336583,1,0,Other,0.0,0.0,1.0,0
-0.9230769230769231,-0.6754583524336583,0,0,Other,0.0,0.0,0.0,0
0.11538461538461539,0.25514047873718615,0,1,Strong,0.0,0.0,1.0,0
-0.11538461538461539,0.05087219280587648,0,1,Strong,0.0,0.0,1.0,0
-0.7307692307692307,-0.21890190294598982,0,1,Strong,0.0,0.0,1.0,0
-0.34615384615384615,-0.6754583524336583,1,0,Other,0.0,0.0,1.0,0
-0.34615384615384615,-0.007077639221991173,0,1,Other,0.0,0.0,1.0,0
-0.7307692307692307,-0.6754583524336583,0,0,Other,1.0,0.0,0.0,0
0.38461538461538464,-0.07622413705285863,0,1,Other,0.0,0.0,1.0,0
-0.23076923076923078,0.12767210776790835,1,0,Other,0.0,1.0,0.0,0
-0.23076923076923078,-0.0828411539475112,0,0,Other,1.0,0.0,0.0,0
-0.15384615384615385,0.10246189346779962,1,1,Other,1.0,0.0,0.0,0
0.6153846153846154,0.5395659077470918,1,1,Other,0.0,1.0,0.0,1
0.5384615384615384,-0.6754583524336583,1,0,Strong,0.0,0.0,1.0,0
0.46153846153846156,-0.6754583524336583,1,0,Other,0.0,0.0,0.0,0
0.6153846153846154,-0.6754583524336583,1,1,Other,1.0,0.0,0.0,1
-0.3076923076923077,-0.6754583524336583,1,0,Elite,1.0,0.0,0.0,0
-0.19230769230769232,-0.6754583524336583,0,0,Other,0.0,0.0,1.0,0
0.8461538461538461,0.5171371436543738,1,1,Other,0.0,0.0,0.0,1
0.6538461538461539,-0.1424297384861027,1,1,Other,0.0,0.0,0.0,1
0.34615384615384615,-0.15006543937390796,0,1,Other,0.0,1.0,0.0,0
-0.34615384615384615,-0.6754583524336583,1,0,Other,0.0,0.0,0.0,0
0.6538461538461539,0.4481855245004573,1,1,Elite,0.0,1.0,0.0,1
0.038461538461538464,0.4730059814466641,1,1,Other,0.0,0.0,1.0,0
-0.6153846153846154,0.2083253056605612,0,1,Other,0.0,0.0,0.0,0
-0.9615384615384616,0.5359340778584605,1,1,Other,0.0,0.0,1.0,0
0.5384615384615384,0.020285098646257556,0,1,Other,0.0,1.0,0.0,0
0.46153846153846156,0.2260681233847769,1,1,Strong,1.0,0.0,0.0,0
0.038461538461538464,-0.6754583524336583,1,0,Other,1.0,0.0,0.0,0
-0.038461538461538464,-0.1386827530156368,0,1,Other,1.0,0.0,0.0,0
-0.7692307692307693,0.40958183022081085,0,0,Other,0.0,0.0,1.0,0
0.8846153846153846,0.13643279010902135,1,1,Other,0.0,0.0,0.0,1
0.4230769230769231,0.3585944818330997,1,1,Other,0.0,1.0,0.0,0
-0.07692307692307693,0.4634392100327086,0,1,Other,0.0,0.0,1.0,0
0.6923076923076923,0.6361902990280426,1,1,Other,0.0,1.0,0.0,1
-0.6153846153846154,-0.6754583524336583,0,0,Other,0.0,0.0,0.0,0
0.038461538461538464,0.5332234926245064,0,1,Other,0.0,0.0,0.0,0
-0.5384615384615384,-0.1540870266164411,0,1,Other,1.0,0.0,0.0,0
-0.8846153846153846,0.15553975857189362,0,1,Other,0.0,0.0,1.0,0
-0.8846153846153846,-0.23437704152023084,0,1,Other,1.0,0.0,0.0,0
0.38461538461538464,-0.6754583524336583,0,0,Other,0.0,0.0,1.0,0
0.19230769230769232,-0.6754583524336583,0,0,Other,0.0,0.0,1.0,0
-0.11538461538461539,0.29386818672034687,1,1,Other,0.0,0.0,1.0,0
-0.11538461538461539,-0.6754583524336583,1,0,Other,0.0,0.0,1.0,0
0.5769230769230769,0.2804304161324112,0,1,Other,0.0,1.0,0.0,0
-0.23076923076923078,0.3987129149199558,1,1,Other,0.0,0.0,1.0,0
0.38461538461538464,-0.6754583524336583,0,0,Other,0.0,1.0,0.0,0
0.6538461538461539,-0.1913797188875085,1,1,Elite,0.0,1.0,0.0,1
-0.6538461538461539,0.0004340479622998341,1,1,Other,0.0,1.0,0.0,0
-0.7692307692307693,-0.6754583524336583,1,0,Other,0.0,0.0,1.0,0
-0.11538461538461539,0.05101392275274989,1,1,Elite,0.0,1.0,0.0,0
-0.7307692307692307,-0.6754583524336583,0,0,Strong,0.0,1.0,0.0,0
-0.23076923076923078,-0.6754583524336583,0,0,Other,0.0,0.0,1.0,0
0.23076923076923078,-0.6754583524336583,0,0,Other,1.0,0.0,0.0,0
0.5384615384615384,-0.6754583524336583,1,0,Strong,1.0,0.0,0.0,0
0.9230769230769231,-0.28982002511277494,1,1,Other,0.0,0.0,1.0,1
0.5,0.40318626636814797,1,1,Other,0.0,1.0,0.0,0
0.23076923076923078,-0.6754583524336583,1,0,Other,0.0,1.0,0.0,0
-0.9230769230769231,-0.6754583524336583,0,0,Strong,1.0,0.0,0.0,0
0.2692307692307692,-0.6754583524336583,0,0,Other,0.0,1.0,0.0,0
-0.8076923076923077,0.11360541054072189,1,1,Other,0.0,0.0,1.0,0
0.8076923076923077,0.5056304435925885,1,1,Elite,0.0,0.0,1.0,1
0.4230769230769231,-0.6754583524336583,0,0,Other,0.0,0.0,0.0,0
0.11538461538461539,-0.31028228619262427,1,1,Other,0.0,0.0,0.0,0
-0.46153846153846156,0.11263101715596717,1,1,Other,0.0,1.0,0.0,0
0.9230769230769231,0.08343464810004363,1,1,Other,1.0,0.0,0.0,1
0.8846153846153846,-0.29649019073750504,1,1,Other,0.0,0.0,0.0,1
0.6923076923076923,0.26874655363703404,1,1,Elite,1.0,0.0,0.0,1
0.8461538461538461,-0.6754583524336583,1,1,Other,1.0,0.0,0.0,1
-0.9230769230769231,0.1686054880492866,0,1,Other,0.0,0.0,0.0,0
-0.8076923076923077,-0.28991746445125044,1,1,Other,0.0,0.0,0.0,0
0.5769230769230769,0.2158547090882114,1,1,Elite,0.0,0.0,1.0,1
-0.15384615384615385,0.5382549057385126,1,1,Other,0.0,1.0,0.0,0
0.6538461538461539,0.20573873413012136,1,1,Other,0.0,0.0,0.0,1
0.5769230769230769,-0.6754583524336583,1,0,Other,1.0,0.0,0.0,0
-0.7307692307692307,-0.6754583524336583,0,0,Other,0.0,1.0,0.0,0
-0.3076923076923077,-0.6754583524336583,0,0,Other,1.0,0.0,0.0,0
-0.38461538461538464,0.4785511656180865,1,1,Other,1.0,0.0,0.0,0
-0.7692307692307693,-0.6754583524336583,1,0,Other,0.0,0.0,0.0,0
0.7307692307692307,0.476496081388422,1,1,Other,0.0,1.0,0.0,1
0.7307692307692307,-0.052944993278900176,1,1,Elite,0.0,0.0,0.0,1
-0.9230769230769231,0.08525942116603885,0,1,Elite,0.0,1.0,0.0,0
0.6923076923076923,0.4324889328842266,1,1,Strong,1.0,0.0,0.0,1
-0.6538461538461539,0.24739848038922588,0,1,Other,1.0,0.0,0.0,0
-0.15384615384615385,-0.11195779990831844,1,1,Elite,1.0,0.0,0.0,0
-0.9615384615384616,-0.6754583524336583,1,0,Other,0.0,0.0,0.0,0
0.07692307692307693,-0.12077163097950895,0,1,Other,1.0,0.0,0.0,0
0.8461538461538461,-0.29857184933220837,1,1,Elite,0.0,0.0,0.0,1
-0.2692307692307692,-0.3009724003073768,1,1,Other,0.0,0.0,0.0,0
-0.15384615384615385,-0.6754583524336583,0,0,Strong,0.0,0.0,1.0,0
0.23076923076923078,0.549309841594639,0,1,Other,0.0,1.0,0.0,0
-0.7307692307692307,-0.6754583524336583,1,0,Strong,0.0,1.0,0.0,0
-0.6923076923076923,0.28438999652318725,1,1,Strong,0.0,1.0,0.0,0
-0.07692307692307693,0.43042499053288247,0,1,Other,0.0,0.0,0.0,0
-0.038461538461538464,-0.6754583524336583,0,0,Other,1.0,0.0,0.0,0
0.8461538461538461,0.48887973549648667,1,1,Strong,1.0,0.0,0.0,1
0.7307692307692307,0.04715178170044933,1,1,Other,0.0,1.0,0.0,1
-0.8846153846153846,0.6263312095986606,1,1,Other,1.0,0.0,0.0,0
-0.38461538461538464,-0.6754583524336583,0,0,Other,0.0,1.0,0.0,0
-0.7307692307692307,-0.03318252381173834,0,1,Other,1.0,0.0,0.0,0
0.3076923076923077,-0.6754583524336583,1,0,Strong,0.0,0.0,0.0,0
0.6153846153846154,-0.2890139360399324,1,1,Other,1.0,0.0,0.0,1
0.4230769230769231,-0.04666458500807196,1,1,Other,1.0,0.0,0.0,0
0.9230769230769231,0.20049472609580501,1,1,Elite,0.0,0.0,0.0,1
-0.5384615384615384,-0.6754583524336583,1,0,Other,0.0,0.0,1.0,0
0.34615384615384615,0.30564948855419954,1,1,Other,0.0,1.0,0.0,1
-0.6923076923076923,-0.6754583524336583,1,0,Other,0.0,0.0,1.0,0
-0.23076923076923078,-0.6754583524336583,1,0,Other,0.0,0.0,1.0,0
-0.23076923076923078,0.38562946919920366,1,1,Strong,0.0,1.0,0.0,0
0.6923076923076923,0.16042944173902646,1,1,Other,0.0,0.0,0.0,1
-0.6538461538461539,-0.24297827767111124,1,1,Other,1.0,0.0,0.0,0
0.0,-0.21214315610446383,1,1,Other,1.0,0.0,0.0,0
0.5,0.3919807424434686,1,1,Elite,0.0,0.0,0.0,1
0.6538461538461539,0.5565114945201445,1,1,Elite,1.0,0.0,0.0,1
0.3076923076923077,-0.6754583524336583,1,0,Other,0.0,1.0,0.0,0
0.4230769230769231,0.15497283878439996,0,1,Other,0.0,0.0,0.0,0
-0.4230769230769231,-0.24320858883478053,1,0,Other,0.0,0.0,0.0,0
0.3076923076923077,0.41239871291492,1,1,Other,1.0,0.0,0.0,1
-0.2692307692307692,0.15121699519225446,1,1,Other,1.0,0.0,0.0,0
-0.38461538461538464,0.098644043023897,1,1,Other,0.0,0.0,1.0,0
0.34615384615384615,0.26967665641339084,0,0,Strong,0.0,0.0,1.0,0
-0.7307692307692307,-0.27399941979303,0,1,Other,0.0,1.0,0.0,0
0.8846153846153846,0.12156886193067191,1,1,Other,0.0,0.0,0.0,1
0.9230769230769231,0.481554068867467,1,1,Elite,1.0,0.0,0.0,1
-0.3076923076923077,-0.6754583524336583,0,0,Other,0.0,0.0,0.0,0
0.9230769230769231,0.4547405345433528,1,1,Other,1.0,0.0,0.0,1
-0.5769230769230769,-0.2323485316556051,0,0,Other,1.0,0.0,0.0,0
-0.6538461538461539,-0.6754583524336583,0,0,Other,1.0,0.0,0.0,0
-0.23076923076923078,0.5273505579509393,0,1,Strong,1.0,0.0,0.0,0
0.38461538461538464,-0.6754583524336583,1,0,Other,0.0,0.0,1.0,0
0.5384615384615384,-0.6754583524336583,1,0,Other,0.0,1.0,0.0,0
0.46153846153846156,0.5542438153701699,1,1,Other,0.0,1.0,0.0,0
-0.8461538461538461,0.5752729962375128,0,0,Other,1.0,0.0,0.0,0
0.38461538461538464,0.46241166791787636,1,1,Other,0.0,1.0,0.0,0
0.7307692307692307,0.5852295250053703,1,1,Other,0.0,0.0,0.0,1
0.15384615384615385,-0.6754583524336583,1,0,Elite,0.0,0.0,1.0,0
-0.34615384615384615,-0.13053328107041542,1,1,Other,0.0,1.0,0.0,0
0.3076923076923077,-0.03157034566605324,1,1,Other,0.0,1.0,0.0,0
-0.8846153846153846,0.221825083100254,0,0,Strong,1.0,0.0,0.0,0
-0.2692307692307692,-0.6754583524336583,1,0,Elite,0.0,1.0,0.0,0
-0.5,0.600580649876097,1,1,Other,0.0,0.0,0.0,0
0.7307692307692307,-0.6754583524336583,1,1,Other,0.0,0.0,1.0,1
0.8076923076923077,-0.6754583524336583,1,1,Elite,1.0,0.0,0.0,1
0.6538461538461539,-0.6754583524336583,1,1,Elite,1.0,0.0,0.0,1
0.5769230769230769,-0.6754583524336583,1,0,Other,0.0,0.0,0.0,0
0.23076923076923078,0.4072078536106811,1,1,Other,0.0,0.0,1.0,0
0.23076923076923078,0.4646350564594531,1,1,Strong,0.0,0.0,0.0,0
0.6153846153846154,-0.009903380037779888,1,1,Other,0.0,1.0,0.0,1
-0.19230769230769232,0.4852656218512146,1,1,Strong,0.0,0.0,0.0,0
-0.5769230769230769,0.24065744979105905,0,1,Other,0.0,0.0,1.0,0
-0.34615384615384615,-0.0957297209913124,0,1,Other,1.0,0.0,0.0,0
-0.8846153846153846,0.07081182470663008,1,1,Other,1.0,0.0,0.0,0
0.2692307692307692,-0.6754583524336583,0,0,Other,1.0,0.0,0.0,0
-0.038461538461538464,-0.6754583524336583,0,0,Other,0.0,0.0,1.0,0
0.9230769230769231,0.14294350954351884,1,1,Other,0.0,1.0,0.0,1
0.7692307692307693,0.0935771974231724,1,1,Other,0.0,0.0,0.0,1
-0.5384615384615384,0.5436760762064208,0,1,Strong,1.0,0.0,0.0,0
0.7307692307692307,0.07125473079060951,1,1,Elite,1.0,0.0,0.0,1
-0.38461538461538464,0.4138425867486929,0,1,Other,0.0,0.0,1.0,0
-0.4230769230769231,0.276904883703935,0,1,Strong,0.0,1.0,0.0,0
0.07692307692307693,-0.019363853991580356,1,1,Other,0.0,1.0,0.0,0
0.8846153846153846,-0.267843025225716,1,1,Other,0.0,0.0,1.0,1
0.8076923076923077,0.1229595870343673,1,1,Elite,0.0,0.0,1.0,1
-0.46153846153846156,0.18206983300226104,1,1,Other,0.0,0.0,1.0,0
0.8461538461538461,-0.15819719507577015,1,1,Strong,0.0,0.0,1.0,1
-0.8461538461538461,-0.6754583524336583,1,0,Elite,0.0,1.0,0.0,0
0.8461538461538461,-0.6754583524336583,1,1,Strong,0.0,1.0,0.0,1
-0.6538461538461539,-0.6754583524336583,0,0,Other,0.0,0.0,0.0,0
0.4230769230769231,0.05164284939200067,1,1,Other,0.0,1.0,0.0,0
0.8846153846153846,-0.3056317723108403,1,1,Other,0.0,0.0,1.0,1
0.038461538461538464,0.3242958346897332,0,1,Other,0.0,1.0,0.0,0
0.19230769230769232,-0.6754583524336583,0,0,Other,0.0,0.0,1.0,0
0.5,0.5567595219271729,1,1,Other,0.0,1.0,0.0,1
-0.3076923076923077,-0.6754583524336583,0,0,Other,0.0,1.0,0.0,0
-0.2692307692307692,0.2673292541682999,0,1,Other,0.0,0.0,1.0,0
-0.6923076923076923,-0.23189676744994608,0,1,Other,0.0,1.0,0.0,0
0.0,-0.6754583524336583,1,0,Other,0.0,0.0,0.0,0
-0.38461538461538464,-0.6754583524336583,0,0,Other,0.0,0.0,1.0,0
0.7307692307692307,-0.15481339259416738,1,1,Other,1.0,0.0,0.0,1
0.34615384615384615,0.5115919594829514,1,1,Other,0.0,0.0,1.0,0
-0.11538461538461539,0.37859612058561043,0,1,Strong,0.0,1.0,0.0,0
-0.6538461538461539,0.012516525933258481,1,1,Other,1.0,0.0,0.0,0
0.8076923076923077,-0.16212134297982783,1,1,Other,1.0,0.0,0.0,1
-0.19230769230769232,0.4431186788997327,0,1,Other,0.0,0.0,0.0,0
0.2692307692307692,-0.6754583524336583,0,0,Other,0.0,0.0,0.0,0
0.8076923076923077,-0.06189169617528451,1,1,Elite,0.0,1.0,0.0,1
-0.8461538461538461,0.6255339786474977,1,1,Other,1.0,0.0,0.0,0
-0.5769230769230769,-0.6754583524336583,1,0,Other,0.0,1.0,0.0,0
0.7692307692307693,-0.21840584813193287,1,1,Other,0.0,0.0,1.0,1
0.6538461538461539,0.05160741690528232,1,1,Elite,0.0,0.0,0.0,1
0.5769230769230769,0.23867323053483125,0,1,Other,0.0,0.0,1.0,0
0.3076923076923077,0.32912351100510895,1,1,Strong,1.0,0.0,0.0,0
0.11538461538461539,0.06938566711621634,1,1,Other,1.0,0.0,0.0,0
0.19230769230769232,0.5010419365625616,1,1,Other,0.0,0.0,0.0,0
0.7307692307692307,-0.20942371274883018,1,1,Elite,0.0,1.0,0.0,1
0.5,0.4362004858679741,1,1,Elite,1.0,0.0,0.0,0
-0.07692307692307693,0.3754780617543953,0,1,Other,0.0,1.0,0.0,0
0.38461538461538464,-0.17557682981112271,0,1,Strong,0.0,0.0,1.0,0
-0.5769230769230769,0.36476859264377287,1,1,Other,0.0,0.0,0.0,0
0.11538461538461539,0.5072780542249918,0,1,Other,0.0,0.0,0.0,0
-0.19230769230769232,0.05437115086931392,0,1,Other,0.0,0.0,1.0,0
0.3076923076923077,0.5887461993121669,0,0,Other,1.0,0.0,0.0,0
-0.8461538461538461,-0.30631384768016867,0,0,Elite,1.0,0.0,0.0,0
-0.19230769230769232,-0.6754583524336583,0,0,Other,0.0,1.0,0.0,0
0.38461538461538464,-0.6754583524336583,1,0,Other,0.0,0.0,1.0,0
0.3076923076923077,0.364378835289871,1,1,Other,0.0,1.0,0.0,1
0.23076923076923078,-0.6754583524336583,1,1,Elite,0.0,0.0,1.0,1
-0.23076923076923078,-0.6754583524336583,1,0,Other,0.0,1.0,0.0,0
0.038461538461538464,0.05595675464996025,1,1,Other,0.0,1.0,0.0,0
-0.46153846153846156,-0.6754583524336583,1,0,Other,0.0,0.0,1.0,0
-0.3076923076923077,-0.6754583524336583,0,0,Other,0.0,0.0,1.0,0
-0.3076923076923077,0.42306389141714446,0,1,Other,0.0,1.0,0.0,0
-0.7307692307692307,-0.6754583524336583,0,0,Other,0.0,1.0,0.0,0
0.5769230769230769,0.4455723786049787,1,1,Other,1.0,0.0,0.0,0
0.9230769230769231,0.4266602888190574,1,1,Other,0.0,0.0,0.0,1
-0.38461538461538464,-0.6754583524336583,0,0,Other,1.0,0.0,0.0,0
0.038461538461538464,-0.1674450741092605,0,1,Other,0.0,0.0,1.0,0
-0.6538461538461539,0.20874163737950185,0,1,Other,0.0,1.0,0.0,0
0.07692307692307693,0.5206981085695683,1,1,Other,0.0,1.0,0.0,0
-0.6153846153846154,-0.6754583524336583,1,0,Other,1.0,0.0,0.0,0
0.5769230769230769,-0.6754583524336583,1,1,Elite,0.0,0.0,1.0,1
0.038461538461538464,0.4028673739876828,0,1,Other,1.0,0.0,0.0,0
-0.6538461538461539,0.4699853619539245,0,1,Other,0.0,1.0,0.0,0
0.6153846153846154,0.28184771560114535,1,1,Other,0.0,0.0,1.0,1
0.9230769230769231,-0.08058233291921614,1,1,Other,0.0,0.0,1.0,1
0.8461538461538461,0.386116665891581,1,1,Other,1.0,0.0,0.0,1
0.6153846153846154,-0.037593868408173386,1,1,Elite,0.0,1.0,0.0,1
-0.07692307692307693,0.2435451974586049,0,1,Other,0.0,0.0,1.0,0
0.6153846153846154,-0.6754583524336583,1,1,Other,1.0,0.0,0.0,1
0.8846153846153846,-0.06437197024556927,1,1,Other,1.0,0.0,0.0,1
-0.2692307692307692,-0.6754583524336583,0,0,Other,0.0,0.0,1.0,0
-0.8076923076923077,0.5558205610291366,1,1,Other,0.0,1.0,0.0,0
0.38461538461538464,0.14783319271065168,0,1,Elite,1.0,0.0,0.0,0
0.7692307692307693,0.43068187606159053,1,1,Elite,0.0,0.0,1.0,1
-0.34615384615384615,-0.6754583524336583,1,0,Other,0.0,0.0,0.0,0
-0.46153846153846156,0.2857807216268826,0,1,Strong,0.0,1.0,0.0,0
-0.2692307692307692,0.5368641806348173,1,0,Other,1.0,0.0,0.0,0
-0.7307692307692307,-0.6754583524336583,0,0,Other,0.0,0.0,0.0,0
-0.8461538461538461,0.42667800506241654,1,0,Other,0.0,0.0,1.0,0
0.7307692307692307,-0.28445200337494436,1,1,Other,1.0,0.0,0.0,1
-0.11538461538461539,-0.6754583524336583,0,0,Elite,0.0,0.0,0.0,0
-0.2692307692307692,-0.3104417323828569,0,1,Strong,0.0,0.0,1.0,0
0.5,0.29803150390975347,0,1,Other,0.0,0.0,0.0,0
-0.5,0.31485307697929193,0,1,Other,1.0,0.0,0.0,0
-0.8461538461538461,0.08026344053875097,1,1,Other,0.0,1.0,0.0,0
-0.23076923076923078,0.6215655401350421,1,1,Other,0.0,0.0,1.0,0
0.5769230769230769,0.6319561168651994,0,1,Other,0.0,0.0,1.0,0
-0.5,-0.31681957999216054,1,1,Other,0.0,1.0,0.0,0
-0.038461538461538464,0.5040005492035441,1,1,Other,0.0,0.0,0.0,0
0.4230769230769231,0.48342313254186015,1,1,Other,1.0,0.0,0.0,1
0.038461538461538464,0.2940187747888999,0,1,Other,0.0,1.0,0.0,0
-0.3076923076923077,0.045114413714143986,0,1,Other,0.0,0.0,1.0,0
0.34615384615384615,-0.06278636646492294,0,1,Strong,0.0,1.0,0.0,0
0.07692307692307693,0.5080309945677569,1,1,Strong,1.0,0.0,0.0,0
-0.8846153846153846,-0.3148442188576123,0,1,Other,1.0,0.0,0.0,0
0.4230769230769231,0.6511959571532654,0,1,Other,0.0,0.0,1.0,0
-0.2692307692307692,-0.2756647466687926,1,1,Other,0.0,0.0,0.0,0
0.46153846153846156,-0.6754583524336583,1,0,Other,1.0,0.0,0.0,0
-0.5384615384615384,-0.6754583524336583,1,0,Strong,0.0,0.0,1.0,0
0.2692307692307692,0.3070667880229337,1,1,Other,0.0,1.0,0.0,0
-0.5769230769230769,0.3324807391216729,0,1,Other,0.0,0.0,1.0,0
-0.07692307692307693,0.06292809641179636,1,1,Strong,1.0,0.0,0.0,0
0.5,0.11929232465901768,0,1,Other,0.0,1.0,0.0,0
-0.5769230769230769,-0.135298950534034,1,1,Other,0.0,0.0,1.0,0
-0.8461538461538461,0.4536244112117246,0,1,Other,1.0,0.0,0.0,0
-0.4230769230769231,-0.1834162674975585,0,1,Other,0.0,1.0,0.0,0
0.5,-0.18464754641102127,1,1,Other,0.0,1.0,0.0,1
0.15384615384615385,0.4643693128090654,1,1,Other,1.0,0.0,0.0,0
0.6923076923076923,0.016821573069538468,1,1,Elite,0.0,0.0,1.0,1
-0.5769230769230769,0.14536177676204648,1,1,Other,0.0,0.0,1.0,0
0.6923076923076923,-0.6754583524336583,1,1,Other,0.0,1.0,0.0,1
-0.7692307692307693,-0.07457652642045517,0,1,Other,1.0,0.0,0.0,0
-0.19230769230769232,0.20968945639921782,0,1,Other,1.0,0.0,0.0,0
0.8461538461538461,0.589906613252193,1,1,Other,1.0,0.0,0.0,1
-0.6153846153846154,-0.6754583524336583,1,0,Strong,0.0,1.0,0.0,0
-0.7692307692307693,0.24447530023496167,1,1,Other,0.0,0.0,1.0,0
-0.038461538461538464,-0.15651415195664836,0,1,Strong,0.0,1.0,0.0,0
0.23076923076923078,-0.6754583524336583,1,0,Other,0.0,0.0,1.0,0
-0.38461538461538464,-0.1391433753429754,0,1,Elite,0.0,0.0,1.0,0
0.6153846153846154,0.309600210823296,1,1,Other,0.0,1.0,0.0,1
-0.07692307692307693,0.2804924229841683,1,1,Elite,1.0,0.0,0.0,0
-0.6538461538461539,0.5669463618586996,1,1,Other,0.0,1.0,0.0,0
-0.8846153846153846,0.3476369853154488,0,1,Other,0.0,1.0,0.0,0
-0.34615384615384615,-0.6754583524336583,1,0,Other,1.0,0.0,0.0,0
-0.6923076923076923,-0.26198780679550804,0,1,Other,1.0,0.0,0.0,0
0.19230769230769232,-0.14331555065406157,1,1,Other,1.0,0.0,0.0,1
-0.46153846153846156,-0.31290429020978244,1,0,Other,0.0,0.0,1.0,0
-0.5,-0.2812807958136517,0,1,Other,1.0,0.0,0.0,0
0.8076923076923077,0.5202817768506277,1,1,Elite,0.0,0.0,1.0,1
-0.11538461538461539,0.39845602939124775,1,1,Other,0.0,1.0,0.0,0
-0.07692307692307693,-0.29964368205543856,0,1,Other,0.0,0.0,1.0,0
-0.46153846153846156,0.4871789761340057,0,1,Other,1.0,0.0,0.0,0
0.7307692307692307,-0.6754583524336583,1,1,Other,0.0,1.0,0.0,1
0.7307692307692307,-0.0021082329597420517,1,1,Elite,0.0,0.0,0.0,1
-0.38461538461538464,-0.6754583524336583,1,0,Other,0.0,1.0,0.0,0
0.8076923076923077,0.4826701921990951,1,1,Other,0.0,1.0,0.0,1
0.5769230769230769,0.2625104359746038,1,1,Other,0.0,0.0,1.0,0
-0.038461538461538464,-0.03979954070639091,1,1,Other,0.0,1.0,0.0,0
-0.6923076923076923,-0.6754583524336583,0,0,Other,0.0,1.0,0.0,0
-0.5384615384615384,0.400537687985951,0,1,Other,1.0,0.0,0.0,0
0.8461538461538461,-0.6754583524336583,1,1,Elite,1.0,0.0,0.0,1
-0.9615384615384616,0.5614809007823935,0,1,Other,0.0,0.0,0.0,0
0.3076923076923077,-0.6754583524336583,1,0,Other,0.0,1.0,0.0,0
0.34615384615384615,-0.6754583524336583,0,0,Other,0.0,0.0,1.0,0
-0.4230769230769231,-0.6754583524336583,0,0,Other,1.0,0.0,0.0,0
-0.8076923076923077,0.36399793605764863,1,0,Other,1.0,0.0,0.0,0
-0.9615384615384616,0.6399284263768289,0,1,Other,1.0,0.0,0.0,0
0.11538461538461539,0.16341462874504775,1,1,Other,0.0,1.0,0.0,0
-0.8076923076923077,0.4120709624127752,0,1,Other,1.0,0.0,0.0,0
-0.15384615384615385,-0.6754583524336583,0,0,Other,0.0,1.0,0.0,0
-0.19230769230769232,-0.30334637691750654,0,1,Other,0.0,0.0,0.0,0
0.15384615384615385,-0.6754583524336583,0,0,Other,0.0,1.0,0.0,0
0.7692307692307693,-0.06617016894652573,1,1,Other,0.0,0.0,1.0,1
0.11538461538461539,-0.6754583524336583,1,0,Other,0.0,1.0,0.0,0
0.7307692307692307,-0.26651430697377776,1,1,Elite,0.0,0.0,1.0,1
-0.8461538461538461,-0.6754583524336583,1,0,Other,0.0,1.0,0.0,0
-0.9230769230769231,-0.18798705828422613,0,1,Other,1.0,0.0,0.0,0
-0.15384615384615385,0.0017716243359176904,1,1,Other,0.0,0.0,0.0,0
-0.3076923076923077,0.38473479890956525,0,1,Other,0.0,0.0,0.0,0
0.11538461538461539,-0.11701578738736344,0,1,Other,0.0,1.0,0.0,0
0.8076923076923077,0.5740328592023705,1,1,Elite,0.0,0.0,0.0,1
0.9230769230769231,0.13140137699501508,1,1,Other,0.0,1.0,0.0,1
-0.23076923076923078,-0.25623002770377556,0,1,Other,0.0,0.0,0.0,0
-0.9230769230769231,0.2510657427645755,0,0,Other,0.0,0.0,0.0,0
-0.6153846153846154,0.2484614549907765,1,1,Other,1.0,0.0,0.0,0
0.8076923076923077,0.004313905257959576,1,1,Other,1.0,0.0,0.0,1
-0.07692307692307693,-0.14855070056669833,1,0,Strong,0.0,0.0,1.0,0
0.7692307692307693,0.0723354216355193,1,1,Other,0.0,1.0,0.0,1
-0.3076923076923077,0.13979887634726496,1,1,Other,0.0,0.0,0.0,0
0.038461538461538464,-0.6754583524336583,0,0,Other,0.0,0.0,0.0,0
0.0,-0.6754583524336583,1,0,Other,0.0,0.0,1.0,0
0.4230769230769231,-0.015882612171502095,1,1,Other,1.0,0.0,0.0,0
-0.2692307692307692,0.526712773190009,1,1,Other,0.0,0.0,0.0,0
0.5384615384615384,0.43274581841293464,1,0,Other,1.0,0.0,0.0,0
0.6153846153846154,-0.6754583524336583,1,1,Other,0.0,0.0,1.0,1
-0.8461538461538461,0.36018008561374604,1,1,Other,0.0,0.0,1.0,0
-0.8846153846153846,0.48412292415454766,0,1,Other,0.0,1.0,0.0,0
-0.9615384615384616,-0.6754583524336583,0,0,Other,0.0,1.0,0.0,0
0.0,0.3279719551867624,1,0,Other,0.0,0.0,0.0,0
-0.6153846153846154,-0.1574796872197235,0,1,Other,0.0,1.0,0.0,0
-0.11538461538461539,0.0039861547558148035,1,1,Other,0.0,1.0,0.0,0
-0.46153846153846156,-0.2164570613624234,1,1,Other,1.0,0.0,0.0,0
-0.34615384615384615,0.20201832302469422,0,1,Other,0.0,1.0,0.0,0
-0.5,-0.6754583524336583,0,0,Strong,0.0,0.0,1.0,0
-0.4230769230769231,0.05667426250600691,0,1,Elite,0.0,1.0,0.0,0
0.8076923076923077,-0.3161729371095506,1,1,Elite,0.0,1.0,0.0,1
-0.23076923076923078,-0.6754583524336583,1,0,Other,0.0,0.0,1.0,0
0.7692307692307693,0.2271222398646479,1,1,Strong,0.0,0.0,0.0,1
0.4230769230769231,-0.6754583524336583,1,1,Strong,1.0,0.0,0.0,1
-0.23076923076923078,-0.6754583524336583,1,0,Other,0.0,0.0,1.0,0
0.07692307692307693,0.32317085323642547,1,0,Other,0.0,1.0,0.0,0
-0.3076923076923077,-0.6754583524336583,0,0,Other,0.0,1.0,0.0,0
0.7692307692307693,0.3249956263024207,1,1,Elite,1.0,0.0,0.0,1
-0.7692307692307693,-0.6754583524336583,1,0,Other,0.0,1.0,0.0,0
-0.6923076923076923,0.562526159140585,0,1,Other,0.0,1.0,0.0,0
-0.6538461538461539,-0.6754583524336583,1,0,Other,0.0,0.0,0.0,0
-0.9615384615384616,-0.06485030881626705,0,1,Other,0.0,0.0,0.0,0
-0.4230769230769231,-0.2527310696403381,0,1,Other,1.0,0.0,0.0,0
-0.5,-0.6754583524336583,1,0,Other,1.0,0.0,0.0,0
0.7692307692307693,-0.6754583524336583,1,1,Other,0.0,0.0,1.0,1
0.6538461538461539,-0.6754583524336583,1,1,Other,0.0,0.0,1.0,1
-0.23076923076923078,-0.2129315289339472,0,1,Other,0.0,0.0,0.0,0
-0.5769230769230769,-0.10348943558263188,1,1,Other,0.0,0.0,1.0,0
0.3076923076923077,-0.19936088652081768,1,1,Elite,0.0,1.0,0.0,1
-0.19230769230769232,0.22092155468893598,1,1,Strong,0.0,1.0,0.0,0
-0.6923076923076923,-0.6754583524336583,1,0,Elite,0.0,0.0,0.0,0
-0.9615384615384616,0.5451908150136304,1,1,Other,0.0,0.0,1.0,0
0.7307692307692307,-0.6754583524336583,1,1,Other,0.0,0.0,1.0,1
-0.8846153846153846,-0.6754583524336583,1,0,Other,0.0,0.0,0.0,0
-0.11538461538461539,-0.18959037830823164,0,1,Elite,0.0,1.0,0.0,0
0.9230769230769231,0.0813086988969424,1,1,Other,1.0,0.0,0.0,1
-0.46153846153846156,-0.028283982522925927,0,1,Other,0.0,0.0,0.0,0
0.9230769230769231,0.05843702872024502,1,1,Other,0.0,0.0,1.0,1
0.5384615384615384,0.46163215321007256,0,1,Other,1.0,0.0,0.0,0
0.6538461538461539,-0.05686914118295786,1,1,Other,0.0,0.0,0.0,1
0.2692307692307692,0.06624103391996244,0,1,Other,0.0,1.0,0.0,0
0.8846153846153846,0.339150904746403,1,1,Other,0.0,1.0,0.0,1
-0.8076923076923077,0.5623844291937116,0,1,Other,0.0,0.0,0.0,0
-0.15384615384615385,0.4275549591086958,0,1,Other,0.0,0.0,0.0,0
0.2692307692307692,-0.6754583524336583,1,0,Other,0.0,1.0,0.0,0
0.7692307692307693,0.22329553129906568,1,1,Elite,0.0,1.0,0.0,1
0.23076923076923078,-0.11923031780726057,1,1,Other,1.0,0.0,0.0,0
0.038461538461538464,0.4844063840482945,1,1,Other,0.0,0.0,0.0,0
0.8076923076923077,0.5501867956409183,1,1,Other,0.0,0.0,0.0,1
-0.6923076923076923,-0.26824164070129747,1,1,Other,0.0,1.0,0.0,0
0.8461538461538461,-0.6754583524336583,1,1,Other,0.0,1.0,0.0,1
-0.8076923076923077,-0.6754583524336583,1,0,Other,0.0,0.0,1.0,0
0.0,-0.31512767875135916,0,1,Other,0.0,0.0,1.0,0
0.46153846153846156,0.4299200775971459,0,1,Other,0.0,0.0,0.0,0
0.15384615384615385,0.25789535457953816,1,1,Strong,0.0,0.0,0.0,0
-0.7307692307692307,-0.6754583524336583,1,0,Other,0.0,0.0,1.0,0
0.15384615384615385,0.08646412571446288,1,0,Strong,1.0,0.0,0.0,0
-0.15384615384615385,0.06479716008618952,1,0,Strong,0.0,1.0,0.0,0
-0.38461538461538464,-0.02545824170713721,0,1,Other,1.0,0.0,0.0,0
0.8076923076923077,0.2616157656849653,1,1,Other,0.0,0.0,0.0,1
-0.11538461538461539,-0.6754583524336583,1,0,Other,0.0,0.0,0.0,0
-0.9230769230769231,0.3447935282563009,1,1,Other,0.0,0.0,1.0,0
0.11538461538461539,-0.6754583524336583,0,0,Other,0.0,1.0,0.0,0
-0.23076923076923078,0.11136430575578601,0,1,Other,0.0,0.0,0.0,0
-0.4230769230769231,0.43932740282086885,1,1,Other,0.0,0.0,0.0,0
0.2692307692307692,-0.09752791969226886,0,1,Other,0.0,1.0,0.0,0
-0.46153846153846156,0.05461032015466281,1,1,Other,0.0,1.0,0.0,0
-0.19230769230769232,-0.6754583524336583,1,0,Other,0.0,0.0,0.0,0
-0.11538461538461539,-0.6754583524336583,0,0,Other,0.0,1.0,0.0,0
-0.07692307692307693,0.35226978295387357,1,1,Other,0.0,0.0,1.0,0
-0.8846153846153846,0.2628116121117098,0,1,Other,0.0,0.0,0.0,0
0.5384615384615384,-0.6754583524336583,0,0,Other,0.0,0.0,0.0,0
-0.8846153846153846,0.10653662944041031,0,1,Other,1.0,0.0,0.0,0
-0.23076923076923078,-0.6754583524336583,1,0,Other,1.0,0.0,0.0,0
0.46153846153846156,-0.6754583524336583,1,0,Other,0.0,0.0,1.0,0
-0.8076923076923077,-0.31759909469996433,0,0,Other,1.0,0.0,0.0,0
-0.2692307692307692,0.5374753910307088,0,1,Other,1.0,0.0,0.0,0
0.5384615384615384,0.20022898244541737,0,1,Other,0.0,1.0,0.0,0
0.9230769230769231,-0.010886631544214207,1,1,Other,0.0,0.0,1.0,1
0.6923076923076923,-0.6754583524336583,1,1,Other,0.0,1.0,0.0,1
0.5384615384615384,-0.07002345187714672,0,1,Other,0.0,0.0,1.0,0
-0.34615384615384615,0.08029001490378973,1,1,Other,0.0,1.0,0.0,0
-0.38461538461538464,-0.6754583524336583,1,0,Other,1.0,0.0,0.0,0
0.7692307692307693,0.3232328600881826,1,1,Other,1.0,0.0,0.0,1
-0.038461538461538464,-0.6754583524336583,0,0,Other,0.0,0.0,1.0,0
-0.34615384615384615,-0.6754583524336583,1,0,Other,0.0,0.0,0.0,0
0.038461538461538464,0.5748123739101743,1,1,Other,1.0,0.0,0.0,0
-0.46153846153846156,0.4956650567030514,1,0,Strong,0.0,1.0,0.0,0
-0.4230769230769231,0.38895126482904935,0,1,Other,1.0,0.0,0.0,0
-0.19230769230769232,0.45105555592464397,0,1,Other,0.0,0.0,0.0,0
-0.46153846153846156,0.14694738054269282,1,1,Elite,0.0,1.0,0.0,0
-0.19230769230769232,-0.6754583524336583,1,0,Other,0.0,0.0,0.0,0
-0.9615384615384616,-0.6754583524336583,1,0,Other,0.0,1.0,0.0,0
0.6923076923076923,-0.07520545305970595,1,1,Elite,1.0,0.0,0.0,1
0.38461538461538464,0.3596308820696115,1,1,Other,0.0,1.0,0.0,1
-0.15384615384615385,0.026388344483493996,1,1,Other,0.0,0.0,1.0,0
-0.5384615384615384,-0.20064531416435802,1,1,Other,1.0,0.0,0.0,0
0.19230769230769232,-0.002684010868915301,0,1,Other,0.0,1.0,0.0,0
-0.9615384615384616,0.4459798522022398,0,1,Other,0.0,1.0,0.0,0
-0.46153846153846156,0.2781893113474753,1,1,Other,0.0,1.0,0.0,0
0.5769230769230769,0.6413545839672427,1,1,Elite,0.0,1.0,0.0,1
-0.8461538461538461,0.5201666212687931,0,1,Other,1.0,0.0,0.0,0
-0.07692307692307693,-0.06928822777774087,0,1,Other,0.0,1.0,0.0,0
-0.9615384615384616,-0.6754583524336583,0,0,Other,0.0,0.0,1.0,0
0.9230769230769231,0.19726151168275524,1,1,Other,0.0,0.0,1.0,1
0.0,-0.6754583524336583,1,0,Other,0.0,0.0,0.0,0
0.19230769230769232,-0.6754583524336583,0,0,Strong,1.0,0.0,0.0,0
-0.8846153846153846,0.5474230616768867,0,0,Strong,1.0,0.0,0.0,0
0.38461538461538464,-0.6754583524336583,0,0,Strong,0.0,0.0,0.0,0
-0.5769230769230769,0.014624758893000534,0,1,Strong,1.0,0.0,0.0,0
-0.15384615384615385,0.10673150811736125,0,1,Other,0.0,0.0,0.0,0
0.6153846153846154,0.6268361225343972,1,1,Elite,0.0,0.0,0.0,1
0.4230769230769231,-0.6754583524336583,0,0,Other,0.0,1.0,0.0,0
-0.46153846153846156,-0.30869668241197795,0,1,Strong,1.0,0.0,0.0,0
0.07692307692307693,-0.6754583524336583,1,0,Other,1.0,0.0,0.0,0
0.038461538461538464,-0.6754583524336583,0,0,Other,0.0,1.0,0.0,0
0.8461538461538461,-0.6754583524336583,1,1,Other,0.0,1.0,0.0,1
0.19230769230769232,-0.6754583524336583,1,0,Strong,0.0,1.0,0.0,0
-0.3076923076923077,-0.6754583524336583,0,0,Other,0.0,0.0,1.0,0
0.46153846153846156,0.6455621917650471,1,1,Elite,0.0,0.0,1.0,1
0.6538461538461539,-0.6754583524336583,1,1,Other,0.0,0.0,0.0,1
-0.8076923076923077,0.571437429550251,1,1,Other,1.0,0.0,0.0,0
-0.5384615384615384,0.32050455861086935,0,1,Other,1.0,0.0,0.0,0
-0.07692307692307693,0.3839021354716839,0,1,Other,0.0,1.0,0.0,0
-0.38461538461538464,0.30280603149505164,0,1,Other,0.0,0.0,0.0,0
-0.15384615384615385,0.30914844661763696,1,1,Other,0.0,0.0,1.0,0
0.19230769230769232,-0.6754583524336583,1,1,Other,0.0,1.0,0.0,1
-0.5384615384615384,0.1295500295639811,1,1,Other,0.0,0.0,1.0,0
0.6538461538461539,-0.6754583524336583,1,1,Elite,1.0,0.0,0.0,1
0.5,-0.026884399297550952,1,1,Other,0.0,1.0,0.0,0
-0.5,0.45373070867187965,1,1,Other,0.0,0.0,1.0,0
0.8461538461538461,-0.6754583524336583,1,1,Elite,1.0,0.0,0.0,1
-0.6538461538461539,-0.6754583524336583,1,0,Strong,0.0,0.0,1.0,0
0.3076923076923077,-0.3011761371060074,1,1,Strong,0.0,0.0,1.0,0
0.6923076923076923,0.34783186399239974,1,1,Strong,0.0,0.0,1.0,1
0.5769230769230769,-0.6754583524336583,1,0,Other,0.0,0.0,1.0,0
0.4230769230769231,0.24056886857426318,1,1,Other,0.0,0.0,0.0,1
-0.15384615384615385,-0.2825032166054349,0,1,Other,0.0,0.0,1.0,0
0.11538461538461539,0.27964204330292786,1,1,Other,0.0,0.0,0.0,0
0.9230769230769231,-0.043378221864944645,1,1,Other,0.0,0.0,1.0,1
0.6538461538461539,0.5666186113565549,1,1,Elite,0.0,1.0,0.0,1
-0.6923076923076923,0.6473515323443241,0,1,Strong,0.0,0.0,0.0,0
0.6538461538461539,0.16847261622409276,1,1,Other,0.0,0.0,0.0,1
-0.3076923076923077,0.41525102809574743,1,1,Other,0.0,0.0,0.0,0
-0.23076923076923078,0.5577782059203257,1,1,Other,1.0,0.0,0.0,0
0.8076923076923077,-0.045167562444221515,1,1,Other,0.0,0.0,0.0,1
0.6538461538461539,-0.0652046336834506,1,1,Other,0.0,1.0,0.0,1
0.5,0.28980230886941577,0,1,Other,0.0,1.0,0.0,0
-0.34615384615384615,0.0750991555995509,1,1,Other,0.0,0.0,0.0,0
-0.4230769230769231,-0.6754583524336583,1,0,Other,0.0,1.0,0.0,0
0.7692307692307693,0.03535276362323751,1,1,Other,0.0,1.0,0.0,1
-0.4230769230769231,-0.6754583524336583,1,0,Other,0.0,1.0,0.0,0
-0.6153846153846154,0.5236035724804734,0,1,Other,1.0,0.0,0.0,0
0.8076923076923077,0.22548348735392404,1,1,Other,0.0,0.0,1.0,1
0.4230769230769231,-0.6754583524336583,0,0,Other,0.0,1.0,0.0,0
0.8846153846153846,-0.11493412879266016,1,1,Elite,0.0,0.0,1.0,1
0.8846153846153846,-0.15175734061470936,1,1,Elite,0.0,1.0,0.0,1
-0.8076923076923077,-0.12174602436426368,1,1,Other,0.0,1.0,0.0,0
0.6538461538461539,0.3090510072791615,1,1,Strong,1.0,0.0,0.0,1
-0.9615384615384616,-0.12977148260597082,0,1,Other,0.0,1.0,0.0,0
0.038461538461538464,-0.6754583524336583,1,0,Other,1.0,0.0,0.0,0
-0.6538461538461539,0.36418395661292,1,0,Elite,1.0,0.0,0.0,0
0.15384615384615385,-0.6754583524336583,0,0,Other,0.0,0.0,1.0,0
0.07692307692307693,-0.1791820853347152,0,0,Other,0.0,1.0,0.0,0
0.9230769230769231,-0.6754583524336583,1,1,Elite,0.0,0.0,1.0,1
-0.8846153846153846,-0.19393971605290955,0,1,Other,1.0,0.0,0.0,0
-0.7307692307692307,0.41851967499551557,0,1,Other,0.0,0.0,1.0,0
-0.4230769230769231,0.5312215571249195,0,1,Other,0.0,0.0,0.0,0
-0.07692307692307693,-0.6754583524336583,1,0,Other,0.0,0.0,1.0,0
-0.23076923076923078,-0.1953747317650029,0,1,Other,0.0,0.0,1.0,0
-0.15384615384615385,-0.6754583524336583,0,0,Other,0.0,0.0,0.0,0
0.5769230769230769,-0.6754583524336583,1,0,Other,0.0,1.0,0.0,0
0.34615384615384615,-0.6754583524336583,0,0,Other,0.0,1.0,0.0,0
0.0,0.502733837803363,1,1,Other,0.0,1.0,0.0,0
0.34615384615384615,0.6158166191649892,1,1,Other,0.0,1.0,0.0,0
0.6538461538461539,-0.6754583524336583,1,1,Other,0.0,1.0,0.0,1
-0.5384615384615384,-0.6754583524336583,0,0,Other,0.0,0.0,0.0,0
-0.7307692307692307,0.48163379196258327,1,1,Strong,1.0,0.0,0.0,0
0.23076923076923078,-0.6754583524336583,1,0,Strong,0.0,0.0,1.0,0
-0.8461538461538461,-0.2846645982952545,0,1,Other,0.0,0.0,0.0,0
0.8076923076923077,-0.1100001550171294,1,1,Other,0.0,0.0,1.0,1
0.6923076923076923,0.15572577912716498,1,1,Other,1.0,0.0,0.0,1
-0.8846153846153846,-0.1810954396175063,1,1,Other,0.0,0.0,1.0,0
0.9230769230769231,0.30992796132544076,1,1,Elite,0.0,0.0,0.0,1
0.07692307692307693,-0.22764486904374362,0,1,Other,1.0,0.0,0.0,0
-0.7307692307692307,0.375548926727832,0,1,Strong,1.0,0.0,0.0,0
-0.8076923076923077,0.11255129406085086,1,1,Other,0.0,0.0,0.0,0
-0.9230769230769231,0.3967109794203688,0,1,Other,1.0,0.0,0.0,0
0.19230769230769232,0.05474319197985663,1,1,Other,0.0,0.0,1.0,1
0.7307692307692307,-0.6754583524336583,1,1,Elite,0.0,0.0,1.0,1
0.7692307692307693,-0.07211396859352959,1,1,Other,0.0,0.0,1.0,1
0.34615384615384615,0.24938269964545368,1,1,Elite,1.0,0.0,0.0,1
-0.38461538461538464,-0.6754583524336583,0,0,Other,0.0,0.0,0.0,0
0.19230769230769232,-0.6754583524336583,0,0,Other,0.0,1.0,0.0,0
-0.3076923076923077,0.29688880621308655,0,1,Elite,0.0,0.0,1.0,0
-0.4230769230769231,0.3383625319169197,0,1,Other,0.0,1.0,0.0,0
0.6923076923076923,-0.12166630126914739,1,1,Other,0.0,0.0,1.0,1
-0.3076923076923077,0.5367933156613806,0,1,Other,0.0,0.0,0.0,0
0.038461538461538464,-0.6754583524336583,0,0,Strong,1.0,0.0,0.0,0
-0.6923076923076923,0.011072652099485564,0,1,Other,0.0,0.0,1.0,0
0.5,-0.3172447698327808,1,1,Other,0.0,0.0,0.0,0
-0.7307692307692307,0.4261908083700392,1,1,Strong,0.0,1.0,0.0,0
-0.38461538461538464,-0.25253619096338714,1,1,Other,0.0,1.0,0.0,0
-0.15384615384615385,-0.28878362487626313,0,1,Other,1.0,0.0,0.0,0
-0.38461538461538464,-0.17123635018812436,1,1,Other,0.0,0.0,1.0,0
0.34615384615384615,0.10900804538901548,1,1,Strong,0.0,1.0,0.0,1
0.19230769230769232,0.6259414522447587,0,1,Strong,1.0,0.0,0.0,0
0.7307692307692307,0.13731860227698017,1,1,Elite,0.0,0.0,0.0,1
-0.6153846153846154,-0.0734869774538658,0,1,Other,0.0,1.0,0.0,0
0.3076923076923077,0.27050931985127213,0,1,Other,0.0,0.0,0.0,0
0.23076923076923078,-0.6754583524336583,1,1,Other,0.0,0.0,0.0,1
0.8846153846153846,0.09021996930660837,1,1,Strong,1.0,0.0,0.0,1
-0.15384615384615385,0.4875687334879076,1,1,Other,0.0,0.0,1.0,0
0.4230769230769231,0.5538983486246659,0,1,Other,0.0,1.0,0.0,0
0.8076923076923077,-0.6754583524336583,1,1,Strong,0.0,0.0,0.0,1
0.46153846153846156,0.28245006787535737,1,1,Other,0.0,1.0,0.0,0
0.5384615384615384,-0.6754583524336583,0,0,Other,0.0,1.0,0.0,0
0.34615384615384615,0.5367490250529826,0,1,Other,0.0,0.0,0.0,0
-0.5769230769230769,0.6294581265515554,1,1,Other,0.0,0.0,1.0,0
-0.8461538461538461,0.634888155141143,0,1,Other,0.0,1.0,0.0,0
-0.07692307692307693,0.2061816402141008,1,1,Other,0.0,0.0,1.0,0
0.0,-0.6754583524336583,0,0,Other,1.0,0.0,0.0,0
-0.2692307692307692,-0.06317612381882484,0,1,Other,0.0,0.0,0.0,0
0.6153846153846154,0.06136906699618879,1,1,Other,0.0,0.0,1.0,1
0.0,0.5620301043265281,0,1,Strong,0.0,1.0,0.0,0
0.15384615384615385,0.3876579790638294,1,1,Other,1.0,0.0,0.0,0
0.2692307692307692,-0.018380602485146037,0,0,Other,0.0,0.0,1.0,0
0.23076923076923078,-0.6754583524336583,0,0,Other,0.0,0.0,0.0,0
0.6923076923076923,-0.6754583524336583,1,1,Other,0.0,0.0,0.0,1
0.4230769230769231,-0.1453440605186873,0,0,Other,0.0,1.0,0.0,0
0.38461538461538464,-0.6754583524336583,1,0,Other,0.0,1.0,0.0,0
0.5769230769230769,-0.08380668921058634,1,1,Other,0.0,0.0,0.0,0
0.5769230769230769,-0.16801199389675417,1,1,Other,0.0,1.0,0.0,0
0.0,-0.6754583524336583,1,0,Other,0.0,1.0,0.0,0
0.5769230769230769,0.4801722018854512,0,1,Other,0.0,1.0,0.0,0
0.6153846153846154,-0.6754583524336583,1,1,Other,0.0,1.0,0.0,1
0.6153846153846154,0.44269348905911243,1,1,Other,0.0,0.0,1.0,1
0.0,0.47747933289485633,0,1,Other,0.0,0.0,1.0,0
0.6153846153846154,0.10887517356382166,1,1,Other,1.0,0.0,0.0,1
-0.5384615384615384,0.21287838020386968,0,0,Other,0.0,0.0,0.0,0
-0.038461538461538464,-0.08240710598521137,1,1,Other,0.0,0.0,1.0,0
-0.9230769230769231,0.4801722018854512,1,0,Other,0.0,0.0,0.0,0
-0.5,0.25146435824015695,0,1,Other,1.0,0.0,0.0,0
0.8846153846153846,-0.6754583524336583,1,1,Other,0.0,0.0,0.0,1
-0.07692307692307693,0.3764701713825092,1,1,Other,1.0,0.0,0.0,0
0.5384615384615384,-0.6754583524336583,0,0,Other,1.0,0.0,0.0,0
-0.11538461538461539,0.4066586500665466,0,1,Other,0.0,1.0,0.0,0
-0.7307692307692307,-0.6754583524336583,1,0,Other,0.0,0.0,1.0,0
-0.7692307692307693,-0.2659828196730024,0,1,Other,1.0,0.0,0.0,0
-0.6538461538461539,-0.2403296992889143,1,1,Other,0.0,1.0,0.0,0
0.38461538461538464,0.3666642306832048,1,1,Other,1.0,0.0,0.0,0
0.038461538461538464,0.10773247586715474,0,1,Other,0.0,0.0,0.0,0
0.38461538461538464,-0.1330844201141369,1,1,Other,1.0,0.0,0.0,0
-0.46153846153846156,0.3998556126166227,0,1,Other,1.0,0.0,0.0,0
-0.5769230769230769,-0.6754583524336583,1,0,Other,0.0,0.0,0.0,0
0.6153846153846154,0.5144708490288177,1,1,Other,1.0,0.0,0.0,1
-0.34615384615384615,-0.3061189690032177,1,1,Other,0.0,0.0,0.0,0
0.6538461538461539,-0.10740472536500997,1,1,Other,1.0,0.0,0.0,1
-0.038461538461538464,0.37911874976470616,0,1,Other,0.0,1.0,0.0,0
-0.46153846153846156,-0.2887304761461856,0,1,Strong,0.0,0.0,0.0,0
-0.38461538461538464,-0.6754583524336583,1,0,Strong,0.0,1.0,0.0,0
0.15384615384615385,0.40724328609739946,0,1,Other,0.0,0.0,1.0,0
-0.5384615384615384,-0.1140660328680605,0,1,Other,0.0,1.0,0.0,0
-0.7692307692307693,0.08820031756366221,1,1,Elite,1.0,0.0,0.0,0
0.11538461538461539,-0.21587242533157056,1,1,Other,1.0,0.0,0.0,0
0.5,-0.6754583524336583,1,0,Other,0.0,0.0,0.0,0
0.11538461538461539,0.27049160360791297,0,1,Strong,1.0,0.0,0.0,0
0.6923076923076923,0.4138160123836541,1,1,Elite,0.0,1.0,0.0,1
-0.38461538461538464,0.35722147297276347,1,1,Other,0.0,1.0,0.0,0
0.6153846153846154,-0.6754583524336583,1,1,Elite,0.0,0.0,0.0,1
-0.6153846153846154,-0.6754583524336583,1,0,Other,0.0,1.0,0.0,0
0.19230769230769232,-0.2638657285915808,1,1,Other,0.0,1.0,0.0,0
0.11538461538461539,0.20844931936407546,0,1,Elite,0.0,1.0,0.0,0
-0.4230769230769231,-0.6754583524336583,1,0,Other,0.0,0.0,0.0,0
0.2692307692307692,-0.6754583524336583,0,0,Other,1.0,0.0,0.0,0
-0.23076923076923078,-0.05417627219236297,0,1,Other,0.0,1.0,0.0,0
0.5384615384615384,-0.6754583524336583,1,0,Other,1.0,0.0,0.0,0
0.7692307692307693,-0.6754583524336583,1,1,Other,0.0,0.0,0.0,1
-0.6153846153846154,0.5742188797576417,1,0,Other,0.0,0.0,0.0,0
0.5,-0.6754583524336583,1,1,Other,0.0,1.0,0.0,1
-0.8846153846153846,-0.6754583524336583,0,0,Other,1.0,0.0,0.0,0
-0.8461538461538461,0.4645730496076959,1,1,Other,0.0,0.0,1.0,0
-0.5384615384615384,0.06318498194050443,1,1,Other,1.0,0.0,0.0,0
-0.19230769230769232,-0.012383654108064655,0,1,Other,0.0,1.0,0.0,0
0.07692307692307693,-0.10148750008304488,1,1,Other,0.0,0.0,1.0,0
0.038461538461538464,0.3398152638723722,0,1,Other,1.0,0.0,0.0,0
-0.11538461538461539,-0.6754583524336583,1,0,Other,0.0,1.0,0.0,0
-0.19230769230769232,0.18158263630988367,1,1,Other,0.0,1.0,0.0,0
0.46153846153846156,0.17007593624809828,1,1,Other,0.0,1.0,0.0,1
0.5384615384615384,0.540744037930477,1,1,Other,0.0,0.0,0.0,1
0.6153846153846154,0.2348730963342878,1,1,Other,1.0,0.0,0.0,1
-0.3076923076923077,0.4141349047641193,0,1,Other,1.0,0.0,0.0,0
-0.8461538461538461,-0.6754583524336583,1,0,Other,1.0,0.0,0.0,0
-0.8076923076923077,-0.21080557973084596,1,1,Other,0.0,1.0,0.0,0
0.5769230769230769,0.5056304435925885,0,1,Other,1.0,0.0,0.0,0
-0.6538461538461539,-0.16779054085476444,1,1,Other,0.0,0.0,1.0,0
-0.8076923076923077,0.22322466632562898,1,1,Other,0.0,0.0,0.0,0
0.8076923076923077,0.03558307478690681,1,1,Other,1.0,0.0,0.0,1
0.23076923076923078,-0.6754583524336583,0,0,Other,1.0,0.0,0.0,0
-0.2692307692307692,0.16234279602181756,1,1,Other,0.0,1.0,0.0,0
0.8846153846153846,-0.01737963473535254,1,1,Other,0.0,0.0,1.0,1
-0.6923076923076923,0.08893554166306805,0,1,Elite,1.0,0.0,0.0,0
0.2692307692307692,0.42712976926807555,0,1,Other,0.0,1.0,0.0,0
-0.3076923076923077,0.40437325467321283,1,1,Other,0.0,0.0,0.0,0
0.11538461538461539,0.16005740062848373,1,1,Other,0.0,0.0,1.0,0
0.038461538461538464,0.3561053496411353,0,1,Other,0.0,0.0,0.0,0
0.15384615384615385,-0.01998392250915155,0,1,Other,1.0,0.0,0.0,0
0.6923076923076923,-0.2377874183668724,1,1,Other,0.0,0.0,1.0,1
-0.8076923076923077,-0.6754583524336583,1,0,Other,0.0,1.0,0.0,0
0.15384615384615385,0.037460996582979564,0,1,Other,1.0,0.0,0.0,0
0.5384615384615384,0.5771597761552651,1,1,Other,1.0,0.0,0.0,0
0.6153846153846154,0.5449870782149999,1,1,Elite,0.0,1.0,0.0,1
-0.6538461538461539,-0.6754583524336583,1,0,Other,0.0,1.0,0.0,0
0.8076923076923077,0.5656442179718002,1,1,Other,0.0,0.0,0.0,1
0.5,-0.6754583524336583,1,1,Elite,0.0,0.0,0.0,1
0.15384615384615385,-0.6754583524336583,0,0,Other,1.0,0.0,0.0,0
0.38461538461538464,-0.1893069184144848,1,1,Elite,0.0,1.0,0.0,1
-0.38461538461538464,0.29183967685572115,1,1,Other,0.0,0.0,1.0,0
-0.7307692307692307,-0.14411278160522453,1,1,Elite,1.0,0.0,0.0,0
0.46153846153846156,0.31009626563735293,0,1,Elite,1.0,0.0,0.0,0
0.8846153846153846,0.44530663495459105,1,1,Elite,0.0,0.0,0.0,1
-0.46153846153846156,0.3932563119653293,0,1,Other,0.0,1.0,0.0,0
-0.9615384615384616,-0.23646755823661372,0,1,Other,0.0,1.0,0.0,0
-0.8846153846153846,-0.6754583524336583,0,0,Other,1.0,0.0,0.0,0
0.5769230769230769,0.43257751410102246,1,1,Other,1.0,0.0,0.0,0
-0.8461538461538461,-0.0204799773232085,0,1,Other,0.0,0.0,1.0,0
-0.7692307692307693,0.009814798820984004,0,1,Other,0.0,0.0,1.0,0
-0.038461538461538464,0.23515655622803464,0,1,Other,0.0,1.0,0.0,0
-0.34615384615384615,-0.6754583524336583,1,0,Other,0.0,0.0,1.0,0
-0.46153846153846156,-0.1687560761178396,1,1,Other,0.0,0.0,0.0,0
-0.6153846153846154,-0.1816269269182816,1,1,Strong,1.0,0.0,0.0,0
0.7692307692307693,0.5927855027980592,1,1,Other,1.0,0.0,0.0,1
0.07692307692307693,-0.293132962620941,0,1,Other,0.0,0.0,0.0,0
-0.4230769230769231,0.6339491942431067,0,1,Other,1.0,0.0,0.0,0
0.7692307692307693,-0.3002106018429322,1,1,Other,0.0,1.0,0.0,1
0.5,0.056948864278074156,0,1,Other,0.0,0.0,1.0,0
-0.7692307692307693,0.5787010893275135,1,1,Other,0.0,0.0,0.0,0
0.7307692307692307,-0.21382619922358564,1,1,Elite,0.0,1.0,0.0,1
-0.3076923076923077,-0.0727960439628579,1,1,Other,1.0,0.0,0.0,0
-0.46153846153846156,0.48073026355126525,0,1,Other,0.0,0.0,0.0,0
-0.7692307692307693,0.5971436986644167,1,1,Strong,1.0,0.0,0.0,0
0.6538461538461539,-0.6754583524336583,1,1,Elite,0.0,0.0,1.0,1
0.6153846153846154,-0.6754583524336583,1,1,Elite,0.0,0.0,0.0,1
-0.11538461538461539,0.2854884036114562,1,1,Other,0.0,0.0,0.0,0
0.7307692307692307,0.18114858834758385,1,1,Elite,0.0,0.0,0.0,1
0.34615384615384615,-0.1930627620066303,1,1,Other,0.0,1.0,0.0,0
-0.5384615384615384,0.5020340461906755,0,1,Strong,0.0,0.0,1.0,0
-0.038461538461538464,-0.19463950766559704,0,1,Other,0.0,1.0,0.0,0
0.2692307692307692,-0.6754583524336583,0,0,Other,0.0,1.0,0.0,0
0.38461538461538464,-0.6754583524336583,1,0,Other,1.0,0.0,0.0,0
0.5,-0.6754583524336583,1,0,Other,1.0,0.0,0.0,0
-0.7692307692307693,0.618553778763982,1,1,Other,1.0,0.0,0.0,0
-0.7692307692307693,0.1969071868155717,1,1,Other,0.0,1.0,0.0,0
0.5769230769230769,-0.6754583524336583,0,0,Other,0.0,0.0,1.0,0
0.2692307692307692,0.5473344804600908,1,1,Other,0.0,0.0,0.0,1
-0.8076923076923077,0.4943894871811907,0,1,Other,0.0,0.0,0.0,0
0.23076923076923078,0.3154908617402223,1,1,Other,0.0,0.0,1.0,0
0.19230769230769232,0.1880047745275853,1,1,Elite,0.0,0.0,0.0,1
0.07692307692307693,0.040198156181972394,0,0,Strong,0.0,0.0,1.0,0
0.6923076923076923,0.6135135075282961,1,1,Elite,0.0,0.0,1.0,1
-0.5384615384615384,0.01869063674393163,1,0,Other,0.0,1.0,0.0,0
0.5384615384615384,-0.6754583524336583,1,0,Other,0.0,1.0,0.0,0
0.8846153846153846,-0.6754583524336583,1,1,Other,0.0,1.0,0.0,1
-0.6538461538461539,-0.036823211822049194,0,1,Other,1.0,0.0,0.0,0
0.5769230769230769,0.6050717175676483,1,1,Other,0.0,1.0,0.0,1
-0.6923076923076923,0.34651200386214104,0,1,Strong,1.0,0.0,0.0,0
-0.19230769230769232,0.5266064757298539,1,1,Strong,0.0,0.0,0.0,0
-0.9230769230769231,0.4071989954890015,1,1,Other,0.0,1.0,0.0,0
0.8846153846153846,-0.2975000166089781,1,1,Other,0.0,0.0,1.0,1
0.2692307692307692,-0.06549695169887701,1,1,Other,1.0,0.0,0.0,0
-0.38461538461538464,-0.18115744646926343,1,1,Other,1.0,0.0,0.0,0
0.5384615384615384,0.2440855428810598,1,1,Other,0.0,0.0,1.0,0
0.5384615384615384,0.15345809997719034,0,0,Other,0.0,0.0,1.0,0
0.6538461538461539,0.41478154764672925,1,1,Other,0.0,0.0,0.0,1
-0.9230769230769231,0.25337771252294805,1,1,Other,0.0,0.0,1.0,0
-0.6923076923076923,0.38311376264220054,0,1,Other,0.0,1.0,0.0,0
0.15384615384615385,0.6198293482858427,0,1,Other,0.0,0.0,1.0,0
0.5384615384615384,-0.1182824987875446,0,1,Other,1.0,0.0,0.0,0
0.8846153846153846,0.45706136242340495,1,1,Other,1.0,0.0,0.0,1
-0.8076923076923077,0.046894896171741265,1,1,Other,0.0,0.0,1.0,0
-0.5,-0.6754583524336583,1,0,Other,0.0,1.0,0.0,0
0.3076923076923077,0.3866304369489971,0,1,Other,1.0,0.0,0.0,0
-0.6538461538461539,-0.21207229113102713,1,1,Other,1.0,0.0,0.0,0
-0.9615384615384616,0.47155324949121163,0,1,Other,0.0,0.0,0.0,0
-0.6153846153846154,0.564377506571619,0,1,Strong,0.0,0.0,1.0,0
-0.11538461538461539,-0.6754583524336583,1,0,Other,1.0,0.0,0.0,0
0.23076923076923078,-0.08352322931683952,1,1,Other,0.0,1.0,0.0,1
0.7307692307692307,0.19040532550275377,1,1,Other,1.0,0.0,0.0,1
0.5769230769230769,-0.6754583524336583,1,0,Strong,0.0,1.0,0.0,0
0.7692307692307693,0.6286077468703148,1,1,Strong,0.0,0.0,0.0,1
0.23076923076923078,0.5795869014954724,1,1,Elite,0.0,0.0,1.0,1
0.7307692307692307,-0.21643934511906424,1,1,Other,1.0,0.0,0.0,1
-0.19230769230769232,0.5410186397025443,1,1,Other,0.0,1.0,0.0,0
-0.8461538461538461,0.5065694044906248,0,1,Other,0.0,0.0,0.0,0
0.2692307692307692,-0.31393183232461475,0,1,Other,0.0,1.0,0.0,0
0.3076923076923077,-0.2178477864661188,1,1,Other,1.0,0.0,0.0,0
0.07692307692307693,-0.6754583524336583,1,0,Other,1.0,0.0,0.0,0
0.5,-0.12766324964622877,1,1,Other,0.0,0.0,0.0,1
0.38461538461538464,-0.6754583524336583,1,0,Strong,0.0,0.0,1.0,0
-0.07692307692307693,-0.6754583524336583,0,0,Other,0.0,0.0,0.0,0
0.8461538461538461,-0.6754583524336583,1,1,Elite,0.0,0.0,0.0,1
0.07692307692307693,-0.2167582374995294,1,1,Other,0.0,0.0,0.0,0
-0.5,0.42742208728350195,0,0,Other,0.0,0.0,0.0,0
-0.7692307692307693,0.6402030281488962,0,1,Strong,0.0,1.0,0.0,0
0.07692307692307693,0.3255979785766327,0,1,Strong,1.0,0.0,0.0,0
0.8461538461538461,0.032243562913701965,1,1,Elite,0.0,0.0,1.0,1
-0.5384615384615384,0.29637503515567043,1,1,Other,0.0,0.0,0.0,0
0.6153846153846154,-0.2605705073267739,1,1,Other,1.0,0.0,0.0,1
0.34615384615384615,-0.14417478845698165,1,0,Other,1.0,0.0,0.0,0
0.7692307692307693,0.29835039629021864,1,1,Elite,0.0,1.0,0.0,1
0.5384615384615384,-0.28085560597303144,1,1,Strong,0.0,1.0,0.0,1
0.0,0.34575020539769646,1,1,Other,1.0,0.0,0.0,0
0.5,-0.09495020628350861,1,1,Other,0.0,0.0,1.0,0
0.19230769230769232,-0.26534503491207206,0,1,Other,0.0,0.0,0.0,0
-0.11538461538461539,0.5158261416457948,0,1,Strong,0.0,0.0,1.0,0
0.2692307692307692,0.44052324924761327,0,1,Other,0.0,0.0,0.0,0
0.34615384615384615,-0.2519958455409323,1,1,Other,0.0,1.0,0.0,1
0.07692307692307693,0.6175350947708294,0,1,Other,0.0,0.0,0.0,0
0.8076923076923077,0.22205539426392332,1,1,Other,1.0,0.0,0.0,1
0.3076923076923077,-0.1407466953669809,0,1,Other,0.0,0.0,1.0,0
-0.3076923076923077,-0.6754583524336583,0,0,Other,0.0,0.0,1.0,0
0.6153846153846154,0.15367069489750046,1,1,Elite,0.0,0.0,1.0,1
-0.6923076923076923,0.24814256261031128,1,0,Other,0.0,0.0,1.0,0
-0.3076923076923077,0.1386738948939572,0,1,Other,0.0,0.0,1.0,0
0.34615384615384615,0.15716079483925832,1,1,Other,0.0,1.0,0.0,0
-0.5,0.30223911170755796,1,1,Other,0.0,0.0,1.0,0
-0.5769230769230769,0.44559895297001745,0,1,Other,0.0,0.0,0.0,0
0.6153846153846154,-0.6754583524336583,1,1,Other,1.0,0.0,0.0,1
0.34615384615384615,-0.6754583524336583,1,1,Elite,0.0,0.0,0.0,1
0.2692307692307692,0.6430553433297237,1,1,Other,0.0,0.0,1.0,1
-0.9230769230769231,0.39974931515646767,0,1,Other,1.0,0.0,0.0,0
-0.8076923076923077,-0.6754583524336583,1,0,Other,0.0,0.0,0.0,0
-0.3076923076923077,0.4487258699229122,0,1,Other,0.0,1.0,0.0,0
-0.38461538461538464,-0.6754583524336583,0,0,Other,0.0,0.0,1.0,0
-0.5769230769230769,-0.6754583524336583,0,0,Other,0.0,1.0,0.0,0
0.6153846153846154,0.39214018863370115,1,1,Other,0.0,1.0,0.0,1
-0.5384615384615384,0.617003607470054,0,1,Other,1.0,0.0,0.0,0
0.19230769230769232,-0.07824378879580479,1,1,Elite,0.0,0.0,1.0,0
-0.7307692307692307,0.13335902188620413,0,1,Other,1.0,0.0,0.0,0
0.7307692307692307,0.6078797421400779,1,1,Other,0.0,0.0,0.0,1
0.6923076923076923,0.091584120045265,1,1,Other,0.0,0.0,0.0,1
0.46153846153846156,-0.050881050927556064,1,1,Other,0.0,1.0,0.0,0
0.7307692307692307,0.24916124660346398,1,1,Other,1.0,0.0,0.0,1
0.5,0.14373188237300222,1,1,Other,0.0,0.0,0.0,0
0.8076923076923077,-0.6754583524336583,1,1,Other,0.0,1.0,0.0,1
-0.3076923076923077,0.48026078310224707,0,1,Other,0.0,1.0,0.0,0
-0.2692307692307692,0.3048788319680753,1,0,Other,0.0,0.0,1.0,0
-0.5384615384615384,-0.6754583524336583,0,0,Other,0.0,1.0,0.0,0
-0.9615384615384616,-0.27895110981191995,0,1,Other,0.0,0.0,0.0,0
0.038461538461538464,0.520857554759801,1,1,Other,0.0,0.0,1.0,0
-0.19230769230769232,-0.18582567659440655,1,0,Other,0.0,1.0,0.0,0
-0.38461538461538464,-0.2527133533969789,1,1,Other,0.0,1.0,0.0,0
-0.38461538461538464,-0.6754583524336583,1,0,Other,0.0,0.0,1.0,0
-0.6153846153846154,0.049366312120346444,0,1,Other,0.0,1.0,0.0,0
0.8461538461538461,-0.18344284186259724,1,1,Other,1.0,0.0,0.0,1
0.8461538461538461,-0.15797574203378045,1,1,Other,0.0,0.0,0.0,1
-0.9230769230769231,-0.31653612009841375,1,1,Other,0.0,0.0,0.0,0
-0.6923076923076923,-0.26474268263786005,1,1,Strong,0.0,0.0,1.0,0
0.15384615384615385,-0.6754583524336583,0,0,Other,1.0,0.0,0.0,0
0.0,-0.1799350256774802,1,1,Other,0.0,0.0,0.0,0
-0.6923076923076923,0.28355733308530595,0,1,Other,0.0,0.0,0.0,0
-0.5769230769230769,-0.6754583524336583,0,0,Strong,0.0,0.0,0.0,0
0.9230769230769231,0.39205160741690526,1,1,Elite,0.0,0.0,0.0,1
0.6153846153846154,0.059181110941330446,1,1,Other,0.0,0.0,0.0,1
0.038461538461538464,-0.6754583524336583,0,0,Other,0.0,1.0,0.0,0
0.6153846153846154,0.6369963881008851,1,1,Strong,0.0,0.0,1.0,1
0.6923076923076923,-0.6754583524336583,1,1,Elite,0.0,0.0,1.0,1
0.0,-0.6754583524336583,1,0,Other,1.0,0.0,0.0,0
-0.46153846153846156,-0.6754583524336583,1,0,Other,0.0,0.0,0.0,0
0.2692307692307692,-0.6754583524336583,0,0,Other,1.0,0.0,0.0,0
0.7307692307692307,0.5826163791098916,1,1,Other,0.0,1.0,0.0,1
0.38461538461538464,-0.09055657793043274,0,1,Other,0.0,0.0,0.0,0
-0.8076923076923077,-0.0070067742485544655,1,1,Other,1.0,0.0,0.0,0
0.38461538461538464,-0.6754583524336583,0,0,Other,1.0,0.0,0.0,0
-0.2692307692307692,-0.6754583524336583,1,0,Other,0.0,0.0,0.0,0
-0.3076923076923077,-0.038293660020860876,1,1,Strong,1.0,0.0,0.0,0
-0.15384615384615385,0.2697032307784296,0,1,Other,0.0,1.0,0.0,0
0.6923076923076923,0.3187063599099129,1,1,Other,1.0,0.0,0.0,1
-0.6923076923076923,-0.3058177928661117,1,1,Other,0.0,1.0,0.0,0
-0.5384615384615384,0.27711747862424513,0,1,Elite,1.0,0.0,0.0,0
0.34615384615384615,0.5002624218547578,1,0,Other,1.0,0.0,0.0,0
0.3076923076923077,0.17991730943412104,1,1,Other,1.0,0.0,0.0,0
0.15384615384615385,0.04810845884184488,1,1,Other,0.0,0.0,0.0,0
0.9230769230769231,-0.6754583524336583,1,1,Other,0.0,1.0,0.0,1
0.8076923076923077,0.09451615832120878,1,1,Other,0.0,0.0,1.0,1
-0.9615384615384616,-0.6754583524336583,0,0,Other,1.0,0.0,0.0,0
-0.6153846153846154,0.5543146803436065,0,0,Other,0.0,1.0,0.0,0
0.7692307692307693,0.26423776970212354,1,1,Other,1.0,0.0,0.0,1
0.2692307692307692,0.026848966810832597,1,1,Other,0.0,0.0,0.0,1
0.6923076923076923,-0.12804414887845106,1,1,Elite,0.0,0.0,1.0,1
-0.7307692307692307,-0.2551316206155066,1,0,Other,0.0,0.0,1.0,0
0.19230769230769232,-0.6754583524336583,1,0,Other,0.0,1.0,0.0,0
-0.038461538461538464,-0.1821052654889794,1,1,Other,0.0,0.0,1.0,0
0.6923076923076923,-0.32042483551575307,1,1,Other,0.0,0.0,0.0,1
0.7307692307692307,-0.141455345101348,1,1,Elite,1.0,0.0,0.0,1
-0.34615384615384615,-0.30197336805717034,1,1,Other,1.0,0.0,0.0,0
-0.6538461538461539,0.09696099990477519,0,1,Other,0.0,0.0,1.0,0
-0.6923076923076923,-0.6754583524336583,0,0,Other,0.0,0.0,1.0,0
0.7307692307692307,-0.6754583524336583,1,1,Other,0.0,0.0,0.0,1
0.038461538461538464,0.010301995513361369,0,1,Other,0.0,0.0,0.0,0
0.038461538461538464,-0.08198191614459112,0,1,Other,0.0,0.0,1.0,0
-0.46153846153846156,0.39943928089768205,1,0,Other,0.0,0.0,1.0,0
0.0,-0.6754583524336583,0,0,Other,0.0,0.0,0.0,0
-0.4230769230769231,0.6207594510621995,1,1,Other,1.0,0.0,0.0,0
0.19230769230769232,0.5530036783350275,1,1,Elite,0.0,1.0,0.0,1
0.11538461538461539,0.6200242269627937,0,1,Other,0.0,1.0,0.0,0
0.5769230769230769,0.15521200806974886,1,1,Other,0.0,0.0,0.0,0
0.07692307692307693,-0.6754583524336583,0,0,Other,1.0,0.0,0.0,0
-0.6153846153846154,-0.07044864171776695,0,1,Other,1.0,0.0,0.0,0
0.7307692307692307,0.6359599878643732,1,1,Other,0.0,1.0,0.0,1
-0.6538461538461539,-0.31037086740942016,0,1,Other,0.0,0.0,0.0,0
0.34615384615384615,-0.6754583524336583,0,0,Other,0.0,0.0,0.0,0
-0.38461538461538464,-0.1527848827295416,0,1,Other,0.0,0.0,1.0,0
-0.5,-0.6754583524336583,0,0,Other,0.0,0.0,1.0,0
-0.8461538461538461,-0.6754583524336583,0,0,Other,0.0,0.0,0.0,0
0.46153846153846156,0.053069006982414416,1,1,Other,0.0,0.0,1.0,0
-0.6538461538461539,-0.6754583524336583,1,0,Strong,0.0,0.0,0.0,0
-0.4230769230769231,-0.04593821903034571,1,1,Other,0.0,1.0,0.0,0
-0.5384615384615384,-0.6754583524336583,0,0,Other,0.0,0.0,0.0,0
0.23076923076923078,0.09594231591162251,1,0,Other,1.0,0.0,0.0,0
-0.5769230769230769,-0.6754583524336583,1,0,Strong,0.0,1.0,0.0,0
0.07692307692307693,0.4674785135186009,0,1,Other,0.0,0.0,0.0,0
0.07692307692307693,0.5459348972347159,1,1,Other,0.0,0.0,1.0,0
0.15384615384615385,0.09808598135808293,1,1,Elite,1.0,0.0,0.0,0
-0.15384615384615385,-0.24673412126325672,0,1,Other,0.0,1.0,0.0,0
-0.19230769230769232,0.6346046952473963,0,1,Strong,0.0,0.0,1.0,0
0.4230769230769231,-0.6754583524336583,1,0,Other,1.0,0.0,0.0,0
-0.8461538461538461,-0.6754583524336583,1,0,Other,0.0,0.0,1.0,0
0.46153846153846156,-0.13333244752116538,0,1,Strong,0.0,0.0,0.0,0
0.5384615384615384,-0.6754583524336583,0,0,Other,0.0,0.0,1.0,0
-0.23076923076923078,0.2884647324957979,0,1,Other,0.0,0.0,1.0,0
0.8846153846153846,-0.21785664458779838,1,1,Other,0.0,1.0,0.0,1
0.5384615384615384,-0.0011072652099485564,0,1,Other,0.0,0.0,0.0,0
-0.15384615384615385,-0.6754583524336583,1,0,Other,1.0,0.0,0.0,0
0.6538461538461539,0.554562707750635,1,1,Strong,1.0,0.0,0.0,1
-0.8461538461538461,0.15053491982292616,0,1,Other,1.0,0.0,0.0,0
-0.5,-0.058144710704818595,1,1,Other,0.0,1.0,0.0,0
-0.6153846153846154,-0.6754583524336583,1,0,Other,0.0,1.0,0.0,0
-0.5769230769230769,-0.6754583524336583,1,0,Other,1.0,0.0,0.0,0
0.0,0.03242072534729373,0,1,Other,1.0,0.0,0.0,0
-0.5,-0.6754583524336583,0,0,Other,0.0,0.0,1.0,0
0.2692307692307692,-0.2007338953811539,1,1,Other,0.0,1.0,0.0,0
0.15384615384615385,0.2589849035461276,1,1,Other,0.0,0.0,0.0,0
0.2692307692307692,0.3281491176203542,1,1,Other,1.0,0.0,0.0,0
-0.9615384615384616,-0.0303744992393088,1,1,Other,0.0,0.0,1.0,0
0.23076923076923078,-0.13655680381253557,1,1,Other,0.0,0.0,1.0,0
0.8461538461538461,0.08363838489867416,1,1,Elite,0.0,1.0,0.0,1
-0.038461538461538464,-0.17193614180081185,1,1,Other,0.0,0.0,1.0,0
0.6153846153846154,-0.6754583524336583,1,1,Other,0.0,1.0,0.0,1
0.8076923076923077,-0.26603596840307997,1,1,Elite,1.0,0.0,0.0,1
-0.6153846153846154,-0.6754583524336583,0,0,Other,0.0,0.0,0.0,0
0.6153846153846154,0.11029247303255581,1,1,Other,1.0,0.0,0.0,1
-0.38461538461538464,-0.6754583524336583,0,0,Other,0.0,1.0,0.0,0
-0.19230769230769232,-0.6754583524336583,0,0,Other,0.0,0.0,0.0,0
-0.15384615384615385,-0.6754583524336583,0,0,Other,1.0,0.0,0.0,0
0.4230769230769231,0.16749822283933805,1,1,Elite,0.0,1.0,0.0,1
0.6153846153846154,0.6045490883885527,1,1,Other,0.0,1.0,0.0,1
-0.6923076923076923,0.4130364976758503,1,1,Other,1.0,0.0,0.0,0
0.6923076923076923,0.2792700021923851,1,1,Other,0.0,0.0,0.0,1
-0.6153846153846154,-0.6754583524336583,1,0,Strong,0.0,0.0,0.0,0
0.38461538461538464,0.41001587818311064,0,1,Other,0.0,0.0,1.0,0
-0.5769230769230769,-0.6754583524336583,0,0,Strong,0.0,1.0,0.0,0
0.34615384615384615,0.30417904035538784,1,1,Other,0.0,1.0,0.0,0
-0.2692307692307692,-0.6754583524336583,0,0,Other,0.0,0.0,1.0,0
0.2692307692307692,0.47885234175519253,1,1,Other,0.0,0.0,0.0,0
-0.5,0.3505955979564313,0,1,Other,0.0,0.0,0.0,0
-0.23076923076923078,0.19887368982844034,0,1,Other,0.0,0.0,0.0,0
-0.23076923076923078,0.19942289337257482,1,1,Other,0.0,0.0,1.0,0
0.8846153846153846,0.38658614634059923,1,1,Elite,0.0,1.0,0.0,1
-0.9615384615384616,-0.2136933273983918,0,1,Other,0.0,1.0,0.0,0
-0.4230769230769231,0.0474795322025941,0,1,Other,0.0,0.0,1.0,0
-0.2692307692307692,0.028071387602615804,1,1,Other,0.0,1.0,0.0,0
-0.7307692307692307,0.014146420322302757,0,1,Other,0.0,1.0,0.0,0
-0.34615384615384615,-0.6754583524336583,0,0,Other,0.0,1.0,0.0,0
0.07692307692307693,0.15958792017946555,0,1,Other,0.0,1.0,0.0,0
-0.9615384615384616,0.10395005790997049,1,1,Other,0.0,0.0,1.0,0
-0.5,-0.1258030440935152,0,1,Other,0.0,0.0,1.0,0
0.5,-0.6754583524336583,1,0,Other,0.0,0.0,1.0,0
-0.9615384615384616,0.24079917973793247,0,1,Other,1.0,0.0,0.0,0
0.19230769230769232,-0.15215595609029084,1,1,Elite,0.0,0.0,1.0,1
-0.9230769230769231,-0.12750380345599618,1,1,Other,0.0,0.0,0.0,0
-0.5,-0.6754583524336583,1,0,Other,0.0,1.0,0.0,0
0.5769230769230769,0.2607476697603657,1,1,Other,0.0,0.0,1.0,0
0.5384615384615384,-0.6754583524336583,0,0,Strong,0.0,1.0,0.0,0
0.3076923076923077,-0.055992187136678605,1,1,Elite,0.0,1.0,0.0,1
0.6923076923076923,0.24723017607731368,1,1,Other,0.0,0.0,1.0,1
0.46153846153846156,0.5898180320353971,0,1,Other,0.0,0.0,0.0,0
0.15384615384615385,0.23798229704382334,1,1,Other,0.0,0.0,0.0,0
0.19230769230769232,-0.6754583524336583,0,0,Other,0.0,1.0,0.0,0
0.7692307692307693,0.09490591567511067,1,1,Other,0.0,0.0,1.0,1
-0.2692307692307692,0.5054444230373171,0,1,Other,0.0,1.0,0.0,0
-0.2692307692307692,0.27794128394044687,1,1,Other,0.0,0.0,0.0,0
-0.19230769230769232,-0.6754583524336583,0,0,Other,1.0,0.0,0.0,0
0.8846153846153846,-0.10728956978317533,1,1,Other,0.0,1.0,0.0,1
0.038461538461538464,-0.24686699308845056,0,1,Elite,0.0,1.0,0.0,0
0.4230769230769231,-0.08432931838968206,0,1,Other,1.0,0.0,0.0,0
0.8461538461538461,-0.6754583524336583,1,1,Strong,1.0,0.0,0.0,1
-0.5,0.10867143676519113,1,1,Other,1.0,0.0,0.0,0
0.038461538461538464,0.1564078544964933,1,1,Other,0.0,0.0,1.0,0
0.19230769230769232,0.4549354132203037,0,1,Other,0.0,0.0,1.0,0
0.2692307692307692,0.23551973921689776,0,0,Other,0.0,0.0,0.0,0
-0.8076923076923077,-0.22503172314826503,1,1,Other,0.0,0.0,1.0,0
0.038461538461538464,-0.1425183197028986,1,1,Other,0.0,0.0,1.0,0
-0.11538461538461539,-0.6754583524336583,1,0,Other,0.0,0.0,1.0,0
-0.07692307692307693,-0.07480683758412447,0,0,Other,0.0,1.0,0.0,0
0.038461538461538464,0.22940763525798172,1,1,Other,1.0,0.0,0.0,0
-0.6923076923076923,0.20396710979420368,0,1,Other,0.0,0.0,0.0,0
-0.5,0.16841060937233565,1,1,Strong,0.0,0.0,0.0,0
-0.07692307692307693,0.2880484007768573,1,1,Other,0.0,1.0,0.0,0
-0.6923076923076923,-0.6754583524336583,1,0,Other,1.0,0.0,0.0,0
0.8461538461538461,-0.6754583524336583,1,1,Other,0.0,0.0,0.0,1
0.5384615384615384,0.09628778265712647,0,1,Other,0.0,0.0,0.0,0
-0.038461538461538464,-0.14118074332928074,0,0,Other,1.0,0.0,0.0,0
-0.6923076923076923,-0.6754583524336583,0,0,Other,0.0,0.0,0.0,0
-0.5769230769230769,0.3114958488627279,0,1,Other,0.0,1.0,0.0,0
0.19230769230769232,0.07111300084373609,0,1,Other,1.0,0.0,0.0,0
-0.5384615384615384,-0.6754583524336583,1,0,Other,0.0,1.0,0.0,0
-0.6923076923076923,0.20394939355084452,0,1,Other,0.0,0.0,1.0,0
-0.6153846153846154,-0.09781137958601568,1,1,Other,0.0,0.0,1.0,0
-0.07692307692307693,0.17760533967574846,1,0,Elite,0.0,0.0,0.0,0
0.2692307692307692,0.28584272847863973,1,1,Other,1.0,0.0,0.0,1
-0.23076923076923078,-0.6754583524336583,0,0,Other,0.0,0.0,0.0,0
0.11538461538461539,0.2617220631451204,1,1,Other,1.0,0.0,0.0,0
-0.8076923076923077,-0.6754583524336583,0,0,Other,0.0,1.0,0.0,0
-0.8461538461538461,0.18852740370668103,1,1,Other,1.0,0.0,0.0,0
0.34615384615384615,0.3880477364177313,1,1,Other,1.0,0.0,0.0,1
-0.07692307692307693,-0.6754583524336583,0,0,Other,0.0,1.0,0.0,0
-0.23076923076923078,0.3165626944634525,0,1,Other,0.0,1.0,0.0,0
0.6538461538461539,-0.2957018179080217,1,1,Other,0.0,0.0,1.0,1
-0.3076923076923077,0.484007768572713,1,1,Other,0.0,1.0,0.0,0
0.4230769230769231,0.33480156700172514,1,1,Elite,0.0,0.0,0.0,1
-0.5384615384615384,-0.018637488013854103,0,1,Other,0.0,1.0,0.0,0
0.7307692307692307,0.526969658718717,1,1,Elite,1.0,0.0,0.0,1
-0.6923076923076923,-0.6754583524336583,1,0,Other,0.0,1.0,0.0,0
-0.6538461538461539,-0.08927215028689242,1,1,Other,0.0,0.0,0.0,0
-0.38461538461538464,0.6076671472197678,1,1,Other,0.0,0.0,0.0,0
-0.38461538461538464,-0.1440419166317878,0,1,Other,0.0,0.0,0.0,0
0.07692307692307693,0.39121894397902396,0,1,Other,0.0,1.0,0.0,0
0.46153846153846156,0.4100778850348678,0,1,Other,0.0,1.0,0.0,0
-0.46153846153846156,0.5003598611932333,0,1,Strong,0.0,1.0,0.0,0
0.34615384615384615,0.18183952183859173,1,0,Other,0.0,0.0,1.0,0
0.34615384615384615,0.2626964565298751,1,1,Elite,0.0,0.0,0.0,0
-0.4230769230769231,0.04920686593011385,1,1,Other,1.0,0.0,0.0,0
-0.6538461538461539,-0.3067656118858277,0,1,Other,0.0,0.0,0.0,0
0.2692307692307692,-0.6754583524336583,1,0,Other,0.0,0.0,0.0,0
-0.9230769230769231,0.2233486800291432,0,1,Other,1.0,0.0,0.0,0
0.9230769230769231,0.025670836627447333,1,1,Other,1.0,0.0,0.0,1
-0.6923076923076923,-0.17509849124042492,0,0,Strong,0.0,0.0,0.0,0
0.3076923076923077,0.5488403611456208,1,0,Other,0.0,1.0,0.0,0
0.8076923076923077,0.24547626798475516,1,1,Other,0.0,1.0,0.0,1
0.19230769230769232,-0.16690472868680561,1,0,Strong,0.0,1.0,0.0,0
-0.6923076923076923,0.04871966923773648,1,1,Other,0.0,0.0,0.0,0
0.46153846153846156,0.45924046035658367,0,1,Other,1.0,0.0,0.0,0
-0.4230769230769231,-0.6754583524336583,1,0,Other,0.0,0.0,0.0,0
-0.5769230769230769,-0.6754583524336583,0,0,Other,0.0,1.0,0.0,0
-0.15384615384615385,0.00783057956475619,0,1,Strong,0.0,0.0,0.0,0
-0.6538461538461539,0.45398759420058776,1,1,Other,0.0,0.0,1.0,0
-0.7692307692307693,0.2613411639128981,1,1,Other,0.0,0.0,0.0,0
-0.46153846153846156,0.566574320748157,1,1,Other,1.0,0.0,0.0,0
-0.11538461538461539,0.39575430227897324,1,1,Strong,0.0,1.0,0.0,0
-0.5384615384615384,-0.6754583524336583,0,0,Other,1.0,0.0,0.0,0
-0.6923076923076923,-0.12497038065563387,0,1,Other,1.0,0.0,0.0,0
0.2692307692307692,0.1729548257939645,0,1,Other,0.0,1.0,0.0,0
-0.038461538461538464,0.41003359442646986,0,1,Other,0.0,1.0,0.0,0
-0.07692307692307693,0.3421892404825019,1,1,Other,0.0,1.0,0.0,0
0.038461538461538464,-0.6754583524336583,1,0,Strong,0.0,0.0,0.0,0
-0.6923076923076923,0.36368790179886307,1,1,Other,1.0,0.0,0.0,0
0.15384615384615385,0.5126106434761041,1,1,Other,1.0,0.0,0.0,0
0.5384615384615384,0.3493908934080073,1,1,Other,0.0,1.0,0.0,0
-0.5769230769230769,0.1273266410224044,0,1,Other,0.0,0.0,0.0,0
-0.7692307692307693,0.34155145572157153,1,1,Other,0.0,0.0,0.0,0
-0.15384615384615385,-0.16644410635946702,1,1,Other,0.0,1.0,0.0,0
0.23076923076923078,-0.22663504317227054,1,1,Other,0.0,0.0,0.0,0
-0.5,-0.6754583524336583,0,0,Other,0.0,0.0,0.0,0
-0.9615384615384616,-0.6754583524336583,0,0,Other,0.0,0.0,1.0,0
0.5769230769230769,-0.006050097107158913,0,0,Other,0.0,0.0,1.0,0
0.9230769230769231,-0.04697461926685756,1,1,Other,0.0,1.0,0.0,1
-0.34615384615384615,-0.10244417722444045,1,1,Strong,0.0,0.0,0.0,0
-0.46153846153846156,-0.17749018409391382,0,1,Elite,0.0,0.0,1.0,0
-0.38461538461538464,0.4740335235614964,1,1,Other,0.0,1.0,0.0,0
-0.6153846153846154,0.4655917336008486,0,1,Other,0.0,1.0,0.0,0
-0.7307692307692307,0.2544495452461783,1,1,Other,0.0,0.0,0.0,0
0.11538461538461539,-0.6754583524336583,0,0,Other,1.0,0.0,0.0,0
-0.5,-0.2350236844028408,1,1,Other,1.0,0.0,0.0,0
-0.8461538461538461,-0.027203291678016134,1,1,Other,0.0,0.0,0.0,0
-0.5384615384615384,-0.2806341529310417,1,1,Other,0.0,1.0,0.0,0
-0.23076923076923078,-0.036141136452720886,0,1,Other,0.0,0.0,1.0,0
-0.3076923076923077,0.6513731195868572,1,0,Other,0.0,0.0,0.0,0
-0.3076923076923077,0.30983938010864487,1,1,Other,0.0,1.0,0.0,0
0.6153846153846154,-0.251118891494653,1,1,Elite,1.0,0.0,0.0,1
0.038461538461538464,0.2694197708846828,0,1,Other,0.0,0.0,1.0,0
-0.5,-0.6754583524336583,1,0,Other,1.0,0.0,0.0,0
-0.23076923076923078,-0.292831786483835,0,1,Other,0.0,1.0,0.0,0
0.9230769230769231,-0.30118499522768694,1,1,Other,0.0,0.0,0.0,1
0.5384615384615384,-0.6754583524336583,0,0,Other,0.0,0.0,0.0,0
-0.7307692307692307,0.07532060864154061,1,1,Other,1.0,0.0,0.0,0
0.34615384615384615,-0.6754583524336583,0,0,Other,0.0,0.0,0.0,0
0.34615384615384615,0.2753724286533662,1,1,Other,1.0,0.0,0.0,0
0.8076923076923077,0.2852049437177094,1,1,Other,0.0,0.0,0.0,1
-0.19230769230769232,-0.6754583524336583,1,0,Strong,1.0,0.0,0.0,0
0.6923076923076923,0.08477222447366148,1,1,Other,0.0,0.0,1.0,1
0.5384615384615384,-0.2208949803238972,0,1,Other,1.0,0.0,0.0,0
0.2692307692307692,-0.18318595633388918,1,1,Elite,0.0,0.0,0.0,1
-0.7307692307692307,0.2523590285297954,0,1,Other,0.0,1.0,0.0,0
-0.7307692307692307,-0.6754583524336583,1,0,Other,0.0,0.0,0.0,0
0.07692307692307693,0.2086353399193468,0,1,Other,0.0,0.0,1.0,0
0.5384615384615384,0.36911793038845075,1,1,Other,0.0,1.0,0.0,0
0.3076923076923077,0.20753693283107782,1,1,Other,0.0,1.0,0.0,1
-0.7307692307692307,-0.6754583524336583,0,0,Other,1.0,0.0,0.0,0
0.2692307692307692,0.20875049550118147,0,1,Other,1.0,0.0,0.0,0
0.6153846153846154,0.326474932622912,1,1,Other,0.0,1.0,0.0,1
-0.5,-0.6754583524336583,0,0,Strong,0.0,1.0,0.0,0
0.34615384615384615,-0.0836826755070721,1,1,Elite,1.0,0.0,0.0,0
-0.11538461538461539,0.36546838425646033,0,0,Other,0.0,1.0,0.0,0
-0.34615384615384615,0.402690211554091,0,1,Other,0.0,1.0,0.0,0
0.34615384615384615,0.033324253758611755,1,0,Other,0.0,0.0,1.0,0
-0.6153846153846154,0.44677708315340275,0,1,Other,1.0,0.0,0.0,0
-0.8076923076923077,-0.04473351448192168,1,1,Other,0.0,1.0,0.0,0
-0.38461538461538464,0.581553404508341,0,1,Other,1.0,0.0,0.0,0
0.07692307692307693,0.3945584558522288,0,1,Elite,0.0,1.0,0.0,0
0.15384615384615385,-0.2330217489032538,0,1,Other,0.0,0.0,1.0,0
-0.7692307692307693,-0.04336050562158547,0,0,Other,0.0,0.0,0.0,0
-0.038461538461538464,-0.6754583524336583,0,0,Other,0.0,0.0,0.0,0
-0.5,-0.21905249101454283,0,1,Other,0.0,1.0,0.0,0
-0.7692307692307693,0.35620278897961083,0,1,Other,0.0,0.0,0.0,0
0.11538461538461539,0.040703069117708934,0,1,Other,0.0,0.0,0.0,0
-0.5769230769230769,-0.6754583524336583,0,0,Other,0.0,0.0,0.0,0
-0.8076923076923077,-0.10534078301366587,0,1,Other,0.0,1.0,0.0,0
-0.6538461538461539,-0.6754583524336583,1,0,Other,0.0,0.0,1.0,0
0.9230769230769231,-0.05553156480934,1,1,Elite,1.0,0.0,0.0,1
-0.6923076923076923,0.42156686885329403,1,1,Strong,0.0,1.0,0.0,0
0.5769230769230769,0.00938075085868417,1,1,Other,0.0,1.0,0.0,1
0.4230769230769231,0.18819079508285666,0,1,Other,0.0,1.0,0.0,0
-0.5384615384615384,-0.6754583524336583,1,0,Other,0.0,0.0,1.0,0
-0.46153846153846156,0.22187823183033153,0,1,Strong,0.0,1.0,0.0,0
0.6538461538461539,-0.13994060629413835,1,1,Strong,0.0,0.0,1.0,1
-0.8846153846153846,0.2592860796832336,1,1,Strong,0.0,0.0,1.0,0
0.8461538461538461,-0.28516951123099105,1,1,Other,0.0,0.0,0.0,1
0.8846153846153846,-0.6754583524336583,1,1,Other,0.0,0.0,0.0,1
0.5,-0.15330751190863734,0,1,Other,0.0,1.0,0.0,0
-0.5,0.05697543864311292,0,1,Other,1.0,0.0,0.0,0
-0.7307692307692307,0.6525778241352812,1,1,Other,0.0,0.0,1.0,0
0.3076923076923077,-0.6754583524336583,1,0,Other,0.0,0.0,0.0,0
-0.6923076923076923,0.07442593835190217,1,1,Other,0.0,1.0,0.0,0
0.7307692307692307,0.2262630020617278,1,1,Other,0.0,1.0,0.0,1
0.6923076923076923,0.14418364657866123,1,1,Elite,1.0,0.0,0.0,1
-0.5,-0.008672101124317095,0,1,Other,0.0,0.0,1.0,0
-0.038461538461538464,-0.6754583524336583,1,0,Other,0.0,1.0,0.0,0
0.0,-0.6754583524336583,1,0,Strong,0.0,0.0,0.0,0
-0.4230769230769231,0.3359619809417512,1,1,Other,0.0,0.0,1.0,0
-0.5384615384615384,0.2875523459628003,0,1,Other,1.0,0.0,0.0,0
0.9230769230769231,0.6508947810161594,1,1,Other,0.0,0.0,0.0,1
-0.19230769230769232,-0.6754583524336583,0,0,Other,0.0,0.0,1.0,0
0.6923076923076923,-0.168897806064713,1,1,Other,1.0,0.0,0.0,1
0.34615384615384615,-0.2183084087934574,1,1,Other,0.0,1.0,0.0,0
0.038461538461538464,0.3695785527157894,0,1,Other,1.0,0.0,0.0,0
-0.4230769230769231,-0.25347515186142355,1,1,Other,0.0,0.0,0.0,0
-0.6153846153846154,0.5392027247582286,1,1,Strong,0.0,1.0,0.0,0
-0.38461538461538464,0.16998735503130238,1,1,Other,1.0,0.0,0.0,0
0.6153846153846154,0.6386528568549682,1,1,Other,0.0,1.0,0.0,1
-0.6153846153846154,-0.6754583524336583,1,0,Other,0.0,0.0,0.0,0
0.3076923076923077,-0.6754583524336583,0,0,Strong,0.0,1.0,0.0,0
0.46153846153846156,-0.6754583524336583,1,1,Elite,0.0,0.0,1.0,1
0.5769230769230769,0.19200864552675928,0,1,Elite,0.0,0.0,0.0,0
0.8076923076923077,-0.6754583524336583,1,1,Other,1.0,0.0,0.0,1
0.9230769230769231,0.3975790753449685,1,1,Other,0.0,0.0,0.0,1
-0.34615384615384615,-0.6754583524336583,0,0,Other,0.0,1.0,0.0,0
-0.38461538461538464,-0.26659403006889404,1,1,Other,0.0,0.0,1.0,0
-0.038461538461538464,0.5752021312640762,0,0,Other,0.0,0.0,0.0,0
-0.2692307692307692,0.0565325325591335,0,1,Other,1.0,0.0,0.0,0
0.6923076923076923,0.22369414677464716,1,1,Elite,1.0,0.0,0.0,1
-0.2692307692307692,0.4394248421593443,0,1,Strong,0.0,0.0,1.0,0
-0.46153846153846156,0.4089883360682784,0,1,Other,0.0,0.0,1.0,0
-0.8076923076923077,0.22670590814570724,0,1,Other,1.0,0.0,0.0,0
-0.6923076923076923,-0.6754583524336583,0,0,Other,0.0,0.0,1.0,0
-0.8461538461538461,0.44791978085006967,1,1,Other,1.0,0.0,0.0,0
-0.19230769230769232,0.3113186864291361,1,1,Other,0.0,0.0,0.0,0
0.9230769230769231,-0.21589014157492975,1,1,Other,0.0,0.0,0.0,1
-0.2692307692307692,-0.6754583524336583,0,0,Strong,0.0,1.0,0.0,0
-0.07692307692307693,-0.16977476011099227,0,1,Other,1.0,0.0,0.0,0
-0.6923076923076923,-0.09954757143521502,0,1,Other,0.0,0.0,0.0,0
-0.5384615384615384,-0.1679056964365991,1,1,Other,0.0,0.0,1.0,0
0.5384615384615384,0.04817932381528159,0,1,Other,0.0,1.0,0.0,0
-0.9230769230769231,0.55445641029048,0,0,Other,0.0,0.0,1.0,0
0.7307692307692307,0.2466809725331792,1,1,Elite,0.0,0.0,1.0,1
-0.38461538461538464,-0.6754583524336583,0,0,Other,0.0,1.0,0.0,0
0.19230769230769232,0.048161607571922414,0,1,Other,0.0,0.0,0.0,0
0.3076923076923077,-0.6754583524336583,0,0,Other,0.0,0.0,0.0,0
0.34615384615384615,-0.14793949017080674,1,1,Other,0.0,0.0,1.0,0
0.23076923076923078,-0.20829873129552245,0,1,Other,1.0,0.0,0.0,0
0.19230769230769232,-0.26994240006377845,0,1,Other,0.0,1.0,0.0,0
0.8846153846153846,0.44791978085006967,1,1,Other,0.0,0.0,1.0,1
-0.23076923076923078,-0.6754583524336583,1,0,Other,0.0,0.0,0.0,0
0.6538461538461539,0.34062135294521473,1,1,Other,0.0,0.0,0.0,1
-0.15384615384615385,-0.20202718114637383,0,1,Other,0.0,1.0,0.0,0
-0.8076923076923077,-0.12359737179529767,1,1,Strong,1.0,0.0,0.0,0
0.8076923076923077,0.46172073442686845,1,1,Other,1.0,0.0,0.0,1
0.5,0.5499387682338899,0,1,Other,0.0,0.0,0.0,0
-0.6923076923076923,0.29518804685060557,1,1,Strong,0.0,1.0,0.0,0
0.46153846153846156,-0.6754583524336583,0,0,Other,1.0,0.0,0.0,0
0.6923076923076923,0.6074014035693801,1,1,Strong,0.0,0.0,1.0,1
0.07692307692307693,0.05903052287277744,1,0,Other,1.0,0.0,0.0,0
-0.5384615384615384,-0.19120255645391673,0,1,Other,0.0,0.0,1.0,0
0.8076923076923077,-0.11522644680808658,1,1,Elite,0.0,0.0,1.0,1
-0.5769230769230769,0.045238427417658225,0,1,Other,0.0,0.0,0.0,0
0.19230769230769232,-0.1700582200047391,0,1,Strong,0.0,1.0,0.0,0
-0.19230769230769232,-0.009557913292275939,1,1,Other,0.0,0.0,1.0,0
0.7307692307692307,0.053706791743344785,1,1,Other,0.0,0.0,1.0,1
-0.4230769230769231,0.31030000243598344,0,1,Other,0.0,0.0,1.0,0
-0.2692307692307692,0.4905893529806472,1,1,Other,0.0,0.0,0.0,0
0.0,0.02442184147062536,0,1,Strong,1.0,0.0,0.0,0
0.6538461538461539,0.36544180989142155,1,1,Elite,0.0,0.0,1.0,1
-0.15384615384615385,-0.09524252429893504,0,1,Other,0.0,0.0,0.0,0
0.8076923076923077,0.5944065390654238,1,1,Other,0.0,0.0,0.0,1
0.6538461538461539,-0.21429567967260382,1,1,Other,1.0,0.0,0.0,1
0.038461538461538464,0.3621908792350126,1,1,Other,0.0,0.0,1.0,0
-0.5769230769230769,0.5481317114112538,0,1,Other,0.0,1.0,0.0,0
-0.23076923076923078,-0.2986958630357226,1,1,Other,1.0,0.0,0.0,0
-0.5,-0.6754583524336583,0,0,Other,0.0,0.0,1.0,0
-0.34615384615384615,0.2638657285915808,0,1,Elite,1.0,0.0,0.0,0
0.5384615384615384,0.19234525415058365,0,1,Other,1.0,0.0,0.0,0
-0.8846153846153846,0.04261642340050004,0,1,Elite,0.0,0.0,0.0,0
0.0,-0.6754583524336583,0,0,Other,1.0,0.0,0.0,0
0.6153846153846154,0.23704333614578696,1,1,Other,0.0,1.0,0.0,1
0.07692307692307693,0.06574497910590549,1,1,Other,1.0,0.0,0.0,0
-0.9615384615384616,0.3685421524792775,1,1,Strong,0.0,1.0,0.0,0
0.38461538461538464,-0.6754583524336583,0,0,Other,1.0,0.0,0.0,0
-0.8461538461538461,-0.6754583524336583,0,0,Other,0.0,0.0,1.0,0
0.8461538461538461,0.22410162037190823,1,1,Other,0.0,1.0,0.0,1
0.3076923076923077,0.38332635756251066,0,1,Elite,0.0,0.0,0.0,0
-0.8076923076923077,-0.6754583524336583,0,0,Strong,1.0,0.0,0.0,0
0.23076923076923078,-0.6754583524336583,0,0,Other,0.0,0.0,1.0,0
-0.19230769230769232,0.5413375320830095,1,1,Other,0.0,0.0,1.0,0
0.2692307692307692,-0.009256737155169932,0,1,Other,0.0,1.0,0.0,0
-0.2692307692307692,-0.045096697470784805,1,1,Other,0.0,0.0,0.0,0
0.23076923076923078,-0.13744261598049443,0,1,Other,1.0,0.0,0.0,0
-0.7692307692307693,0.2809619034331865,1,1,Elite,0.0,0.0,0.0,0
-0.46153846153846156,-0.6754583524336583,0,0,Elite,0.0,0.0,0.0,0
0.07692307692307693,0.009699643239149354,0,1,Other,0.0,1.0,0.0,0
-0.6923076923076923,-0.6754583524336583,0,0,Elite,0.0,1.0,0.0,0
-0.8076923076923077,-0.6754583524336583,0,0,Other,1.0,0.0,0.0,0
-0.8461538461538461,0.5665477463831182,1,1,Other,1.0,0.0,0.0,0
-0.2692307692307692,-0.6754583524336583,0,0,Other,0.0,0.0,1.0,0
0.3076923076923077,0.5948228707843646,1,1,Elite,0.0,0.0,1.0,1
-0.38461538461538464,-0.03716867856755314,0,1,Other,0.0,1.0,0.0,0
0.19230769230769232,0.38918157599271863,0,1,Strong,0.0,0.0,1.0,0
0.38461538461538464,-0.6754583524336583,1,0,Other,0.0,0.0,0.0,0
-0.4230769230769231,-0.6754583524336583,0,0,Strong,0.0,0.0,0.0,0
-0.6538461538461539,0.31130982830745657,0,1,Other,0.0,1.0,0.0,0
0.2692307692307692,-0.21893733543270816,1,1,Elite,0.0,0.0,1.0,1
0.6538461538461539,-0.03176522434300419,1,1,Elite,0.0,0.0,1.0,1
0.6153846153846154,0.6231954345240863,1,1,Elite,1.0,0.0,0.0,1
-0.23076923076923078,-0.6754583524336583,0,0,Strong,1.0,0.0,0.0,0
-0.4230769230769231,-0.15518543370471008,1,1,Other,1.0,0.0,0.0,0
0.2692307692307692,0.5032653251041382,1,1,Other,0.0,0.0,1.0,1
0.8076923076923077,-0.08138842199205869,1,1,Other,1.0,0.0,0.0,1
0.0,0.6398132707949943,0,1,Other,0.0,1.0,0.0,0
0.38461538461538464,0.2809353290681477,0,0,Other,0.0,0.0,1.0,0
0.8461538461538461,0.42407371728861754,1,1,Other,0.0,0.0,0.0,1
0.19230769230769232,0.38485881261307947,1,1,Elite,0.0,0.0,0.0,1
0.6538461538461539,-0.11710436860415933,1,1,Strong,0.0,0.0,1.0,1
0.38461538461538464,0.31805971702730296,0,1,Other,0.0,0.0,1.0,0
0.15384615384615385,0.2857098566534459,1,1,Other,0.0,1.0,0.0,0
-0.5769230769230769,0.35211919488532056,0,1,Elite,0.0,0.0,1.0,0
0.8846153846153846,0.5900660594424255,1,1,Strong,0.0,1.0,0.0,1
-0.38461538461538464,0.4198838257341722,1,1,Other,1.0,0.0,0.0,0
0.5,0.4103436286852554,0,1,Other,0.0,0.0,0.0,0
-0.8846153846153846,0.5276694503314044,0,1,Other,1.0,0.0,0.0,0
0.038461538461538464,0.17438984150605785,1,1,Other,0.0,0.0,0.0,0
0.19230769230769232,-0.17124520830980394,1,0,Other,0.0,0.0,0.0,0
-0.6923076923076923,0.6475375528995954,1,1,Other,0.0,0.0,0.0,0
0.8846153846153846,0.12462491391012992,1,1,Other,0.0,1.0,0.0,1
-0.9230769230769231,-0.007635700887805246,0,1,Other,0.0,1.0,0.0,0
0.15384615384615385,-0.2659296709429249,1,1,Other,0.0,0.0,0.0,0
-0.34615384615384615,0.21288723832554926,1,1,Other,0.0,0.0,0.0,0
-0.8461538461538461,-0.030542803551220982,0,1,Other,0.0,0.0,1.0,0
0.6153846153846154,-0.6754583524336583,1,1,Other,0.0,0.0,1.0,1
0.5,-0.13758434592736782,0,1,Other,0.0,1.0,0.0,0
0.11538461538461539,-0.6754583524336583,0,0,Strong,1.0,0.0,0.0,0
0.15384615384615385,0.5639611748526784,1,1,Other,0.0,0.0,1.0,0
0.8076923076923077,0.04927773090355056,1,1,Other,0.0,0.0,1.0,1
0.8461538461538461,0.338699140540744,1,1,Other,1.0,0.0,0.0,1
-0.7692307692307693,0.1469562386643724,0,0,Other,0.0,1.0,0.0,0
0.5,0.5827403928134058,0,1,Other,0.0,0.0,1.0,0
0.7307692307692307,-0.3100254006639162,1,1,Elite,0.0,0.0,1.0,1
-0.5384615384615384,-0.6754583524336583,0,0,Other,0.0,0.0,0.0,0
-0.7307692307692307,0.5726067016119567,0,1,Other,0.0,0.0,0.0,0
0.5769230769230769,-0.6754583524336583,1,0,Other,0.0,1.0,0.0,0
0.6923076923076923,0.5050900981701335,1,1,Elite,0.0,0.0,1.0,1
-0.4230769230769231,0.4479286389717492,1,1,Other,1.0,0.0,0.0,0
0.46153846153846156,0.1393648283849651,1,1,Other,0.0,0.0,1.0,0
0.23076923076923078,-0.6754583524336583,0,0,Other,0.0,1.0,0.0,0
-0.38461538461538464,0.12866421739602227,1,0,Elite,1.0,0.0,0.0,0
0.7692307692307693,0.31674871501872387,1,1,Elite,0.0,0.0,1.0,1
-0.38461538461538464,-0.6754583524336583,1,0,Other,0.0,0.0,1.0,0
0.8076923076923077,0.12371252737713231,1,1,Other,0.0,1.0,0.0,1
-0.6153846153846154,0.44716684050730465,0,1,Other,0.0,0.0,0.0,0
-0.2692307692307692,-0.019470151451735418,1,1,Other,1.0,0.0,0.0,0
0.6538461538461539,0.0790853103553657,1,1,Other,0.0,1.0,0.0,1
0.8076923076923077,-0.2337215405159413,1,1,Elite,0.0,0.0,1.0,1
0.23076923076923078,0.5730141752092177,1,1,Other,0.0,1.0,0.0,1
-0.6923076923076923,0.12268498526230005,1,1,Other,0.0,1.0,0.0,0
0.8076923076923077,-0.2393110152957616,1,1,Other,0.0,0.0,0.0,1
0.8846153846153846,0.34181719937195915,1,1,Other,0.0,0.0,0.0,1
0.6923076923076923,-0.16666555940145672,1,1,Elite,0.0,0.0,1.0,1
-0.7307692307692307,0.05912796221125292,0,1,Other,0.0,0.0,1.0,0
-0.8461538461538461,-0.1706517141572715,0,1,Other,1.0,0.0,0.0,0
0.038461538461538464,0.21827297630673903,0,1,Other,0.0,0.0,0.0,0
-0.8076923076923077,-0.6754583524336583,0,0,Other,1.0,0.0,0.0,0
-0.34615384615384615,-0.6754583524336583,1,0,Other,0.0,0.0,1.0,0
-0.8846153846153846,-0.032296711643779494,0,1,Other,1.0,0.0,0.0,0
-0.8846153846153846,0.5933435644638733,1,1,Other,0.0,0.0,1.0,0
0.8846153846153846,-0.05228063415293104,1,1,Other,1.0,0.0,0.0,1
-0.5,0.5268987937452803,0,1,Other,0.0,0.0,1.0,0
0.6538461538461539,0.4929544714690973,1,1,Other,0.0,1.0,0.0,1
0.8076923076923077,-0.06858843616505338,1,1,Strong,0.0,1.0,0.0,1
-0.15384615384615385,0.3160400652843568,1,1,Other,1.0,0.0,0.0,0
0.38461538461538464,0.5527910834147173,0,1,Other,0.0,0.0,1.0,0
-0.3076923076923077,-0.041783759962618724,0,1,Other,0.0,1.0,0.0,0
0.6153846153846154,0.28714487236553926,1,1,Elite,0.0,0.0,0.0,1
-0.5384615384615384,0.008875837922947629,1,1,Other,0.0,0.0,1.0,0
0.6153846153846154,-0.6754583524336583,1,1,Other,0.0,0.0,1.0,1
-0.8076923076923077,-0.6754583524336583,1,0,Other,1.0,0.0,0.0,0
-0.6153846153846154,-0.6754583524336583,1,0,Other,0.0,0.0,1.0,0
0.07692307692307693,0.37465425643819356,0,1,Other,0.0,0.0,0.0,0
0.2692307692307692,-0.6754583524336583,0,0,Other,0.0,0.0,1.0,0
0.5384615384615384,-0.2738311154811178,1,1,Other,0.0,0.0,0.0,0
0.38461538461538464,0.4853807774330492,0,1,Strong,0.0,0.0,1.0,0
0.0,0.06741030598166811,0,1,Other,0.0,1.0,0.0,0
-0.6923076923076923,-0.12838075750227543,1,1,Other,0.0,1.0,0.0,0
0.4230769230769231,0.19419660158161764,0,1,Other,0.0,0.0,1.0,0
-0.8461538461538461,0.009159297816694459,1,1,Other,0.0,1.0,0.0,0
0.6923076923076923,0.5051521050218907,1,1,Other,1.0,0.0,0.0,1
0.4230769230769231,0.6057183604502583,0,1,Other,0.0,1.0,0.0,0
0.9230769230769231,0.5370944917984866,1,1,Other,0.0,0.0,1.0,1
0.4230769230769231,0.044078013477632134,0,1,Other,1.0,0.0,0.0,0
-0.6538461538461539,0.2171479948534313,0,0,Other,1.0,0.0,0.0,0
-0.8076923076923077,-0.0832929181531702,1,1,Other,0.0,1.0,0.0,0
0.5769230769230769,0.5276428759663657,1,1,Elite,0.0,0.0,1.0,1
0.4230769230769231,-0.6754583524336583,0,0,Other,0.0,1.0,0.0,0
-0.19230769230769232,0.6130971758093555,1,1,Other,1.0,0.0,0.0,0
-0.38461538461538464,-0.036123420209361705,1,1,Other,0.0,1.0,0.0,0
-0.23076923076923078,0.276754295635382,0,1,Other,1.0,0.0,0.0,0
0.6538461538461539,0.1642827246696474,1,1,Other,0.0,1.0,0.0,1
-0.19230769230769232,0.07968766262957772,0,1,Other,0.0,0.0,1.0,0
-0.7692307692307693,0.19704005864076551,1,1,Other,1.0,0.0,0.0,0
0.038461538461538464,0.2049592194223176,1,1,Other,0.0,1.0,0.0,0
0.15384615384615385,0.28546182924641744,1,1,Other,1.0,0.0,0.0,0
0.34615384615384615,-0.6754583524336583,1,0,Other,0.0,0.0,1.0,0
-0.4230769230769231,0.26712551736966933,0,1,Other,0.0,1.0,0.0,0
0.46153846153846156,0.4888443030097683,0,1,Other,1.0,0.0,0.0,0
0.34615384615384615,-0.6754583524336583,1,0,Other,0.0,0.0,1.0,0
0.6538461538461539,-0.6754583524336583,1,1,Elite,1.0,0.0,0.0,1
0.5384615384615384,0.5303800355653585,1,1,Other,0.0,0.0,0.0,1
0.5384615384615384,0.3713501770517071,1,1,Other,0.0,0.0,1.0,0
0.4230769230769231,-0.25119861458976933,0,1,Strong,0.0,1.0,0.0,0
-0.6923076923076923,0.44993943259301583,1,1,Other,0.0,0.0,1.0,0
0.3076923076923077,-0.6754583524336583,1,0,Other,0.0,1.0,0.0,0
-0.3076923076923077,0.05800298075794518,0,1,Other,0.0,1.0,0.0,0
0.7307692307692307,-0.6754583524336583,1,1,Other,1.0,0.0,0.0,1
0.5384615384615384,0.2343327509118329,0,1,Other,0.0,0.0,1.0,0
0.2692307692307692,0.3365820494593224,0,1,Other,1.0,0.0,0.0,0
-0.07692307692307693,0.5617643606761404,0,1,Other,0.0,0.0,1.0,0
0.5769230769230769,-0.1045524101841825,0,1,Strong,0.0,0.0,1.0,0
0.7307692307692307,0.19642884824487392,1,1,Elite,0.0,0.0,0.0,1
0.3076923076923077,-0.6754583524336583,0,0,Other,0.0,1.0,0.0,0
-0.9230769230769231,0.004012729120853569,0,1,Other,0.0,1.0,0.0,0
-0.6923076923076923,0.2320207811534603,1,1,Other,0.0,0.0,0.0,0
-0.07692307692307693,-0.2634671131159993,0,1,Other,0.0,0.0,1.0,0
-0.6538461538461539,0.37184623186576404,0,1,Other,0.0,1.0,0.0,0
-0.7692307692307693,-0.6754583524336583,0,0,Other,0.0,0.0,1.0,0
0.5769230769230769,0.3125676815859581,1,1,Other,0.0,0.0,0.0,1
0.7692307692307693,-0.09820113693991757,1,1,Other,1.0,0.0,0.0,1
-0.4230769230769231,-0.6754583524336583,0,0,Other,0.0,1.0,0.0,0
0.0,0.39859775933812114,0,0,Other,0.0,0.0,1.0,0
0.038461538461538464,0.19285902520799977,1,1,Other,0.0,1.0,0.0,0
-0.5,-0.03539705423163545,1,1,Other,0.0,0.0,1.0,0
0.5,-0.6754583524336583,1,1,Other,0.0,1.0,0.0,1
0.3076923076923077,0.21877788924247557,0,1,Other,0.0,0.0,0.0,0
0.4230769230769231,-0.16298943890442752,1,1,Strong,0.0,1.0,0.0,1
-0.8076923076923077,-0.6754583524336583,1,0,Other,0.0,1.0,0.0,0
0.46153846153846156,-0.06760518465861906,1,1,Other,0.0,0.0,1.0,0
-0.34615384615384615,0.07229113102712136,0,1,Other,0.0,1.0,0.0,0
0.15384615384615385,-0.6754583524336583,1,0,Other,0.0,0.0,0.0,0
-0.8846153846153846,-0.6754583524336583,1,0,Other,0.0,0.0,0.0,0
-0.3076923076923077,0.18213183985401815,0,1,Other,0.0,1.0,0.0,0
-0.46153846153846156,-0.276302531429723,1,1,Other,1.0,0.0,0.0,0
-0.11538461538461539,0.1729814001590033,1,1,Other,0.0,1.0,0.0,0
0.38461538461538464,-0.19834220252766502,1,1,Other,1.0,0.0,0.0,0
0.07692307692307693,-0.2186715917823205,0,1,Other,0.0,0.0,1.0,0
0.11538461538461539,-0.3111149496305056,1,1,Other,1.0,0.0,0.0,0
0.9230769230769231,0.0765430294333238,1,1,Strong,0.0,0.0,0.0,1
0.6153846153846154,0.5521798730188258,1,1,Other,0.0,0.0,1.0,1
0.07692307692307693,0.5378031415328537,0,1,Strong,0.0,0.0,1.0,0
0.46153846153846156,-0.04813503320688365,1,1,Elite,0.0,0.0,1.0,1
0.4230769230769231,0.6529852977325423,0,1,Other,0.0,0.0,0.0,0
-0.6923076923076923,-0.6754583524336583,1,0,Other,0.0,0.0,1.0,0
0.5,-0.04646970633112102,0,1,Other,0.0,1.0,0.0,0
0.5384615384615384,0.5960098590894294,0,1,Other,0.0,0.0,1.0,0
-0.34615384615384615,0.18810221386606077,1,1,Other,0.0,0.0,0.0,0
0.5,-0.6754583524336583,1,0,Other,1.0,0.0,0.0,0
0.8461538461538461,-0.6754583524336583,1,1,Strong,0.0,0.0,0.0,1
-0.15384615384615385,0.17169697251546295,0,1,Other,0.0,1.0,0.0,0
0.19230769230769232,0.33884087048761746,1,1,Other,0.0,1.0,0.0,0
-0.8461538461538461,0.18727840854985905,0,1,Other,0.0,0.0,1.0,0
0.8461538461538461,-0.6754583524336583,1,1,Other,0.0,1.0,0.0,1
0.6923076923076923,-0.6754583524336583,1,1,Elite,0.0,0.0,1.0,1
0.23076923076923078,0.08197305802291154,1,1,Other,0.0,0.0,1.0,0
0.23076923076923078,-0.6754583524336583,1,1,Other,0.0,1.0,0.0,1
0.8076923076923077,0.01903610348943558,1,1,Elite,0.0,0.0,0.0,1
0.4230769230769231,-0.6754583524336583,1,1,Other,1.0,0.0,0.0,1
-0.6538461538461539,0.27892453544688117,1,1,Other,0.0,0.0,0.0,0
-0.46153846153846156,0.4188297092543012,0,1,Other,1.0,0.0,0.0,0
-0.07692307692307693,0.5669906524670976,0,1,Other,1.0,0.0,0.0,0
0.7692307692307693,-0.6754583524336583,1,1,Elite,0.0,0.0,1.0,1
-0.8846153846153846,-0.2974114353921823,1,1,Other,0.0,0.0,1.0,0
-0.8846153846153846,0.6264906557888933,1,0,Other,1.0,0.0,0.0,0
0.19230769230769232,-0.6754583524336583,1,1,Strong,1.0,0.0,0.0,1
0.46153846153846156,0.14686765744757652,0,1,Other,0.0,0.0,0.0,0
-0.9615384615384616,-0.022791947081581086,1,1,Other,1.0,0.0,0.0,0
-0.23076923076923078,-0.6754583524336583,0,0,Other,0.0,1.0,0.0,0
0.23076923076923078,0.10953953268979079,0,1,Other,1.0,0.0,0.0,0
-0.9230769230769231,-0.030587094159618924,0,1,Other,1.0,0.0,0.0,0
0.6153846153846154,-0.6754583524336583,1,1,Other,0.0,1.0,0.0,1
0.2692307692307692,0.365282363701189,1,1,Other,0.0,0.0,0.0,0
0.6538461538461539,0.2812276470835742,1,1,Other,0.0,0.0,0.0,1
-0.038461538461538464,-0.6754583524336583,1,0,Other,1.0,0.0,0.0,0
0.8461538461538461,-0.28698542617530665,1,1,Strong,0.0,1.0,0.0,1
0.8846153846153846,-0.6754583524336583,1,1,Elite,1.0,0.0,0.0,1
-0.5769230769230769,0.08641983510606494,1,1,Other,0.0,0.0,1.0,0
-0.6923076923076923,-0.23012514311402837,0,1,Other,1.0,0.0,0.0,0
-0.5,-0.6754583524336583,1,0,Other,0.0,0.0,0.0,0
-0.23076923076923078,0.4091123497717926,0,1,Other,0.0,0.0,0.0,0
-0.4230769230769231,-0.3101139818807121,1,0,Elite,0.0,0.0,1.0,0
0.3076923076923077,0.6088275611597939,0,1,Strong,0.0,1.0,0.0,0
0.4230769230769231,-0.6754583524336583,0,0,Strong,0.0,0.0,1.0,0
-0.9615384615384616,-0.15504370375783666,0,1,Other,0.0,0.0,0.0,0
0.8076923076923077,0.20345333873678756,1,1,Other,0.0,0.0,1.0,1
-0.7307692307692307,0.641930361876416,0,1,Other,1.0,0.0,0.0,0
-0.2692307692307692,0.6235497593912699,1,1,Other,1.0,0.0,0.0,0
-0.9230769230769231,0.5071983311298756,1,1,Other,0.0,1.0,0.0,0
-0.8076923076923077,0.15359097180238415,0,1,Other,0.0,0.0,0.0,0
-0.5384615384615384,0.03814307195230787,1,0,Other,0.0,1.0,0.0,0
0.6538461538461539,-0.6754583524336583,1,1,Other,0.0,1.0,0.0,1
0.23076923076923078,-0.11411032347645843,0,1,Other,0.0,1.0,0.0,0
-0.38461538461538464,0.27601907153597616,1,1,Other,1.0,0.0,0.0,0
-0.8461538461538461,0.610182853776771,0,1,Other,0.0,1.0,0.0,0
-0.8846153846153846,-0.1308610315725602,0,1,Other,1.0,0.0,0.0,0
0.038461538461538464,0.09310771697415421,1,1,Other,0.0,0.0,0.0,0
0.11538461538461539,-0.07610012334934439,1,0,Strong,0.0,0.0,1.0,0
-0.2692307692307692,0.14933907339618172,1,1,Other,0.0,0.0,1.0,0
-0.11538461538461539,0.08497596127229201,1,1,Strong,0.0,0.0,0.0,0
-0.8076923076923077,-0.27218350484871434,1,1,Other,1.0,0.0,0.0,0
-0.38461538461538464,-0.6754583524336583,0,0,Other,0.0,0.0,1.0,0
0.46153846153846156,0.40218529861835445,0,0,Strong,0.0,0.0,0.0,0
-0.2692307692307692,0.5402479831164201,1,1,Other,0.0,0.0,0.0,0
0.5,-0.02420038842863565,0,1,Other,1.0,0.0,0.0,0
0.5,0.2410649233883201,1,0,Other,0.0,0.0,0.0,0
-0.5,-0.6754583524336583,1,0,Other,0.0,0.0,1.0,0
0.0,-0.6754583524336583,0,0,Strong,0.0,0.0,0.0,0
-0.9615384615384616,-0.6754583524336583,1,0,Other,1.0,0.0,0.0,0
-0.8846153846153846,0.01767195275077896,0,1,Other,0.0,0.0,0.0,0
-0.9615384615384616,-0.26766586279212423,0,0,Other,0.0,0.0,1.0,0
-0.9615384615384616,-0.6754583524336583,1,0,Other,0.0,0.0,0.0,0
0.5769230769230769,0.07536489924993854,1,1,Elite,0.0,0.0,1.0,1
0.2692307692307692,-0.30735024791668053,1,1,Other,0.0,0.0,1.0,0
-0.5,0.31408242039316775,1,1,Other,1.0,0.0,0.0,0
-0.5384615384615384,0.632071272447034,0,0,Other,0.0,0.0,1.0,0
-0.23076923076923078,0.05446859020778939,1,1,Other,1.0,0.0,0.0,0
-0.9230769230769231,-0.6754583524336583,0,0,Other,0.0,1.0,0.0,0
-0.07692307692307693,0.4917497669206733,0,1,Strong,0.0,0.0,1.0,0
-0.11538461538461539,-0.6754583524336583,1,0,Other,0.0,1.0,0.0,0
0.7307692307692307,0.47454729461891254,1,1,Other,0.0,0.0,1.0,1
0.46153846153846156,0.11760042341821629,0,1,Other,0.0,0.0,1.0,0
-0.3076923076923077,0.4013172026937548,0,0,Other,0.0,0.0,0.0,0
-0.23076923076923078,-0.6754583524336583,1,0,Other,0.0,0.0,1.0,0
0.11538461538461539,0.447352861062576,0,1,Elite,1.0,0.0,0.0,0
-0.07692307692307693,-0.22433193153557754,0,1,Strong,1.0,0.0,0.0,0
0.19230769230769232,0.16724133731062996,1,1,Other,0.0,0.0,1.0,0
0.8076923076923077,0.46607893029322595,1,1,Elite,0.0,1.0,0.0,1
0.0,-0.03545020296171298,1,1,Other,0.0,1.0,0.0,0
-0.8846153846153846,-0.6754583524336583,1,0,Other,0.0,0.0,1.0,0
-0.6923076923076923,-0.09316086570423175,1,1,Other,1.0,0.0,0.0,0
-0.15384615384615385,0.3241983953512577,0,1,Other,1.0,0.0,0.0,0
0.038461538461538464,0.05657682316753144,0,1,Elite,0.0,0.0,0.0,0
-0.3076923076923077,-0.22792832893749046,0,1,Other,0.0,0.0,0.0,0
-0.5769230769230769,0.5089345229790749,0,1,Other,1.0,0.0,0.0,0
0.23076923076923078,-0.05849017745032255,1,1,Other,1.0,0.0,0.0,0
-0.6538461538461539,-0.6754583524336583,1,0,Other,0.0,0.0,1.0,0
0.19230769230769232,-0.29842126126365537,1,1,Other,0.0,1.0,0.0,0
-0.7307692307692307,-0.6754583524336583,0,0,Other,0.0,1.0,0.0,0
0.34615384615384615,0.0644251189756468,1,1,Other,0.0,1.0,0.0,0
0.038461538461538464,-0.03002017437212526,0,1,Other,1.0,0.0,0.0,0
0.6923076923076923,0.2120191424009496,1,1,Elite,0.0,0.0,1.0,1
0.46153846153846156,-0.13808040074142477,0,1,Other,0.0,0.0,1.0,0
-0.38461538461538464,0.535234286245773,1,1,Other,1.0,0.0,0.0,0
0.7307692307692307,-0.6754583524336583,1,1,Other,0.0,0.0,0.0,1
0.8461538461538461,-0.6754583524336583,1,1,Elite,0.0,1.0,0.0,1
0.8076923076923077,0.5353494418276077,1,1,Elite,0.0,1.0,0.0,1
0.38461538461538464,-0.04937517024202603,1,1,Other,0.0,0.0,0.0,0
0.8461538461538461,-0.6754583524336583,1,1,Elite,0.0,1.0,0.0,1
-0.34615384615384615,0.3449175419598151,1,1,Strong,0.0,1.0,0.0,0
0.4230769230769231,-0.12126768579356591,1,1,Other,0.0,0.0,1.0,1
-0.6923076923076923,0.5449870782149999,1,1,Other,0.0,0.0,0.0,0
0.3076923076923077,0.5019720393389184,0,1,Other,0.0,1.0,0.0,0
-0.8846153846153846,0.37388359985206937,0,1,Other,1.0,0.0,0.0,0
0.2692307692307692,0.38200649743225196,0,1,Other,0.0,0.0,1.0,0
-0.19230769230769232,0.13664538502933146,0,1,Other,0.0,0.0,1.0,0
-0.2692307692307692,0.307102220509652,0,1,Other,0.0,0.0,1.0,0
-0.07692307692307693,-0.6754583524336583,0,0,Strong,0.0,1.0,0.0,0
-0.6923076923076923,0.26991582569873973,0,1,Other,1.0,0.0,0.0,0
0.7692307692307693,-0.6754583524336583,1,1,Other,0.0,0.0,1.0,1
0.8846153846153846,0.5526936440762419,1,1,Strong,0.0,0.0,1.0,1
0.15384615384615385,0.42390541297670536,1,0,Other,1.0,0.0,0.0,0
-0.2692307692307692,0.19011300748732735,0,1,Other,0.0,1.0,0.0,0
0.7307692307692307,-0.6754583524336583,1,1,Other,0.0,0.0,0.0,1
0.8461538461538461,0.34712321425803266,1,1,Other,0.0,0.0,1.0,1
0.15384615384615385,-0.6754583524336583,0,0,Other,1.0,0.0,0.0,0
0.5769230769230769,0.33256046221678925,0,1,Strong,0.0,0.0,0.0,0
-0.4230769230769231,-0.13926738904648964,0,1,Other,0.0,0.0,1.0,0
-0.7692307692307693,-0.6754583524336583,0,0,Other,0.0,0.0,0.0,0
0.23076923076923078,0.2180692395081085,0,1,Other,0.0,0.0,1.0,0
-0.9615384615384616,0.4308501803735027,0,1,Other,0.0,1.0,0.0,0
-0.5384615384615384,-0.6754583524336583,0,0,Other,0.0,1.0,0.0,0
0.8846153846153846,-0.08041402860730397,1,1,Other,1.0,0.0,0.0,1
0.2692307692307692,0.5737671155519828,1,1,Elite,0.0,0.0,0.0,1
0.11538461538461539,-0.6754583524336583,0,0,Other,1.0,0.0,0.0,0
-0.2692307692307692,-0.22983282509860198,0,0,Other,0.0,1.0,0.0,0
-0.6923076923076923,0.4347743282775604,0,1,Other,0.0,1.0,0.0,0
-0.8461538461538461,0.10543822235214134,1,0,Other,0.0,0.0,1.0,0
0.9230769230769231,0.19388656732283202,1,1,Other,0.0,1.0,0.0,1
-0.5,-0.6754583524336583,0,0,Strong,0.0,0.0,1.0,0
0.23076923076923078,0.4722087504955012,1,1,Elite,1.0,0.0,0.0,0
-0.7692307692307693,0.19250470034081624,1,1,Strong,1.0,0.0,0.0,0
-0.8846153846153846,0.4321700405037614,0,1,Other,0.0,0.0,1.0,0
-0.34615384615384615,0.09533110551573092,0,1,Other,1.0,0.0,0.0,0
-0.5384615384615384,-0.6754583524336583,0,0,Other,0.0,1.0,0.0,0
0.7307692307692307,0.6163923970741624,1,1,Elite,0.0,1.0,0.0,1
-0.8846153846153846,0.4602414281063772,0,1,Strong,0.0,0.0,0.0,0
0.6538461538461539,-0.13655680381253557,1,1,Other,1.0,0.0,0.0,1
0.07692307692307693,0.32496019381570235,0,1,Other,1.0,0.0,0.0,0
0.7307692307692307,-0.6754583524336583,1,1,Elite,0.0,0.0,1.0,1
-0.6153846153846154,0.3792959121982979,1,1,Other,0.0,1.0,0.0,0
-0.23076923076923078,-0.06839355748810244,0,1,Other,1.0,0.0,0.0,0
-0.4230769230769231,-0.6754583524336583,1,0,Other,0.0,0.0,0.0,0
0.46153846153846156,-0.6754583524336583,0,0,Other,0.0,1.0,0.0,0
-0.7692307692307693,0.06346844183425125,1,1,Other,0.0,0.0,0.0,0
0.5,0.6439234392543233,1,1,Other,1.0,0.0,0.0,0
0.9230769230769231,-0.14429880216049587,1,1,Other,0.0,0.0,1.0,1
0.9230769230769231,-0.03478584383574385,1,1,Elite,0.0,1.0,0.0,1
-0.5384615384615384,0.5037968124049136,0,1,Other,0.0,0.0,0.0,0
0.2692307692307692,0.1914594419826248,1,1,Other,0.0,1.0,0.0,0
0.5,-0.2687111211503157,0,1,Other,0.0,1.0,0.0,0
0.6538461538461539,0.022977967636852444,1,1,Other,0.0,1.0,0.0,1
0.8461538461538461,0.020444544836490147,1,1,Other,0.0,1.0,0.0,1
0.6153846153846154,0.3869670455728215,1,1,Elite,0.0,0.0,1.0,1
0.5384615384615384,-0.10865372052183195,1,1,Strong,0.0,1.0,0.0,0
-0.6153846153846154,-0.16709074924207695,1,1,Other,1.0,0.0,0.0,0
-0.7307692307692307,0.3390977560163255,1,1,Other,1.0,0.0,0.0,0
-0.11538461538461539,-0.10840569311480347,1,1,Other,0.0,0.0,1.0,0
0.7692307692307693,-0.6754583524336583,1,1,Other,1.0,0.0,0.0,1
0.19230769230769232,-0.6754583524336583,0,0,Other,1.0,0.0,0.0,0
-0.38461538461538464,-0.0408802315513007,0,1,Strong,1.0,0.0,0.0,0
-0.8076923076923077,-0.6754583524336583,0,0,Other,0.0,0.0,1.0,0
0.5,0.32636863516275694,1,1,Elite,0.0,0.0,0.0,1
-0.19230769230769232,0.5607811091697061,0,1,Other,0.0,0.0,1.0,0
0.0,-0.2507645666274695,0,1,Other,0.0,0.0,0.0,0
0.38461538461538464,0.05903938099445703,0,1,Other,1.0,0.0,0.0,0
0.8461538461538461,0.18380602485146036,1,1,Other,0.0,0.0,0.0,1
0.8076923076923077,0.0775528553047969,1,1,Other,1.0,0.0,0.0,1
-0.7307692307692307,-0.6754583524336583,1,0,Other,0.0,0.0,1.0,0
-0.038461538461538464,0.01636095074219987,1,1,Other,0.0,1.0,0.0,0
-0.11538461538461539,0.11054935856126388,1,1,Other,0.0,1.0,0.0,0
0.3076923076923077,-0.1391433753429754,1,1,Other,0.0,0.0,1.0,0
-0.7307692307692307,-0.0666573656389031,1,1,Other,1.0,0.0,0.0,0
0.5,-0.20915796909844253,1,1,Elite,0.0,0.0,0.0,1
0.6923076923076923,-0.1321720335811393,1,1,Other,1.0,0.0,0.0,1
0.4230769230769231,0.4711280596505914,1,1,Other,0.0,1.0,0.0,1
-0.9230769230769231,-0.6754583524336583,1,0,Other,0.0,1.0,0.0,0
-0.38461538461538464,0.4178996064779444,0,1,Other,0.0,1.0,0.0,0
-0.11538461538461539,0.21877788924247557,0,1,Other,0.0,1.0,0.0,0
0.8076923076923077,-0.6754583524336583,1,1,Elite,0.0,0.0,0.0,1
-0.5384615384615384,-0.3065884494522359,0,1,Other,0.0,0.0,0.0,0
-0.2692307692307692,-0.05671855311440486,0,1,Strong,0.0,1.0,0.0,0
0.7307692307692307,0.03470612074062755,1,1,Other,1.0,0.0,0.0,1
0.7307692307692307,-0.6754583524336583,1,1,Elite,0.0,0.0,0.0,1
-0.46153846153846156,-0.2274145578800743,1,1,Other,0.0,0.0,0.0,0
0.7692307692307693,-0.28998832942468716,1,1,Other,0.0,0.0,1.0,1
0.7307692307692307,-0.00772428210460113,1,1,Elite,0.0,0.0,1.0,1
-0.4230769230769231,-0.6754583524336583,1,0,Other,0.0,0.0,1.0,0
-0.2692307692307692,-0.6754583524336583,1,0,Other,0.0,0.0,1.0,0
-0.8076923076923077,0.43557155922872337,1,1,Other,0.0,1.0,0.0,0
-0.11538461538461539,0.4953461643225862,1,1,Other,1.0,0.0,0.0,0
0.4230769230769231,-0.07161791377947263,0,1,Other,0.0,1.0,0.0,0
-0.6153846153846154,0.596470481416768,1,1,Other,0.0,1.0,0.0,0
-0.6538461538461539,0.07670247562355641,1,1,Elite,0.0,0.0,0.0,0
-0.3076923076923077,-0.2633165250474463,1,1,Other,0.0,0.0,0.0,0
0.9230769230769231,0.2360866590043914,1,1,Elite,1.0,0.0,0.0,1
-0.46153846153846156,-0.3121247755019787,0,0,Other,0.0,1.0,0.0,0
-0.9615384615384616,-0.13405881349889162,0,1,Other,0.0,0.0,0.0,0
0.19230769230769232,-0.6754583524336583,1,0,Other,0.0,0.0,0.0,0
-0.4230769230769231,-0.6754583524336583,0,0,Other,0.0,0.0,1.0,0
0.15384615384615385,-0.6754583524336583,1,0,Other,0.0,0.0,1.0,0
-0.7307692307692307,-0.6754583524336583,0,0,Other,0.0,1.0,0.0,0
-0.8076923076923077,0.17132493140492025,0,1,Other,0.0,1.0,0.0,0
-0.19230769230769232,0.27570903727719054,1,1,Other,0.0,1.0,0.0,0
0.8461538461538461,-0.2378671414619887,1,1,Strong,0.0,0.0,0.0,1
0.6153846153846154,0.2842216922112751,1,1,Other,0.0,0.0,0.0,1
0.8461538461538461,-0.24873605676284372,1,1,Other,0.0,0.0,0.0,1
0.8846153846153846,0.31890123858686387,1,1,Other,0.0,0.0,0.0,1
0.8461538461538461,0.601333590218862,1,1,Other,0.0,1.0,0.0,1
0.8846153846153846,0.5564937782767853,1,1,Other,0.0,1.0,0.0,1
0.5769230769230769,-0.2515086488485549,0,1,Other,0.0,0.0,0.0,0
0.3076923076923077,-0.09964501077369049,0,1,Other,0.0,0.0,1.0,0
-0.9615384615384616,-0.6754583524336583,1,0,Elite,0.0,0.0,1.0,0
0.4230769230769231,0.5445264558876614,1,1,Other,1.0,0.0,0.0,0
0.34615384615384615,-0.6754583524336583,1,0,Strong,0.0,1.0,0.0,0
-0.038461538461538464,0.5760525109453166,0,1,Other,1.0,0.0,0.0,0
0.9230769230769231,0.43726346046952475,1,1,Other,1.0,0.0,0.0,1
0.6538461538461539,0.1965971525567861,1,1,Other,0.0,0.0,0.0,1
-0.6923076923076923,-0.07844752559443532,1,1,Other,0.0,1.0,0.0,0
-0.38461538461538464,0.12128540203692507,0,0,Other,0.0,0.0,0.0,0
-0.8846153846153846,-0.17657779756091618,0,1,Other,1.0,0.0,0.0,0
0.0,-0.6754583524336583,1,0,Other,1.0,0.0,0.0,0
-0.2692307692307692,0.5525519141293684,1,1,Other,1.0,0.0,0.0,0
-0.3076923076923077,0.12554615856480714,1,0,Other,0.0,0.0,0.0,0
-0.15384615384615385,-0.11297648390147111,1,1,Other,1.0,0.0,0.0,0
0.038461538461538464,0.4158445222482799,0,1,Other,1.0,0.0,0.0,0
0.5384615384615384,0.43340131941722415,0,1,Other,0.0,0.0,1.0,0
-0.5769230769230769,-0.1585515199429537,1,1,Other,0.0,1.0,0.0,0
0.2692307692307692,0.2962953120605541,0,1,Other,0.0,0.0,0.0,0
0.46153846153846156,-0.30256686220970275,1,1,Elite,0.0,0.0,0.0,1
-0.9230769230769231,-0.13034726051514406,1,1,Other,1.0,0.0,0.0,0
0.8461538461538461,-0.12112595584669249,1,1,Elite,0.0,1.0,0.0,1
-0.3076923076923077,0.10762617840699969,0,1,Other,0.0,1.0,0.0,0
0.0,0.6427187347058992,0,1,Other,0.0,0.0,0.0,0
-0.46153846153846156,-0.052555235924998285,1,1,Other,0.0,1.0,0.0,0
0.2692307692307692,0.32114234337179975,1,1,Other,0.0,1.0,0.0,0
0.8461538461538461,0.5793565903318031,1,1,Elite,1.0,0.0,0.0,1
0.5,-0.3150833881429612,0,1,Other,0.0,0.0,1.0,0
-0.038461538461538464,-0.6754583524336583,0,0,Other,0.0,1.0,0.0,0
0.15384615384615385,0.4299200775971459,0,1,Other,0.0,0.0,1.0,0
-0.6923076923076923,-0.6754583524336583,1,0,Other,1.0,0.0,0.0,0
0.7692307692307693,0.6375721660100584,1,1,Elite,0.0,0.0,0.0,1
0.8846153846153846,-0.6754583524336583,1,1,Other,0.0,0.0,0.0,1
0.2692307692307692,-0.07560406853528744,0,1,Other,0.0,0.0,0.0,0
-0.9230769230769231,-0.6754583524336583,0,0,Other,0.0,0.0,0.0,0
-0.038461538461538464,0.2707041985282231,1,1,Other,1.0,0.0,0.0,0
-0.46153846153846156,-0.02378405670969499,1,1,Other,0.0,1.0,0.0,0
-0.7692307692307693,0.1027099208748281,1,1,Other,0.0,1.0,0.0,0
0.23076923076923078,-0.1208070634662273,1,1,Other,0.0,1.0,0.0,0
-0.46153846153846156,0.332285860444722,0,1,Other,1.0,0.0,0.0,0
0.4230769230769231,0.5048243545197458,1,1,Elite,0.0,1.0,0.0,1
-0.6538461538461539,-0.15787830269530498,1,1,Other,0.0,0.0,0.0,0
0.6538461538461539,-0.22625414394004822,1,1,Other,0.0,1.0,0.0,1
-0.34615384615384615,-0.6754583524336583,0,0,Other,0.0,0.0,0.0,0
-0.6538461538461539,0.08800543888671127,0,0,Other,1.0,0.0,0.0,0
-0.34615384615384615,-0.28354847496362634,1,1,Other,0.0,0.0,0.0,0
-0.23076923076923078,-0.6754583524336583,0,0,Other,0.0,0.0,1.0,0
-0.3076923076923077,0.22548348735392404,0,1,Other,1.0,0.0,0.0,0
-0.38461538461538464,0.004331621501318753,0,1,Other,1.0,0.0,0.0,0
0.15384615384615385,0.5485923337385924,1,1,Other,0.0,0.0,1.0,0
-0.3076923076923077,0.20737748664084524,1,1,Other,0.0,1.0,0.0,0
-0.9230769230769231,-0.19895341292355662,0,0,Other,0.0,1.0,0.0,0
-0.9615384615384616,0.3894916102515042,0,1,Other,0.0,0.0,0.0,0
0.2692307692307692,-0.06468200450435488,0,1,Other,0.0,0.0,0.0,0
0.5769230769230769,-0.1850904524950007,0,1,Other,0.0,0.0,0.0,0
0.5,-0.6754583524336583,1,0,Other,0.0,0.0,0.0,0
0.5384615384615384,-0.6754583524336583,0,0,Other,0.0,0.0,1.0,0
0.23076923076923078,-0.14526433742357103,0,1,Other,0.0,1.0,0.0,0
-0.4230769230769231,0.2655044811023047,0,1,Other,0.0,0.0,1.0,0
0.038461538461538464,0.3639359292058915,0,1,Other,0.0,1.0,0.0,0
0.3076923076923077,-0.6754583524336583,1,0,Other,1.0,0.0,0.0,0
0.11538461538461539,-0.12767210776790835,0,1,Other,0.0,0.0,1.0,0
-0.9615384615384616,0.6441891829047109,1,1,Other,1.0,0.0,0.0,0
0.15384615384615385,-0.07666704313683805,1,1,Other,0.0,0.0,1.0,0
-0.07692307692307693,0.480606249847751,1,1,Other,0.0,0.0,0.0,0
0.19230769230769232,0.3015393200948705,0,1,Other,1.0,0.0,0.0,0
-0.11538461538461539,0.30564948855419954,1,0,Other,0.0,0.0,0.0,0
-0.8846153846153846,-0.6754583524336583,1,0,Other,1.0,0.0,0.0,0
0.0,-0.02327914377395845,1,1,Other,0.0,0.0,0.0,0
-0.19230769230769232,0.5199363101051238,1,1,Other,0.0,1.0,0.0,0
-0.6153846153846154,0.17233475727639333,0,1,Other,1.0,0.0,0.0,0
0.5769230769230769,-0.6754583524336583,0,0,Other,0.0,0.0,1.0,0
0.7692307692307693,-0.6754583524336583,1,1,Other,0.0,0.0,0.0,1
-0.5384615384615384,-0.12216235608320433,0,1,Other,0.0,0.0,0.0,0
-0.8461538461538461,-0.30884727048053096,0,1,Other,0.0,0.0,1.0,0
0.9230769230769231,0.12358851367361808,1,1,Other,0.0,1.0,0.0,1
0.2692307692307692,-0.6754583524336583,0,0,Other,0.0,0.0,1.0,0
0.23076923076923078,0.2758241928590252,1,1,Other,0.0,0.0,1.0,0
-0.9230769230769231,0.1589412772968556,0,1,Other,0.0,0.0,1.0,0
-0.9230769230769231,0.3740341879206224,1,1,Other,1.0,0.0,0.0,0
-0.2692307692307692,0.10639489949353689,0,0,Other,0.0,0.0,0.0,0
0.46153846153846156,-0.23345579686555365,1,1,Strong,0.0,0.0,1.0,1
0.15384615384615385,-0.6754583524336583,1,0,Other,0.0,1.0,0.0,0
0.46153846153846156,0.23712305924090327,1,1,Other,0.0,0.0,0.0,1
0.6538461538461539,0.12323418880643454,1,1,Other,0.0,1.0,0.0,1
-0.5,0.23461621080557973,1,1,Other,0.0,0.0,1.0,0
-0.3076923076923077,0.07949278395262677,0,1,Other,0.0,0.0,0.0,0
0.6153846153846154,-0.6754583524336583,1,1,Elite,0.0,0.0,1.0,1
0.8461538461538461,-0.6754583524336583,1,1,Other,0.0,0.0,0.0,1
-0.23076923076923078,-0.6754583524336583,1,0,Strong,0.0,1.0,0.0,0
-0.5384615384615384,0.31766995967340106,1,1,Other,0.0,0.0,1.0,0
-0.11538461538461539,0.3470346330412368,0,1,Other,0.0,0.0,1.0,0
-0.6923076923076923,-0.08221222730826042,1,1,Strong,0.0,1.0,0.0,0
0.23076923076923078,-0.30547232612060776,1,1,Elite,0.0,0.0,1.0,1
0.7307692307692307,0.5327451540538086,1,1,Other,0.0,0.0,0.0,1
0.07692307692307693,0.40915664038019056,1,1,Other,0.0,0.0,1.0,0
0.5769230769230769,-0.21504862001536884,1,1,Other,0.0,0.0,1.0,0
0.038461538461538464,0.6126631278470557,0,1,Other,1.0,0.0,0.0,0
0.6923076923076923,-0.2951703306072464,1,1,Other,0.0,0.0,1.0,1
0.5384615384615384,0.3472826604482652,1,1,Strong,0.0,0.0,1.0,1
-0.46153846153846156,-0.6754583524336583,1,0,Other,0.0,1.0,0.0,0
0.8076923076923077,0.2393110152957616,1,1,Other,0.0,1.0,0.0,1
-0.6923076923076923,0.38571805041599955,1,1,Other,1.0,0.0,0.0,0
0.46153846153846156,0.5851940925186518,0,1,Elite,0.0,0.0,0.0,0
0.5384615384615384,-0.6754583524336583,0,0,Other,0.0,0.0,0.0,0
0.3076923076923077,-0.6754583524336583,0,0,Other,0.0,1.0,0.0,0
-0.038461538461538464,0.047204930430526856,1,1,Elite,0.0,0.0,0.0,0
0.7307692307692307,-0.3029654776852842,1,1,Strong,0.0,1.0,0.0,1
-0.2692307692307692,-0.2742031565916605,0,1,Other,0.0,1.0,0.0,0
0.038461538461538464,-0.6754583524336583,1,0,Other,0.0,0.0,0.0,0
-0.4230769230769231,-0.6754583524336583,1,0,Other,0.0,0.0,0.0,0
-0.5769230769230769,0.12621051769077626,0,1,Other,0.0,1.0,0.0,0
-0.5384615384615384,0.08540115111291226,1,1,Other,1.0,0.0,0.0,0
-0.23076923076923078,0.14161479129158058,1,1,Other,0.0,1.0,0.0,0
-0.7307692307692307,0.4853099124596125,0,1,Other,1.0,0.0,0.0,0
-0.038461538461538464,-0.21014122060487683,0,1,Other,0.0,0.0,1.0,0
-0.8076923076923077,0.4736437662075945,0,1,Other,0.0,0.0,1.0,0
0.34615384615384615,-0.6754583524336583,1,1,Elite,0.0,0.0,1.0,1
-0.7692307692307693,-0.09270024337689314,0,0,Other,0.0,0.0,1.0,0
-0.038461538461538464,0.3974727778848134,1,1,Other,0.0,1.0,0.0,0
-0.9615384615384616,-0.6754583524336583,0,0,Other,0.0,1.0,0.0,0
-0.11538461538461539,0.0992552534197886,1,1,Other,0.0,0.0,0.0,0
-0.11538461538461539,-0.15413131722483905,0,1,Other,0.0,0.0,1.0,0
-0.38461538461538464,0.21007921375311972,1,1,Other,0.0,0.0,1.0,0
0.2692307692307692,-0.6754583524336583,0,0,Other,0.0,0.0,1.0,0
-0.5769230769230769,-0.1706782885223103,0,1,Other,0.0,0.0,0.0,0
0.0,-0.20297500016608977,1,1,Other,0.0,0.0,0.0,0
-0.2692307692307692,0.03138432511078188,1,1,Other,0.0,0.0,1.0,0
-0.46153846153846156,0.2034799131018263,0,1,Strong,0.0,0.0,0.0,0
-0.9615384615384616,0.27648855198499434,1,0,Other,0.0,0.0,1.0,0
0.8461538461538461,0.05608962647515408,1,1,Strong,0.0,0.0,0.0,1
-0.6153846153846154,0.5206803923262092,1,1,Other,0.0,0.0,1.0,0
0.15384615384615385,0.2163861963889867,0,1,Other,0.0,0.0,0.0,0
-0.9230769230769231,-0.6754583524336583,0,0,Other,0.0,0.0,1.0,0
0.38461538461538464,-0.2196991338971528,0,1,Other,0.0,0.0,1.0,0
-0.038461538461538464,0.4819261099780097,0,1,Strong,0.0,1.0,0.0,0
-0.038461538461538464,0.5047269151812704,0,1,Other,1.0,0.0,0.0,0
0.38461538461538464,-0.6754583524336583,1,0,Other,1.0,0.0,0.0,0
-0.2692307692307692,0.49846422315380134,1,1,Other,1.0,0.0,0.0,0
-0.8461538461538461,-0.6754583524336583,0,0,Other,1.0,0.0,0.0,0
0.8076923076923077,-0.6754583524336583,1,1,Other,0.0,0.0,0.0,1
-0.34615384615384615,-0.6754583524336583,1,0,Other,0.0,0.0,0.0,0
0.6538461538461539,0.04621282080241295,1,1,Other,0.0,0.0,0.0,1
0.8846153846153846,0.17548824859432682,1,1,Other,0.0,1.0,0.0,1
-0.46153846153846156,0.08268170775727861,1,1,Other,0.0,0.0,1.0,0
-0.6538461538461539,0.25939237714338864,1,1,Other,0.0,0.0,0.0,0
-0.5769230769230769,0.19238068663730198,1,1,Other,0.0,1.0,0.0,0
-0.6923076923076923,-0.6754583524336583,1,0,Other,0.0,0.0,0.0,0
-0.38461538461538464,-0.6754583524336583,0,0,Other,0.0,0.0,0.0,0
-0.15384615384615385,-0.14063153978514625,1,1,Strong,0.0,0.0,0.0,0
0.9230769230769231,0.4201052787761619,1,1,Elite,0.0,0.0,0.0,1
-0.46153846153846156,0.5904381005529682,0,1,Elite,0.0,1.0,0.0,0
-0.3076923076923077,-0.21133706703162128,1,1,Other,0.0,0.0,0.0,0
0.3076923076923077,-0.1140571747463809,1,1,Elite,0.0,0.0,0.0,1
0.46153846153846156,0.3187949411267088,1,1,Other,0.0,0.0,1.0,0
-0.23076923076923078,0.2156066816811829,0,1,Other,1.0,0.0,0.0,0
0.11538461538461539,-0.037159820445873556,1,1,Strong,0.0,0.0,0.0,0
-0.2692307692307692,-0.6754583524336583,0,0,Other,0.0,1.0,0.0,0
0.5,0.30693391619773985,0,1,Other,0.0,0.0,0.0,0
0.8846153846153846,-0.6754583524336583,1,1,Other,0.0,1.0,0.0,1
-0.5384615384615384,-0.1068466636991959,1,1,Other,0.0,1.0,0.0,0
-0.8461538461538461,-0.6754583524336583,1,0,Other,0.0,1.0,0.0,0
0.7692307692307693,0.3944610165137533,1,1,Other,0.0,0.0,1.0,1
-0.11538461538461539,0.5007053279387372,1,1,Other,1.0,0.0,0.0,0
-0.11538461538461539,-0.6754583524336583,0,0,Other,1.0,0.0,0.0,0
0.0,-0.25526449244070043,0,1,Other,0.0,0.0,1.0,0
-0.7307692307692307,-0.1714312288650753,1,0,Other,0.0,0.0,1.0,0
-0.2692307692307692,-0.05903938099445703,0,1,Other,1.0,0.0,0.0,0
0.0,-0.6754583524336583,1,0,Other,0.0,1.0,0.0,0
0.07692307692307693,-0.6754583524336583,0,0,Other,0.0,0.0,1.0,0
-0.5769230769230769,0.45902786543627355,1,1,Other,1.0,0.0,0.0,0
0.46153846153846156,0.3897484957802123,0,1,Other,0.0,0.0,0.0,0
0.19230769230769232,-0.0065195775561771,1,1,Other,0.0,0.0,1.0,0
0.15384615384615385,-0.6754583524336583,0,0,Other,1.0,0.0,0.0,0
-0.9230769230769231,-0.6754583524336583,0,0,Other,1.0,0.0,0.0,0
-0.38461538461538464,-0.6754583524336583,1,0,Strong,0.0,1.0,0.0,0
-0.7307692307692307,0.3652646474578298,1,0,Other,1.0,0.0,0.0,0
-0.9230769230769231,0.017308769761915834,1,1,Other,0.0,0.0,1.0,0
0.15384615384615385,-0.6754583524336583,1,0,Other,0.0,0.0,1.0,0
-0.7307692307692307,0.08520627243596132,1,1,Other,0.0,1.0,0.0,0
0.15384615384615385,0.38249369412462936,1,1,Other,0.0,0.0,1.0,0
-0.8846153846153846,-0.03101228400023917,1,1,Other,0.0,1.0,0.0,0
0.2692307692307692,0.02237561536264043,1,1,Other,0.0,1.0,0.0,1
0.038461538461538464,-0.6754583524336583,0,0,Other,0.0,0.0,1.0,0
-0.6923076923076923,-0.12056789418087842,1,1,Elite,0.0,1.0,0.0,0
-0.8076923076923077,-0.07976738572469401,1,0,Other,1.0,0.0,0.0,0
-0.8846153846153846,0.595115188799791,0,1,Other,0.0,1.0,0.0,0
0.46153846153846156,0.2823437704152023,1,1,Elite,0.0,1.0,0.0,1
-0.3076923076923077,0.6470060655988201,1,1,Other,0.0,1.0,0.0,0
0.19230769230769232,0.4491156272768141,1,1,Other,0.0,0.0,0.0,0
0.0,0.549956484477249,0,1,Other,0.0,0.0,1.0,0
-0.38461538461538464,-0.6754583524336583,0,0,Other,1.0,0.0,0.0,0
-0.5384615384615384,0.01950558393845377,0,1,Strong,0.0,0.0,1.0,0
0.7307692307692307,0.3522786410755531,1,1,Other,0.0,0.0,0.0,1
0.5384615384615384,-0.24748706160602174,1,1,Other,0.0,0.0,1.0,1
-0.5384615384615384,-0.6754583524336583,0,0,Other,0.0,1.0,0.0,0
0.7692307692307693,0.6359422716210141,1,1,Elite,0.0,0.0,0.0,1
0.5384615384615384,0.5891448147877484,1,1,Other,0.0,1.0,0.0,0
-0.8846153846153846,-0.6754583524336583,0,0,Other,0.0,0.0,1.0,0
-0.5769230769230769,0.25307653638584204,0,0,Other,0.0,1.0,0.0,0
0.11538461538461539,-0.6754583524336583,1,0,Other,0.0,0.0,1.0,0
0.6538461538461539,0.3945230233655105,1,1,Other,1.0,0.0,0.0,1
-0.46153846153846156,0.1265648425579598,0,1,Other,0.0,1.0,0.0,0
0.9230769230769231,0.2525007584766688,1,1,Elite,0.0,0.0,1.0,1
-0.8846153846153846,-0.10112431709418176,0,1,Strong,1.0,0.0,0.0,0
0.8076923076923077,0.6001466019137972,1,1,Other,0.0,0.0,1.0,1
0.9230769230769231,0.4271120530247164,1,1,Other,0.0,0.0,0.0,1
-0.34615384615384615,-0.19463064954391746,1,1,Other,0.0,1.0,0.0,0
0.5769230769230769,0.5505411205081019,1,1,Other,0.0,1.0,0.0,0
0.038461538461538464,0.5672032473874077,0,1,Other,0.0,1.0,0.0,0
-0.8076923076923077,0.26339624814256263,1,1,Other,1.0,0.0,0.0,0
-0.8076923076923077,-0.6754583524336583,1,0,Strong,0.0,1.0,0.0,0
0.8846153846153846,-0.6754583524336583,1,1,Other,0.0,0.0,0.0,1
-0.19230769230769232,-0.6754583524336583,1,0,Other,0.0,0.0,1.0,0
-0.2692307692307692,-0.24912581411674561,1,1,Other,0.0,0.0,0.0,0
0.34615384615384615,0.34771670841056507,1,1,Elite,0.0,1.0,0.0,0
0.8461538461538461,0.3949659294494899,1,1,Other,0.0,0.0,0.0,1
0.5769230769230769,-0.6754583524336583,0,0,Strong,0.0,0.0,1.0,0
0.5,0.10185068307190802,1,1,Other,1.0,0.0,0.0,1
-0.34615384615384615,-0.6754583524336583,1,0,Other,0.0,0.0,1.0,0
-0.46153846153846156,0.11488983818426222,1,1,Other,1.0,0.0,0.0,0
-0.23076923076923078,0.1897852569851826,1,1,Other,0.0,0.0,0.0,0
0.34615384615384615,-0.11173634686632873,0,1,Other,0.0,0.0,0.0,0
-0.8461538461538461,0.5935384431408242,1,1,Other,0.0,0.0,0.0,0
-0.19230769230769232,0.49397315546225,1,1,Other,1.0,0.0,0.0,0
-0.5769230769230769,0.31520740184647544,0,1,Other,1.0,0.0,0.0,0
-0.6538461538461539,-0.6754583524336583,0,0,Other,0.0,1.0,0.0,0
0.6538461538461539,-0.6754583524336583,1,1,Other,0.0,1.0,0.0,1
0.6923076923076923,0.3233657319133764,1,1,Other,0.0,1.0,0.0,1
0.7692307692307693,0.15971193388297977,1,1,Other,0.0,0.0,1.0,1
0.5384615384615384,0.2458394509736183,1,1,Other,1.0,0.0,0.0,1
0.5384615384615384,-0.28420397596791586,0,1,Other,1.0,0.0,0.0,0
-0.2692307692307692,-0.2576384690508301,1,1,Other,0.0,0.0,0.0,0
0.3076923076923077,0.3378310446161444,1,1,Other,1.0,0.0,0.0,1
-0.23076923076923078,0.05672741123608444,1,1,Other,0.0,0.0,1.0,0
-0.38461538461538464,0.585707863576068,1,1,Other,0.0,0.0,0.0,0
-0.3076923076923077,0.5800740981878497,1,1,Other,0.0,0.0,0.0,0
-0.5384615384615384,-0.6754583524336583,1,0,Other,0.0,1.0,0.0,0
-0.5769230769230769,-0.6754583524336583,1,0,Other,1.0,0.0,0.0,0
0.7692307692307693,0.4556263467113116,1,1,Other,0.0,0.0,1.0,1
0.6153846153846154,-0.6754583524336583,1,1,Elite,1.0,0.0,0.0,1
0.9230769230769231,0.0010541164798710259,1,1,Elite,0.0,0.0,1.0,1
-0.15384615384615385,0.46418329225379407,1,1,Other,0.0,1.0,0.0,0
0.38461538461538464,0.18951065521311533,1,1,Strong,0.0,1.0,0.0,0
-0.5,0.04384770231396284,0,1,Other,0.0,0.0,0.0,0
-0.5769230769230769,0.05500893563024428,0,1,Other,0.0,0.0,0.0,0
-0.7692307692307693,0.6076582890980882,0,1,Other,0.0,1.0,0.0,0
-0.5384615384615384,0.5759905040935595,0,0,Other,0.0,0.0,1.0,0
-0.23076923076923078,-0.6754583524336583,1,0,Strong,0.0,0.0,0.0,0
-0.38461538461538464,0.30433848654562046,1,1,Other,0.0,1.0,0.0,0
-0.2692307692307692,0.6351981893999287,1,1,Other,0.0,0.0,0.0,0
-0.07692307692307693,0.2576473271725097,0,1,Other,0.0,0.0,0.0,0
-0.9230769230769231,-0.15146502259928293,0,1,Strong,0.0,1.0,0.0,0
0.2692307692307692,-0.1481166526043985,0,1,Other,1.0,0.0,0.0,0
0.19230769230769232,-0.29850984248045126,0,1,Other,0.0,0.0,1.0,0
0.46153846153846156,-0.16701102614696067,0,1,Other,1.0,0.0,0.0,0
0.038461538461538464,-0.6754583524336583,0,0,Other,0.0,0.0,0.0,0
0.0,0.3085815268301433,0,1,Other,0.0,1.0,0.0,0
-0.4230769230769231,0.6218490000287888,1,1,Other,0.0,0.0,0.0,0
0.4230769230769231,0.14064039790682584,1,1,Other,0.0,0.0,1.0,0
0.2692307692307692,-0.6754583524336583,1,0,Elite,0.0,0.0,0.0,0
-0.5384615384615384,0.20231949916180023,1,1,Other,0.0,1.0,0.0,0
-0.9615384615384616,-0.6754583524336583,0,0,Other,0.0,0.0,0.0,0
-0.6923076923076923,0.4116546306938345,0,0,Other,0.0,0.0,0.0,0
-0.5769230769230769,-0.6754583524336583,0,0,Other,0.0,0.0,1.0,0
-0.46153846153846156,-0.6754583524336583,0,0,Other,0.0,1.0,0.0,0
-0.2692307692307692,0.33063824981231854,0,1,Strong,0.0,0.0,0.0,0
-0.38461538461538464,0.17383177984024378,1,1,Strong,0.0,1.0,0.0,0
-0.3076923076923077,0.04324535003975082,0,1,Other,1.0,0.0,0.0,0
-0.8461538461538461,0.05748920970052905,0,1,Other,1.0,0.0,0.0,0
0.15384615384615385,-0.25195155493253435,1,1,Other,0.0,1.0,0.0,0
-0.5384615384615384,-0.6754583524336583,0,0,Strong,1.0,0.0,0.0,0
0.38461538461538464,0.2484437387474173,1,0,Other,0.0,0.0,1.0,0
-0.07692307692307693,0.1920617942568368,1,1,Other,0.0,0.0,0.0,0
-0.5384615384615384,-0.6754583524336583,0,0,Other,0.0,0.0,1.0,0
-0.6153846153846154,-0.6754583524336583,1,0,Other,0.0,0.0,1.0,0
0.7307692307692307,0.13328815691276744,1,1,Strong,0.0,0.0,1.0,1
-0.038461538461538464,0.07284033457125584,0,1,Other,0.0,1.0,0.0,0
-0.5384615384615384,-0.2340227166530473,1,1,Elite,1.0,0.0,0.0,0
0.8076923076923077,0.10418922719531937,1,1,Other,0.0,0.0,1.0,1
-0.46153846153846156,-0.07690621242218694,1,1,Other,0.0,0.0,0.0,0
-0.5,0.38715306612809286,0,1,Strong,1.0,0.0,0.0,0
-0.038461538461538464,0.3189278129519026,1,1,Other,0.0,0.0,0.0,0
-0.5769230769230769,-0.6754583524336583,1,0,Other,1.0,0.0,0.0,0
0.5384615384615384,-0.2176086171807699,1,1,Elite,0.0,0.0,1.0,1
0.15384615384615385,0.06971341761836111,0,1,Other,0.0,0.0,1.0,0
-0.7692307692307693,0.35716832424268596,1,1,Other,1.0,0.0,0.0,0
-0.8846153846153846,0.1657620309901387,0,1,Other,1.0,0.0,0.0,0
-0.38461538461538464,0.5556256823521857,0,1,Other,0.0,0.0,0.0,0
-0.46153846153846156,0.44093072284487433,0,1,Other,1.0,0.0,0.0,0
0.9230769230769231,0.4292114278627788,1,1,Other,1.0,0.0,0.0,1
-0.8076923076923077,-0.6754583524336583,0,0,Other,1.0,0.0,0.0,0
-0.7307692307692307,-0.3153491317933489,1,1,Other,0.0,0.0,1.0,0
-0.7692307692307693,-0.6754583524336583,0,0,Other,0.0,0.0,0.0,0
-0.6538461538461539,0.03590196716737199,1,1,Other,0.0,0.0,0.0,0
0.8461538461538461,0.35831988006103244,1,1,Other,1.0,0.0,0.0,1
0.3076923076923077,0.5541375179100148,0,1,Other,0.0,1.0,0.0,0
-0.038461538461538464,-0.6754583524336583,1,0,Other,0.0,0.0,0.0,0
0.6538461538461539,0.38577119914607705,1,1,Other,0.0,1.0,0.0,1
0.7307692307692307,0.4535712624816471,1,1,Elite,0.0,1.0,0.0,1
0.5,0.1702176661949717,1,1,Other,1.0,0.0,0.0,0
0.19230769230769232,-0.1664618226028262,0,1,Other,1.0,0.0,0.0,0
-0.5769230769230769,-0.6754583524336583,1,0,Other,0.0,0.0,1.0,0
0.38461538461538464,0.486612056346512,1,1,Other,0.0,0.0,1.0,0
0.2692307692307692,0.3872770798316071,1,1,Strong,0.0,0.0,1.0,0
-0.6153846153846154,0.5813230933446717,0,0,Other,1.0,0.0,0.0,0
-0.4230769230769231,-0.2114787969784947,1,0,Other,0.0,0.0,1.0,0
0.038461538461538464,0.19162774629453697,0,1,Strong,0.0,0.0,1.0,0
-0.5,-0.10113317521586135,1,1,Other,1.0,0.0,0.0,0
-0.4230769230769231,0.35994977445007675,1,1,Other,1.0,0.0,0.0,0
-0.3076923076923077,0.08486966381213695,0,1,Other,0.0,0.0,0.0,0
0.7692307692307693,-0.24157869444573626,1,1,Other,0.0,1.0,0.0,1
-0.19230769230769232,0.6401144469321003,1,1,Other,0.0,0.0,0.0,0
-0.3076923076923077,0.5119728587151737,0,1,Other,1.0,0.0,0.0,0
-0.4230769230769231,0.5693734871989069,0,1,Other,0.0,0.0,0.0,0
-0.46153846153846156,0.20846703560743463,1,1,Other,0.0,0.0,0.0,0
-0.6538461538461539,0.15260772029594985,0,1,Other,0.0,0.0,0.0,0
0.38461538461538464,-0.6754583524336583,0,0,Other,0.0,0.0,1.0,0
-0.34615384615384615,-0.6754583524336583,0,0,Other,0.0,0.0,0.0,0
0.19230769230769232,0.48779904465157686,1,1,Other,0.0,0.0,1.0,0
0.34615384615384615,0.44204684617650253,1,1,Other,0.0,1.0,0.0,0
-0.8076923076923077,0.2753724286533662,1,1,Other,0.0,1.0,0.0,0
0.9230769230769231,0.3129485808181804,1,1,Other,0.0,0.0,1.0,1
0.4230769230769231,0.3087941217504534,1,1,Other,1.0,0.0,0.0,0
-0.3076923076923077,0.36502547817248093,0,1,Other,0.0,0.0,1.0,0
-0.8076923076923077,0.454262195972655,0,0,Other,0.0,0.0,1.0,0
-0.8846153846153846,-0.6754583524336583,0,0,Other,0.0,0.0,0.0,0
0.46153846153846156,-0.6754583524336583,1,0,Other,0.0,0.0,1.0,0
0.0,0.292982374552388,0,1,Other,0.0,0.0,0.0,0
-0.8461538461538461,0.2996082495687202,1,1,Other,0.0,1.0,0.0,0
0.15384615384615385,-0.6754583524336583,0,0,Other,0.0,0.0,0.0,0
0.5769230769230769,-0.21479173448666078,0,1,Other,0.0,0.0,1.0,0
-0.46153846153846156,-0.6754583524336583,1,0,Other,0.0,1.0,0.0,0
0.5,0.041792618084298315,0,1,Other,0.0,1.0,0.0,0
-0.38461538461538464,0.43924767972575257,0,1,Other,0.0,1.0,0.0,0
-0.8076923076923077,0.6379176327555623,1,1,Other,0.0,0.0,0.0,0
0.5384615384615384,0.3116375788096013,1,1,Other,1.0,0.0,0.0,0
0.8076923076923077,-0.6754583524336583,1,1,Strong,0.0,0.0,1.0,1
0.038461538461538464,0.5443581515757491,0,0,Other,0.0,0.0,0.0,0
0.7307692307692307,-0.08835090563221522,1,1,Elite,0.0,0.0,1.0,1
0.7307692307692307,0.2234549774892983,1,1,Elite,1.0,0.0,0.0,1
-0.9230769230769231,0.46548543614069354,1,1,Other,1.0,0.0,0.0,0
0.07692307692307693,0.2162178920770745,0,1,Other,0.0,0.0,1.0,0
0.46153846153846156,0.4756368435855019,0,1,Other,0.0,0.0,0.0,0
0.34615384615384615,-0.6754583524336583,1,0,Other,0.0,0.0,0.0,0
0.38461538461538464,0.14255375218961694,1,1,Other,0.0,1.0,0.0,0
-0.38461538461538464,-0.06288380580339842,1,0,Strong,0.0,1.0,0.0,0
0.6538461538461539,-0.023722049857937872,1,1,Other,0.0,0.0,0.0,1
0.5384615384615384,0.634285802866931,0,1,Strong,0.0,0.0,0.0,0
0.2692307692307692,-0.6754583524336583,0,0,Strong,0.0,1.0,0.0,0
-0.9230769230769231,-0.18445266773407032,0,1,Other,1.0,0.0,0.0,0
-0.9615384615384616,0.16709074924207695,0,1,Other,0.0,0.0,0.0,0
-0.9230769230769231,-0.15809975573729468,1,1,Other,0.0,0.0,0.0,0
-0.34615384615384615,0.2597644182539314,1,1,Other,0.0,1.0,0.0,0
-0.7307692307692307,-0.6754583524336583,1,0,Elite,0.0,0.0,0.0,0
0.38461538461538464,0.11450008083036033,1,1,Strong,0.0,1.0,0.0,0
0.0,0.021144336449177636,1,1,Other,0.0,0.0,1.0,0
-0.7307692307692307,0.25538850614421466,0,1,Strong,0.0,1.0,0.0,0
-0.5,-0.18829709254301172,0,1,Other,0.0,0.0,0.0,0
-0.7307692307692307,0.0007529403427650184,0,1,Other,1.0,0.0,0.0,0
-0.5769230769230769,0.4253404286887987,1,1,Other,0.0,0.0,0.0,0
0.7307692307692307,-0.6754583524336583,1,1,Other,1.0,0.0,0.0,1
0.3076923076923077,-0.6754583524336583,0,0,Other,0.0,1.0,0.0,0
0.8846153846153846,-0.11558077167527012,1,1,Other,0.0,0.0,0.0,1
0.7307692307692307,-0.6754583524336583,1,1,Other,0.0,1.0,0.0,1
0.9230769230769231,0.5203880743107828,1,1,Other,0.0,1.0,0.0,1
-0.11538461538461539,-0.05374222423006313,1,1,Other,0.0,0.0,1.0,0
-0.46153846153846156,0.3235340362252886,0,1,Other,0.0,1.0,0.0,0
-0.46153846153846156,-0.2036482174137385,1,1,Other,0.0,1.0,0.0,0
-0.7307692307692307,-0.6754583524336583,1,0,Strong,0.0,0.0,1.0,0
-0.6923076923076923,0.3853460093054568,1,1,Other,0.0,0.0,0.0,0
0.19230769230769232,0.22364099804456963,0,1,Other,0.0,1.0,0.0,0
-0.34615384615384615,0.0010895489665893796,0,1,Other,0.0,1.0,0.0,0
0.23076923076923078,0.16194418054623608,1,1,Other,0.0,1.0,0.0,0
0.4230769230769231,0.587514920398704,0,1,Other,0.0,0.0,1.0,0
0.038461538461538464,-0.19386885107947285,0,1,Other,0.0,0.0,1.0,0
0.3076923076923077,-0.6754583524336583,1,0,Other,1.0,0.0,0.0,0
-0.46153846153846156,-0.0732478081685169,0,1,Other,0.0,0.0,0.0,0
0.19230769230769232,-0.6754583524336583,1,0,Other,0.0,0.0,0.0,0
0.5,-0.20958315893906276,1,1,Other,0.0,1.0,0.0,1
-0.5,-0.19359424930740562,1,1,Strong,1.0,0.0,0.0,0
-0.8846153846153846,-0.06620560143324408,1,1,Elite,0.0,1.0,0.0,0
0.07692307692307693,-0.6754583524336583,0,0,Other,0.0,1.0,0.0,0
0.23076923076923078,0.5999162907501279,0,0,Strong,0.0,0.0,0.0,0
-0.8076923076923077,0.02780564395222815,0,0,Other,0.0,0.0,1.0,0
0.5384615384615384,-0.6754583524336583,0,0,Other,0.0,1.0,0.0,0
-0.19230769230769232,0.6372089830211952,1,1,Other,0.0,1.0,0.0,0
0.8461538461538461,0.24210132362483197,1,1,Elite,0.0,0.0,0.0,1
-0.6923076923076923,-0.6754583524336583,0,0,Other,0.0,0.0,0.0,0
0.2692307692307692,-0.6754583524336583,0,0,Other,1.0,0.0,0.0,0
0.38461538461538464,-0.6754583524336583,1,0,Other,0.0,0.0,0.0,0
0.7692307692307693,0.37750657161902107,1,1,Other,0.0,0.0,1.0,1
0.5769230769230769,0.05823329192161448,1,1,Elite,0.0,1.0,0.0,1
0.5769230769230769,-0.18653432632877362,1,1,Other,0.0,0.0,1.0,0
-0.15384615384615385,0.5510814659305567,0,1,Strong,0.0,1.0,0.0,0
0.38461538461538464,0.3558573222341069,0,1,Other,1.0,0.0,0.0,0
0.9230769230769231,-0.20682828309671075,1,1,Other,0.0,0.0,0.0,1
-0.34615384615384615,-0.10573939848924735,1,1,Other,0.0,0.0,0.0,0
0.3076923076923077,0.4348274770076379,0,1,Other,0.0,0.0,1.0,0
-0.9230769230769231,0.09355948117981322,0,1,Other,0.0,0.0,1.0,0
-0.19230769230769232,-0.06053640355830748,1,1,Other,0.0,0.0,0.0,0
-0.8076923076923077,0.18153834570148572,0,0,Other,0.0,0.0,0.0,0
-0.4230769230769231,-0.13467002389478322,0,1,Strong,0.0,1.0,0.0,0
0.07692307692307693,0.6304945267880673,0,1,Other,1.0,0.0,0.0,0
0.2692307692307692,0.2555568104561268,1,1,Other,0.0,0.0,1.0,0
-0.7307692307692307,-0.05779038583763506,1,1,Other,0.0,0.0,1.0,0
0.34615384615384615,-0.6754583524336583,1,0,Other,0.0,1.0,0.0,0
0.8076923076923077,-0.1307193016256868,1,1,Elite,0.0,1.0,0.0,1
0.9230769230769231,0.38493853570819575,1,1,Other,1.0,0.0,0.0,1
0.4230769230769231,0.11391544479950749,1,1,Other,0.0,1.0,0.0,1
0.8461538461538461,0.5095545914966461,1,1,Other,1.0,0.0,0.0,1
-0.19230769230769232,0.3260851752690101,0,1,Strong,1.0,0.0,0.0,0
-0.6153846153846154,-0.15283803145961913,0,1,Strong,0.0,0.0,1.0,0
-0.2692307692307692,0.45849637813549826,0,1,Strong,0.0,1.0,0.0,0
-0.38461538461538464,0.21044239674198284,1,1,Other,0.0,1.0,0.0,0
-0.7692307692307693,-0.6754583524336583,0,0,Other,0.0,0.0,0.0,0
-0.23076923076923078,0.18599398090631872,0,1,Strong,0.0,0.0,1.0,0
0.6923076923076923,0.2630242070320199,1,1,Strong,0.0,1.0,0.0,1
0.23076923076923078,0.28214003361657175,1,1,Elite,0.0,0.0,0.0,1
-0.7307692307692307,-0.6754583524336583,1,0,Other,0.0,0.0,1.0,0
0.8461538461538461,0.16605434900556512,1,1,Other,1.0,0.0,0.0,1
-0.6153846153846154,0.022641359013028082,1,1,Other,0.0,0.0,1.0,0
0.8846153846153846,-0.07631271826965451,1,1,Elite,0.0,0.0,0.0,1
-0.6153846153846154,-0.6754583524336583,0,0,Other,0.0,0.0,0.0,0
-0.15384615384615385,-0.6754583524336583,0,0,Other,1.0,0.0,0.0,0
-0.6153846153846154,-0.6754583524336583,1,0,Other,0.0,1.0,0.0,0
-0.15384615384615385,-0.042350679750112384,1,0,Other,0.0,1.0,0.0,0
-0.11538461538461539,-0.6754583524336583,1,0,Strong,0.0,1.0,0.0,0
-0.19230769230769232,-0.09886549606588671,0,1,Other,1.0,0.0,0.0,0
-0.8846153846153846,0.6477944384283034,0,1,Other,1.0,0.0,0.0,0
-0.5,-0.6754583524336583,1,0,Other,1.0,0.0,0.0,0
0.11538461538461539,0.4050198975558228,1,1,Other,1.0,0.0,0.0,0
0.8076923076923077,-0.1122146854370265,1,1,Elite,0.0,1.0,0.0,1
0.34615384615384615,-0.6754583524336583,1,0,Other,0.0,0.0,0.0,0
-0.15384615384615385,0.22627186018340742,1,1,Strong,0.0,0.0,0.0,0
-0.46153846153846156,0.5181824020125653,1,1,Strong,0.0,0.0,1.0,0
0.8076923076923077,0.36561897232501334,1,1,Other,0.0,0.0,0.0,1
0.6538461538461539,-0.06231688601590476,1,1,Strong,0.0,1.0,0.0,1
-0.7692307692307693,-0.6754583524336583,0,0,Other,1.0,0.0,0.0,0
-0.3076923076923077,0.6339049036347087,0,1,Other,0.0,1.0,0.0,0
-0.11538461538461539,0.42539357741887623,0,1,Other,1.0,0.0,0.0,0
0.3076923076923077,-0.2012653826819292,1,1,Other,1.0,0.0,0.0,1
-0.34615384615384615,0.5269253681103191,0,1,Other,0.0,0.0,1.0,0
-0.9615384615384616,0.13701742613987417,1,1,Other,0.0,0.0,0.0,0
0.34615384615384615,-0.08646412571446288,0,0,Other,1.0,0.0,0.0,0
0.8846153846153846,-0.6754583524336583,1,1,Other,0.0,0.0,0.0,1
0.5,0.07733140226280719,1,1,Other,0.0,0.0,0.0,1
-0.5,-0.04202292924796761,0,1,Other,1.0,0.0,0.0,0
-0.8076923076923077,0.18880200547874826,1,1,Other,0.0,1.0,0.0,0
0.5769230769230769,0.38518656311522426,0,1,Other,0.0,0.0,1.0,0
-0.11538461538461539,-0.2237384373830451,1,1,Other,0.0,0.0,0.0,0
-0.8461538461538461,0.1630691619995438,0,1,Other,0.0,0.0,0.0,0
-0.8461538461538461,-0.6754583524336583,1,0,Other,0.0,0.0,0.0,0
0.4230769230769231,-0.6754583524336583,0,0,Other,0.0,0.0,1.0,0
-0.6153846153846154,-0.6754583524336583,0,0,Other,1.0,0.0,0.0,0
0.07692307692307693,0.2623155572976528,1,1,Other,0.0,1.0,0.0,0
0.9230769230769231,-0.1398254507123037,1,1,Elite,1.0,0.0,0.0,1
0.6923076923076923,0.31841404189448647,1,1,Elite,1.0,0.0,0.0,1
0.8076923076923077,0.2599504388092027,1,1,Other,0.0,1.0,0.0,1
0.5384615384615384,-0.6754583524336583,1,0,Elite,0.0,1.0,0.0,0
-0.2692307692307692,-0.6754583524336583,1,0,Other,0.0,0.0,0.0,0
0.38461538461538464,-0.009425041467082113,0,1,Other,0.0,0.0,0.0,0
-0.07692307692307693,-0.3084486550049495,1,1,Other,0.0,1.0,0.0,0
0.07692307692307693,0.43901736856208323,1,1,Other,0.0,0.0,0.0,0
0.8076923076923077,0.2008844834497069,1,1,Elite,0.0,0.0,1.0,1
0.6538461538461539,-0.09502992937862491,1,1,Other,1.0,0.0,0.0,1
0.6538461538461539,0.30181392186693773,1,1,Elite,0.0,0.0,0.0,1
0.4230769230769231,0.42604907842316575,1,1,Other,0.0,0.0,0.0,1
-0.8076923076923077,0.09838715749518893,1,1,Other,0.0,0.0,0.0,0
-0.8846153846153846,0.4878964839900523,0,1,Other,0.0,0.0,1.0,0
0.038461538461538464,-0.6754583524336583,1,0,Strong,1.0,0.0,0.0,0
0.4230769230769231,-0.6754583524336583,1,1,Elite,0.0,1.0,0.0,1
-0.23076923076923078,-0.11720180794263481,1,1,Other,0.0,0.0,1.0,0
0.8461538461538461,-0.3170764655208686,1,1,Other,0.0,0.0,0.0,1
0.38461538461538464,-0.6754583524336583,0,0,Other,1.0,0.0,0.0,0
-0.11538461538461539,0.5801626794046456,0,1,Strong,1.0,0.0,0.0,0
0.5769230769230769,-0.6754583524336583,1,1,Other,0.0,0.0,1.0,1
0.3076923076923077,-0.22683877997090107,1,1,Elite,0.0,0.0,1.0,1
-0.3076923076923077,-0.6754583524336583,1,0,Elite,1.0,0.0,0.0,0
0.8846153846153846,-0.045619326649880526,1,1,Other,0.0,0.0,0.0,1
-0.4230769230769231,0.21822868569834108,1,1,Other,0.0,1.0,0.0,0
0.5,0.0830006001377438,1,1,Other,0.0,0.0,1.0,1
0.5769230769230769,-0.6754583524336583,0,0,Other,1.0,0.0,0.0,0
0.3076923076923077,-0.012746837096927782,1,1,Other,0.0,0.0,1.0,0
-0.11538461538461539,-0.0642036659336571,1,1,Other,0.0,0.0,0.0,0
-0.5,-0.6754583524336583,1,0,Other,0.0,0.0,0.0,0
0.07692307692307693,0.4207076310503739,0,1,Other,0.0,0.0,1.0,0
0.8846153846153846,-0.6754583524336583,1,1,Elite,0.0,0.0,1.0,1
0.07692307692307693,-0.2811390658667783,0,1,Other,0.0,0.0,0.0,0
0.9230769230769231,0.17593115467830625,1,1,Strong,1.0,0.0,0.0,1
-0.4230769230769231,-0.6754583524336583,0,0,Other,1.0,0.0,0.0,0
-0.5,0.13151653257684975,0,1,Other,1.0,0.0,0.0,0
0.8846153846153846,0.15627498267129947,1,1,Other,0.0,0.0,0.0,1
-0.9615384615384616,0.30254028784466397,0,1,Other,1.0,0.0,0.0,0
0.15384615384615385,0.10013220746606785,0,1,Other,0.0,0.0,0.0,0
0.3076923076923077,0.6135135075282961,1,1,Other,0.0,0.0,1.0,0
-0.4230769230769231,0.43798096832557143,0,1,Other,0.0,0.0,1.0,0
-0.15384615384615385,-0.17840257062691142,1,1,Other,0.0,0.0,0.0,0
-0.8076923076923077,-0.6754583524336583,0,0,Other,0.0,0.0,1.0,0
-0.46153846153846156,0.38779085088902326,1,1,Other,0.0,0.0,0.0,0
0.8461538461538461,-0.6754583524336583,1,1,Other,1.0,0.0,0.0,1
0.6923076923076923,0.21971685014051195,1,1,Elite,1.0,0.0,0.0,1
-0.23076923076923078,-0.265539913589023,0,0,Other,0.0,0.0,0.0,0
0.8076923076923077,-0.6754583524336583,1,1,Other,0.0,0.0,0.0,1
-0.11538461538461539,0.4536332693334042,0,1,Strong,0.0,0.0,0.0,0
0.8461538461538461,-0.6754583524336583,1,1,Other,0.0,0.0,1.0,1
-0.2692307692307692,0.24268595965568482,1,1,Other,0.0,0.0,1.0,0
0.4230769230769231,0.3160046327976384,0,1,Other,0.0,1.0,0.0,0
-0.15384615384615385,-0.16625808580419565,0,1,Other,1.0,0.0,0.0,0
-0.3076923076923077,-0.6754583524336583,1,0,Other,1.0,0.0,0.0,0
-0.8846153846153846,-0.6754583524336583,1,0,Other,0.0,0.0,0.0,0
-0.9230769230769231,-0.6754583524336583,1,0,Other,0.0,0.0,1.0,0
0.23076923076923078,-0.6754583524336583,1,0,Strong,1.0,0.0,0.0,0
-0.9230769230769231,-0.6754583524336583,0,0,Other,1.0,0.0,0.0,0
0.23076923076923078,-0.6754583524336583,0,0,Other,1.0,0.0,0.0,0
-0.2692307692307692,0.41158376572039784,0,1,Other,0.0,1.0,0.0,0
0.6923076923076923,0.27838419002442627,1,1,Other,0.0,1.0,0.0,1
0.6153846153846154,-0.2766568562969065,1,1,Elite,0.0,0.0,1.0,1
0.11538461538461539,0.384114730391994,0,1,Other,0.0,0.0,0.0,0
-0.34615384615384615,-0.28705629114874337,1,1,Other,0.0,1.0,0.0,0
-0.4230769230769231,-0.15664702378184217,0,1,Strong,0.0,1.0,0.0,0
-0.6923076923076923,0.0974127641104342,0,1,Other,0.0,0.0,0.0,0
0.46153846153846156,-0.6754583524336583,1,1,Elite,1.0,0.0,0.0,1
-0.38461538461538464,0.4438184705124202,0,1,Other,0.0,0.0,1.0,0
0.6923076923076923,0.4739626585880597,1,1,Other,0.0,0.0,0.0,1
0.23076923076923078,0.6202722543698221,0,1,Other,0.0,0.0,0.0,0
0.07692307692307693,-0.6754583524336583,0,0,Other,1.0,0.0,0.0,0
-0.23076923076923078,0.10490673505136604,0,1,Other,0.0,0.0,1.0,0
0.11538461538461539,0.41133573831336934,0,1,Strong,1.0,0.0,0.0,0
0.5769230769230769,0.06293695453347595,0,1,Strong,0.0,1.0,0.0,0
0.38461538461538464,0.2455382748365123,1,1,Elite,1.0,0.0,0.0,1
-0.8461538461538461,-0.28775608276143083,1,1,Other,0.0,0.0,1.0,0
0.5769230769230769,0.21504862001536884,0,1,Other,0.0,1.0,0.0,0
-0.11538461538461539,0.28310556887964694,1,1,Strong,0.0,1.0,0.0,0
-0.7307692307692307,0.04087137342962112,1,1,Strong,0.0,1.0,0.0,0
-0.5,0.595717541074003,0,1,Other,1.0,0.0,0.0,0
0.5769230769230769,-0.12714062046713304,0,1,Other,1.0,0.0,0.0,0
-0.8076923076923077,-0.6754583524336583,0,0,Other,0.0,0.0,0.0,0
-0.6153846153846154,0.2367864506170789,1,1,Other,0.0,0.0,1.0,0
-0.38461538461538464,-0.17346859685138064,0,1,Other,0.0,0.0,0.0,0
-0.5384615384615384,0.3737064374184776,1,1,Other,0.0,1.0,0.0,0
-0.19230769230769232,0.33815879511828917,0,1,Other,1.0,0.0,0.0,0
0.46153846153846156,0.32664323693482417,0,1,Other,0.0,1.0,0.0,0
-0.19230769230769232,-0.07966994638621853,0,1,Other,1.0,0.0,0.0,0
-0.038461538461538464,-0.2679847551725894,0,1,Other,0.0,0.0,0.0,0
-0.5384615384615384,0.039436357717527785,0,1,Other,0.0,0.0,0.0,0
-0.9230769230769231,-0.6754583524336583,0,0,Other,0.0,1.0,0.0,0
-0.19230769230769232,0.4009540197048917,1,0,Other,0.0,0.0,1.0,0
0.2692307692307692,0.5653430418346942,1,1,Other,0.0,0.0,0.0,0
0.34615384615384615,0.062281453529186404,1,1,Elite,0.0,0.0,1.0,1
0.0,-0.29036037053522984,0,1,Other,0.0,1.0,0.0,0
0.8461538461538461,-0.12604221337886407,1,1,Elite,1.0,0.0,0.0,1
0.038461538461538464,0.5317619025473743,1,1,Other,0.0,0.0,1.0,0
-0.7307692307692307,-0.0936569205182887,1,1,Other,1.0,0.0,0.0,0
-0.5769230769230769,0.24186215433948308,1,1,Other,0.0,0.0,1.0,0
0.5384615384615384,-0.2780918720089999,1,1,Other,0.0,0.0,1.0,0
-0.2692307692307692,0.3400278587926823,0,1,Elite,1.0,0.0,0.0,0
-0.23076923076923078,-0.06019979493448312,0,0,Other,0.0,1.0,0.0,0
0.07692307692307693,-0.07544462234505485,0,1,Other,0.0,0.0,1.0,0
0.7307692307692307,0.00595265776868344,1,1,Elite,0.0,0.0,0.0,1
-0.8076923076923077,-0.05383080544685902,1,0,Strong,0.0,1.0,0.0,0
-0.8846153846153846,-0.18742013849673245,0,1,Strong,0.0,0.0,1.0,0
-0.4230769230769231,0.2744157515119706,1,1,Other,1.0,0.0,0.0,0
0.7307692307692307,0.33746786162728126,1,1,Strong,0.0,1.0,0.0,1
-0.9230769230769231,-0.037345841001144915,0,1,Other,0.0,0.0,1.0,0
0.19230769230769232,-0.6754583524336583,0,0,Other,0.0,0.0,1.0,0
0.19230769230769232,0.17293710955060534,1,1,Other,0.0,0.0,1.0,0
-0.07692307692307693,0.33583796723823695,0,1,Other,0.0,1.0,0.0,0
0.8076923076923077,0.16149241634057707,1,1,Strong,0.0,0.0,0.0,1
-0.6153846153846154,0.566831206276865,0,1,Other,0.0,1.0,0.0,0
0.2692307692307692,-0.6754583524336583,1,0,Other,0.0,0.0,1.0,0
0.6923076923076923,0.5246399727169853,1,1,Elite,0.0,0.0,1.0,1
-0.4230769230769231,-0.6754583524336583,0,0,Strong,1.0,0.0,0.0,0
0.6538461538461539,-0.6754583524336583,1,1,Other,0.0,1.0,0.0,1
0.7307692307692307,-0.6754583524336583,1,1,Other,0.0,0.0,1.0,1
0.5,-0.6754583524336583,1,0,Other,0.0,1.0,0.0,0
0.6153846153846154,-0.6754583524336583,1,1,Elite,1.0,0.0,0.0,1
-0.5,-0.6754583524336583,0,0,Other,0.0,0.0,0.0,0
-0.46153846153846156,-0.6754583524336583,0,0,Other,1.0,0.0,0.0,0
-0.038461538461538464,-0.6754583524336583,0,0,Other,1.0,0.0,0.0,0
-0.7692307692307693,-0.2733084863020221,1,1,Other,0.0,1.0,0.0,0
-0.6923076923076923,-0.6754583524336583,0,0,Other,0.0,0.0,0.0,0
0.11538461538461539,0.015324550505688022,1,0,Other,0.0,1.0,0.0,0
0.0,0.3565128232383964,0,1,Other,0.0,1.0,0.0,0
-0.9615384615384616,-0.24403239415098227,0,1,Other,0.0,0.0,0.0,0
-0.8846153846153846,0.35065760480818847,0,1,Other,0.0,0.0,1.0,0
0.11538461538461539,-0.6754583524336583,1,0,Other,0.0,1.0,0.0,0
-0.34615384615384615,-0.6754583524336583,0,0,Strong,1.0,0.0,0.0,0
-0.6153846153846154,-0.19001556814885187,0,1,Other,0.0,0.0,0.0,0
-0.46153846153846156,-0.6754583524336583,1,0,Other,0.0,0.0,0.0,0
0.5,-0.2337126823942617,0,1,Other,0.0,1.0,0.0,0
0.6538461538461539,-0.6754583524336583,1,1,Other,0.0,0.0,1.0,1
-0.038461538461538464,-0.6754583524336583,0,0,Other,1.0,0.0,0.0,0
0.07692307692307693,0.13679597309788447,0,1,Other,0.0,0.0,0.0,0
0.15384615384615385,-0.08213250421314412,0,1,Elite,0.0,1.0,0.0,0
-0.6538461538461539,0.65109851781479,1,1,Other,0.0,0.0,1.0,0
-0.34615384615384615,-0.6754583524336583,1,0,Other,1.0,0.0,0.0,0
0.6153846153846154,-0.10326798254064216,1,1,Other,0.0,0.0,0.0,1
0.38461538461538464,-0.6754583524336583,1,0,Other,1.0,0.0,0.0,0
-0.038461538461538464,-0.6754583524336583,0,0,Other,0.0,1.0,0.0,0
-0.38461538461538464,-0.6754583524336583,1,0,Other,0.0,1.0,0.0,0
0.5,0.018008561374603323,1,1,Other,1.0,0.0,0.0,0
0.6923076923076923,-0.6754583524336583,1,1,Elite,0.0,0.0,0.0,1
-0.23076923076923078,-0.29422251158753043,0,1,Other,1.0,0.0,0.0,0
0.2692307692307692,-0.16844604185905399,1,1,Elite,1.0,0.0,0.0,1
-0.07692307692307693,0.49462865646653953,1,1,Strong,0.0,0.0,1.0,0
0.19230769230769232,-0.026813534324114242,1,1,Strong,1.0,0.0,0.0,0
-0.9230769230769231,0.39927983470744943,0,1,Other,0.0,0.0,1.0,0
0.5,-0.2867905474983557,0,1,Other,0.0,0.0,0.0,0
-0.8846153846153846,-0.1940637297564238,0,1,Other,0.0,1.0,0.0,0
0.11538461538461539,0.27955346208613197,1,1,Other,0.0,0.0,0.0,0
0.7692307692307693,0.15170419188463183,1,1,Elite,1.0,0.0,0.0,1
-0.6153846153846154,-0.16727676979734832,1,1,Strong,0.0,1.0,0.0,0
-0.07692307692307693,0.07113957520877486,1,1,Other,0.0,1.0,0.0,0
0.19230769230769232,-0.21287838020386968,0,1,Other,1.0,0.0,0.0,0
-0.8846153846153846,-0.6754583524336583,1,0,Strong,1.0,0.0,0.0,0
-0.7307692307692307,-0.16716161421551368,0,1,Strong,1.0,0.0,0.0,0
0.19230769230769232,0.5162247571213762,1,1,Other,0.0,0.0,0.0,0
-0.11538461538461539,0.5297422508044282,0,0,Strong,1.0,0.0,0.0,0
0.07692307692307693,-0.6754583524336583,0,0,Strong,0.0,1.0,0.0,0
0.2692307692307692,0.024740733851090546,0,0,Other,0.0,0.0,0.0,0
-0.8076923076923077,-0.1284073318673142,0,1,Other,0.0,0.0,0.0,0
-0.6538461538461539,0.3604369711424541,0,1,Other,0.0,0.0,0.0,0
-0.4230769230769231,0.23883267672506384,0,1,Other,1.0,0.0,0.0,0
0.6923076923076923,0.3772319698469538,1,1,Other,1.0,0.0,0.0,1
-0.5384615384615384,0.3364048870257306,1,1,Other,0.0,1.0,0.0,0
0.6153846153846154,-0.11341938998545054,1,1,Elite,0.0,0.0,0.0,1
0.4230769230769231,0.3330742332742054,0,1,Strong,0.0,1.0,0.0,0
0.5384615384615384,-0.28854445559091424,1,1,Other,1.0,0.0,0.0,1
-0.9615384615384616,-0.6754583524336583,0,0,Strong,0.0,0.0,0.0,0
0.3076923076923077,0.01516510431545543,0,1,Other,0.0,0.0,0.0,0
0.23076923076923078,-0.1594639064759513,1,1,Strong,0.0,1.0,0.0,0
0.8846153846153846,0.2150929106237668,1,1,Other,0.0,0.0,1.0,1
-0.9230769230769231,-0.6754583524336583,1,0,Other,0.0,1.0,0.0,0
-0.7692307692307693,0.3892790153311941,1,1,Other,0.0,1.0,0.0,0
-0.6153846153846154,-0.04490181879383386,1,1,Other,0.0,0.0,0.0,0
-0.23076923076923078,0.14025949867460355,0,1,Strong,0.0,0.0,0.0,0
-0.8846153846153846,-0.6754583524336583,0,0,Other,0.0,1.0,0.0,0
0.8461538461538461,-0.6754583524336583,1,1,Elite,0.0,0.0,1.0,1
-0.038461538461538464,0.02425353715871318,0,1,Other,0.0,0.0,1.0,0
-0.7307692307692307,-0.6754583524336583,0,0,Other,0.0,1.0,0.0,0
-0.4230769230769231,0.06802151637755972,1,1,Other,0.0,1.0,0.0,0
0.23076923076923078,0.07411590409311658,1,1,Other,1.0,0.0,0.0,1
0.3076923076923077,0.2676038559403671,0,1,Other,0.0,0.0,1.0,0
0.6923076923076923,-0.6754583524336583,1,1,Elite,0.0,1.0,0.0,1
0.5384615384615384,0.14960481704656936,1,0,Other,0.0,0.0,1.0,0
0.6153846153846154,0.02814225257605251,1,1,Other,0.0,1.0,0.0,1
-0.07692307692307693,-0.2727681408795672,1,1,Other,0.0,1.0,0.0,0
0.8461538461538461,0.6398309870383535,1,1,Other,0.0,0.0,1.0,1
0.07692307692307693,0.6421606730400852,1,1,Other,1.0,0.0,0.0,0
0.5,0.4443588159348751,1,1,Other,0.0,0.0,0.0,1
-0.6923076923076923,0.3260586009039713,0,1,Other,0.0,0.0,1.0,0
-0.19230769230769232,-0.2525273328417076,0,0,Other,0.0,0.0,1.0,0
-0.15384615384615385,-0.6754583524336583,0,0,Other,0.0,0.0,0.0,0
0.5384615384615384,0.5063479514486351,0,0,Other,0.0,0.0,0.0,0
-0.19230769230769232,0.3259965940522142,0,1,Elite,0.0,0.0,1.0,0
0.07692307692307693,0.374795986385067,1,1,Strong,0.0,0.0,0.0,0
-0.11538461538461539,-0.03342169309708723,1,1,Other,0.0,0.0,0.0,0
-0.5769230769230769,0.1280972976085286,0,1,Strong,0.0,0.0,0.0,0
-0.7307692307692307,0.4121949761162894,0,1,Other,1.0,0.0,0.0,0
-0.38461538461538464,0.21161166880368854,0,1,Strong,0.0,0.0,1.0,0
-0.7692307692307693,-0.18888172857386457,1,1,Other,1.0,0.0,0.0,0
-0.9230769230769231,0.41786417399122605,0,1,Strong,1.0,0.0,0.0,0
-0.7307692307692307,0.2582496794467217,0,1,Strong,0.0,0.0,1.0,0
-0.9615384615384616,-0.6754583524336583,1,0,Other,0.0,1.0,0.0,0
-0.3076923076923077,0.11465952702059291,0,1,Other,1.0,0.0,0.0,0
-0.7307692307692307,-0.23345579686555365,1,1,Other,0.0,0.0,1.0,0
-0.19230769230769232,0.2065713975680027,0,1,Other,1.0,0.0,0.0,0
0.2692307692307692,-0.6754583524336583,0,0,Other,0.0,0.0,0.0,0
0.9230769230769231,0.4914485907835673,1,1,Elite,0.0,0.0,0.0,1
0.07692307692307693,-0.6754583524336583,0,0,Other,1.0,0.0,0.0,0
0.4230769230769231,0.17111233648461013,1,1,Other,0.0,0.0,1.0,0
-0.11538461538461539,0.32226732482510745,0,1,Other,1.0,0.0,0.0,0
-0.2692307692307692,0.4409927296966315,0,1,Other,0.0,0.0,1.0,0
0.8461538461538461,-0.6754583524336583,1,1,Elite,0.0,0.0,1.0,1
0.8846153846153846,-0.011816734320570994,1,1,Other,1.0,0.0,0.0,1
0.6538461538461539,-0.0510847877261866,1,1,Elite,0.0,1.0,0.0,1
-0.8461538461538461,-0.011914173659046467,1,1,Other,0.0,1.0,0.0,0
0.19230769230769232,0.25860400431390523,1,1,Other,1.0,0.0,0.0,0
0.19230769230769232,0.1375311971972903,1,1,Elite,0.0,1.0,0.0,0
-0.9615384615384616,0.49322907324116455,0,1,Other,0.0,1.0,0.0,0
-0.19230769230769232,-0.6754583524336583,0,0,Other,0.0,0.0,1.0,0
-0.2692307692307692,0.2193093765432509,0,0,Elite,0.0,1.0,0.0,0
0.19230769230769232,0.001098407088268968,1,1,Other,0.0,1.0,0.0,0
0.07692307692307693,-0.6754583524336583,0,0,Other,1.0,0.0,0.0,0
0.46153846153846156,0.4017601087777342,1,1,Other,0.0,0.0,0.0,1
-0.6538461538461539,-0.6754583524336583,0,0,Strong,1.0,0.0,0.0,0
-0.5,-0.6754583524336583,0,0,Other,0.0,1.0,0.0,0
0.6153846153846154,0.30785516085241704,1,1,Elite,1.0,0.0,0.0,1
0.6538461538461539,0.6524183779450486,1,1,Strong,0.0,0.0,0.0,1
-0.5384615384615384,-0.6754583524336583,0,0,Other,0.0,0.0,1.0,0
0.8846153846153846,0.08517083994924296,1,1,Elite,0.0,1.0,0.0,1
0.8846153846153846,0.3860635171615035,1,1,Elite,0.0,0.0,1.0,1
0.7692307692307693,0.13624676955374998,1,1,Elite,0.0,0.0,1.0,1
-0.34615384615384615,0.24979017324271474,1,1,Other,0.0,0.0,0.0,0
0.8461538461538461,-0.6754583524336583,1,1,Elite,1.0,0.0,0.0,1
0.7307692307692307,0.21220516295622094,1,1,Other,0.0,0.0,1.0,1
0.7692307692307693,0.28146681636892307,1,1,Elite,0.0,1.0,0.0,1
0.46153846153846156,0.48955295274413535,1,1,Strong,1.0,0.0,0.0,0
-0.9615384615384616,0.5228772065027472,1,1,Strong,0.0,0.0,1.0,0
-0.5384615384615384,-0.23232195729056632,1,0,Other,0.0,0.0,0.0,0
-0.7307692307692307,0.2582673956900809,0,1,Other,0.0,0.0,1.0,0
0.038461538461538464,0.39031541556770594,0,1,Other,0.0,0.0,0.0,0
0.46153846153846156,0.026556648795406177,1,1,Other,0.0,1.0,0.0,1
-0.15384615384615385,-0.011559848791862929,1,1,Other,0.0,0.0,1.0,0
-0.2692307692307692,-0.24464360454687387,0,1,Other,0.0,0.0,0.0,0
0.46153846153846156,0.05670083687104568,1,1,Elite,0.0,1.0,0.0,1
0.11538461538461539,-0.6754583524336583,0,0,Other,0.0,0.0,0.0,0
-0.6923076923076923,-0.6754583524336583,1,0,Other,0.0,0.0,1.0,0
-0.23076923076923078,-0.2705270360946313,0,1,Other,0.0,0.0,1.0,0
0.19230769230769232,-0.6754583524336583,1,0,Other,1.0,0.0,0.0,0
0.5769230769230769,0.37228027982806383,0,0,Other,1.0,0.0,0.0,0
0.38461538461538464,0.610546036765634,0,1,Other,0.0,1.0,0.0,0
-0.9615384615384616,0.11873426299320361,1,1,Other,0.0,1.0,0.0,0
0.34615384615384615,-0.6754583524336583,1,0,Other,0.0,0.0,1.0,0
-0.15384615384615385,0.2224362934961456,1,1,Other,0.0,0.0,0.0,0
0.9230769230769231,-0.6754583524336583,1,1,Other,0.0,0.0,0.0,1
0.4230769230769231,0.6014487458006967,0,1,Other,0.0,1.0,0.0,0
-0.11538461538461539,0.19238068663730198,1,1,Other,1.0,0.0,0.0,0
0.15384615384615385,-0.13045355797529912,1,1,Strong,1.0,0.0,0.0,0
0.07692307692307693,-0.6754583524336583,1,0,Other,1.0,0.0,0.0,0
0.15384615384615385,-0.6754583524336583,1,0,Elite,0.0,0.0,0.0,0
-0.7692307692307693,-0.29075012788913174,0,1,Other,0.0,0.0,1.0,0
-0.6923076923076923,-0.6754583524336583,0,0,Other,0.0,0.0,0.0,0
-0.9230769230769231,0.1503400411459752,1,1,Other,0.0,1.0,0.0,0
-0.2692307692307692,-0.08657042317461794,1,0,Elite,0.0,0.0,1.0,0
-0.038461538461538464,-0.025644262262408568,0,1,Other,1.0,0.0,0.0,0
-0.6153846153846154,-0.6754583524336583,1,0,Other,0.0,0.0,1.0,0
-0.6538461538461539,-0.6754583524336583,1,0,Other,0.0,1.0,0.0,0
-0.2692307692307692,0.28692341932354953,1,1,Strong,1.0,0.0,0.0,0
0.8076923076923077,0.2528019346137748,1,1,Elite,0.0,1.0,0.0,1
0.2692307692307692,0.27724149232775935,1,1,Other,0.0,0.0,1.0,0
-0.5,-0.15068550789147916,1,1,Other,0.0,1.0,0.0,0
-0.07692307692307693,0.5521444405321073,0,1,Strong,0.0,0.0,1.0,0
0.46153846153846156,-0.18973210825510506,1,0,Other,1.0,0.0,0.0,0
-0.6153846153846154,0.11159461691945531,0,1,Other,0.0,0.0,1.0,0
-0.07692307692307693,0.0645137001924427,1,1,Other,0.0,1.0,0.0,0
-0.8846153846153846,0.6016613407210069,1,1,Other,0.0,1.0,0.0,0
-0.9230769230769231,-0.2318701930849073,0,1,Other,0.0,0.0,0.0,0
0.34615384615384615,-0.012082477970958648,0,1,Other,0.0,0.0,1.0,0
-0.46153846153846156,0.3852574280886609,0,1,Other,0.0,0.0,0.0,0
0.7307692307692307,-0.6754583524336583,1,1,Other,0.0,1.0,0.0,1
-0.5769230769230769,-0.6754583524336583,1,0,Other,0.0,0.0,1.0,0
-0.9230769230769231,0.4833256932033847,0,1,Other,0.0,0.0,0.0,0
-0.8076923076923077,-0.2601541756078332,1,1,Other,0.0,1.0,0.0,0
-0.9615384615384616,-0.6754583524336583,1,0,Other,0.0,0.0,0.0,0
0.38461538461538464,-0.17394693542207842,1,1,Other,0.0,1.0,0.0,1
-0.38461538461538464,0.24440443526152497,0,1,Other,1.0,0.0,0.0,0
0.8846153846153846,-0.6754583524336583,1,1,Elite,0.0,1.0,0.0,1
0.7692307692307693,-0.6754583524336583,1,1,Elite,0.0,1.0,0.0,1
-0.46153846153846156,-0.2870120005403454,1,1,Other,0.0,0.0,1.0,0
-0.2692307692307692,0.43080588976510475,0,1,Other,0.0,0.0,0.0,0
0.8461538461538461,-0.20712060111213718,1,1,Other,0.0,0.0,0.0,1
-0.38461538461538464,-0.6754583524336583,0,0,Other,0.0,1.0,0.0,0
0.9230769230769231,-0.6754583524336583,1,1,Other,1.0,0.0,0.0,1
0.46153846153846156,-0.6754583524336583,0,0,Other,1.0,0.0,0.0,0
0.34615384615384615,0.08502025188068996,1,1,Other,0.0,1.0,0.0,0
-0.34615384615384615,-0.18527647305027206,1,1,Other,1.0,0.0,0.0,0
0.8461538461538461,-0.6754583524336583,1,1,Other,1.0,0.0,0.0,1
-0.8076923076923077,-0.16442445461652083,1,1,Other,0.0,0.0,1.0,0
0.7307692307692307,-0.13381078609186314,1,1,Other,0.0,0.0,0.0,1
-0.6153846153846154,0.5279351939817921,0,1,Other,0.0,1.0,0.0,0
-0.34615384615384615,0.1480457876309618,1,1,Other,0.0,1.0,0.0,0
0.8461538461538461,0.4065346363630324,1,1,Other,0.0,0.0,0.0,1
-0.38461538461538464,-0.6754583524336583,0,0,Other,0.0,0.0,0.0,0
0.0,-0.23887696733346178,0,1,Strong,0.0,0.0,0.0,0
-0.8461538461538461,-0.6754583524336583,0,0,Other,0.0,1.0,0.0,0
0.07692307692307693,-0.6754583524336583,1,0,Strong,1.0,0.0,0.0,0
0.038461538461538464,-0.6754583524336583,1,0,Other,1.0,0.0,0.0,0
0.038461538461538464,0.3294335452638945,1,1,Other,1.0,0.0,0.0,0
-0.7692307692307693,-0.6754583524336583,1,0,Other,1.0,0.0,0.0,0
-0.6153846153846154,0.09475532760655767,1,1,Other,0.0,0.0,0.0,0
0.6923076923076923,0.47660237884857704,1,1,Elite,0.0,1.0,0.0,1
-0.6538461538461539,0.6088098449164346,1,1,Other,0.0,1.0,0.0,0
0.7307692307692307,-0.262785037746671,1,1,Elite,1.0,0.0,0.0,1
0.5384615384615384,-0.2353957255133835,0,1,Other,0.0,0.0,1.0,0
0.46153846153846156,0.637279847994632,1,1,Other,0.0,1.0,0.0,1
-0.3076923076923077,-0.026565506917085768,0,1,Other,1.0,0.0,0.0,0
-0.8846153846153846,0.38655957197556046,0,1,Other,0.0,0.0,1.0,0
-0.6923076923076923,-0.6754583524336583,1,0,Strong,0.0,0.0,1.0,0
0.5,-0.10977870197513968,1,0,Other,0.0,1.0,0.0,0
-0.6923076923076923,-0.12171059187754532,1,1,Other,0.0,0.0,0.0,0
0.11538461538461539,0.07341611248042909,0,1,Other,1.0,0.0,0.0,0
-0.9615384615384616,-0.19570248226714768,1,1,Other,0.0,0.0,0.0,0
-0.38461538461538464,-0.06730400852151305,1,1,Strong,0.0,0.0,1.0,0
0.3076923076923077,0.16109380086499558,0,1,Other,0.0,0.0,0.0,0
-0.8461538461538461,-0.6754583524336583,1,0,Other,0.0,0.0,0.0,0
0.34615384615384615,-0.16143926761049954,1,1,Other,0.0,1.0,0.0,0
0.0,-0.6754583524336583,1,0,Other,0.0,0.0,1.0,0
-0.8846153846153846,0.2518984062024568,0,1,Other,0.0,0.0,0.0,0
-0.23076923076923078,0.3858863547279117,0,1,Other,0.0,0.0,1.0,0
0.4230769230769231,0.3421803823608223,1,1,Other,0.0,1.0,0.0,0
0.23076923076923078,-0.6754583524336583,1,1,Other,1.0,0.0,0.0,1
0.7692307692307693,-0.026388344483493996,1,1,Other,0.0,0.0,0.0,1
-0.8846153846153846,0.5607013860745899,1,1,Other,0.0,1.0,0.0,0
-0.4230769230769231,-0.6754583524336583,0,0,Other,0.0,0.0,0.0,0
-0.23076923076923078,0.4251366918901682,0,1,Other,0.0,0.0,0.0,0
0.46153846153846156,-0.6754583524336583,0,0,Other,1.0,0.0,0.0,0
-0.9230769230769231,-0.003959580390776038,0,1,Other,0.0,1.0,0.0,0
-0.38461538461538464,-0.22011546561609344,0,1,Other,0.0,0.0,1.0,0
-0.2692307692307692,-0.6754583524336583,1,0,Other,0.0,0.0,0.0,0
0.8076923076923077,0.14702710363780913,1,1,Other,0.0,1.0,0.0,1
0.38461538461538464,-0.30687190934598274,0,1,Other,0.0,0.0,0.0,0
0.15384615384615385,-0.6754583524336583,0,0,Other,0.0,1.0,0.0,0
-0.7307692307692307,0.21191284494079454,1,1,Other,1.0,0.0,0.0,0
0.11538461538461539,0.016803856826179294,0,1,Other,1.0,0.0,0.0,0
-0.4230769230769231,-0.6754583524336583,1,0,Other,0.0,0.0,1.0,0
-0.5,-0.6754583524336583,1,0,Other,0.0,0.0,0.0,0
0.19230769230769232,0.25517591122390454,0,1,Other,0.0,0.0,0.0,0
-0.8846153846153846,-0.6754583524336583,1,0,Strong,0.0,0.0,1.0,0
-0.5384615384615384,0.1992811634257014,0,1,Other,0.0,0.0,1.0,0
-0.5769230769230769,0.5110693303038557,1,1,Other,1.0,0.0,0.0,0
0.3076923076923077,0.5111136209122537,1,1,Other,0.0,0.0,0.0,0
0.6923076923076923,-0.3180420007839438,1,1,Other,1.0,0.0,0.0,1
-0.46153846153846156,0.15965878515290224,1,1,Other,1.0,0.0,0.0,0
0.6923076923076923,-0.6754583524336583,1,1,Other,1.0,0.0,0.0,1
0.2692307692307692,0.19883825734172197,0,1,Other,0.0,1.0,0.0,0
0.8461538461538461,0.06513376871001389,1,1,Other,1.0,0.0,0.0,1
-0.5769230769230769,-0.6754583524336583,1,0,Other,0.0,0.0,1.0,0
0.6538461538461539,-0.6754583524336583,1,1,Other,0.0,1.0,0.0,1
0.23076923076923078,-0.6754583524336583,1,1,Elite,0.0,0.0,0.0,1
0.34615384615384615,0.39198960056514814,1,1,Elite,0.0,0.0,1.0,1
-0.7692307692307693,-0.6754583524336583,0,0,Other,0.0,0.0,0.0,0
0.5384615384615384,0.3452718668269987,1,1,Other,0.0,0.0,1.0,0
0.8076923076923077,0.1411364527208828,1,1,Other,0.0,0.0,0.0,1
0.46153846153846156,-0.6754583524336583,1,0,Other,1.0,0.0,0.0,0
0.038461538461538464,-0.6754583524336583,0,0,Other,1.0,0.0,0.0,0
-0.11538461538461539,0.08776626960136238,1,1,Other,1.0,0.0,0.0,0
0.5,0.6331962539003417,0,1,Other,0.0,0.0,1.0,0
-0.6538461538461539,0.26857824932512186,1,1,Other,0.0,0.0,0.0,0
-0.5,0.0035078161851170267,0,1,Other,0.0,0.0,1.0,0
-0.2692307692307692,0.5333209319629819,0,1,Other,1.0,0.0,0.0,0
0.8076923076923077,0.43854788811306505,1,1,Elite,1.0,0.0,0.0,1
0.7692307692307693,0.08132641514030158,1,1,Other,0.0,0.0,1.0,1
-0.38461538461538464,-0.6754583524336583,0,0,Other,1.0,0.0,0.0,0
0.8846153846153846,0.1410478715040869,1,1,Elite,0.0,0.0,1.0,1
-0.8076923076923077,-0.060323808637997356,1,1,Strong,0.0,0.0,1.0,0
-0.7307692307692307,0.4145955270914579,1,1,Other,1.0,0.0,0.0,0
0.19230769230769232,-0.6754583524336583,1,0,Other,0.0,0.0,0.0,0
-0.11538461538461539,-0.1280264326350919,1,1,Strong,1.0,0.0,0.0,0
0.46153846153846156,-0.23503254252452038,0,1,Strong,0.0,0.0,1.0,0
0.8076923076923077,-0.6754583524336583,1,1,Other,1.0,0.0,0.0,1
-0.9230769230769231,0.24342118375509064,0,1,Other,0.0,1.0,0.0,0
-0.6923076923076923,0.4619776199555765,0,1,Other,0.0,1.0,0.0,0
-0.2692307692307692,0.23542229987842228,0,1,Other,0.0,0.0,0.0,0
0.38461538461538464,-0.6754583524336583,1,1,Elite,0.0,0.0,1.0,1
-0.7692307692307693,0.5992430735024792,0,1,Strong,0.0,0.0,1.0,0
-0.5,-0.6754583524336583,0,0,Other,0.0,0.0,1.0,0
0.8461538461538461,-0.17186527682737515,1,1,Other,1.0,0.0,0.0,1
0.3076923076923077,-0.6754583524336583,0,0,Other,0.0,0.0,1.0,0
0.23076923076923078,-0.6754583524336583,1,0,Other,1.0,0.0,0.0,0
0.34615384615384615,0.30722623421316625,0,1,Other,0.0,1.0,0.0,0
-0.23076923076923078,0.29258375907680656,1,1,Other,1.0,0.0,0.0,0
0.19230769230769232,-0.6754583524336583,1,0,Other,0.0,0.0,0.0,0
-0.34615384615384615,-0.6754583524336583,0,0,Other,0.0,0.0,1.0,0
0.8461538461538461,0.5044966040176011,1,1,Other,0.0,1.0,0.0,1
0.7307692307692307,0.29973226327223446,1,1,Elite,0.0,0.0,1.0,1
0.8461538461538461,0.5607988254130652,1,1,Other,1.0,0.0,0.0,1
-0.9615384615384616,0.2934872874881246,1,1,Other,0.0,0.0,1.0,0
-0.9615384615384616,0.2549190256951965,1,1,Strong,0.0,1.0,0.0,0
0.19230769230769232,-0.10091172217387163,0,1,Other,0.0,0.0,1.0,0
-0.8846153846153846,0.0790853103553657,0,1,Strong,0.0,0.0,0.0,0
-0.2692307692307692,0.6322041442722278,0,1,Other,0.0,0.0,0.0,0
0.34615384615384615,0.10444611272402743,0,1,Other,0.0,0.0,1.0,0
0.46153846153846156,0.42506582691673145,1,1,Strong,0.0,1.0,0.0,0
-0.5,-0.13395251603873656,1,1,Other,0.0,0.0,1.0,0
-0.7307692307692307,-0.2427833989941603,0,1,Other,0.0,0.0,1.0,0
-0.3076923076923077,-0.6754583524336583,0,0,Other,0.0,0.0,0.0,0
0.7307692307692307,-0.24854117808589277,1,1,Other,0.0,0.0,0.0,1
-0.5769230769230769,0.12036415738224789,0,0,Other,1.0,0.0,0.0,0
-0.3076923076923077,-0.03379373420762994,0,1,Other,0.0,0.0,1.0,0
0.6923076923076923,0.501591140106696,1,1,Other,1.0,0.0,0.0,1
0.038461538461538464,-0.6754583524336583,0,0,Other,0.0,0.0,0.0,0
0.8076923076923077,0.11619198207116171,1,1,Other,0.0,0.0,0.0,1
-0.8076923076923077,0.454563372109761,1,1,Other,1.0,0.0,0.0,0
-0.8846153846153846,-0.6754583524336583,0,0,Elite,0.0,0.0,0.0,0
0.19230769230769232,-0.2852669505694665,1,1,Other,1.0,0.0,0.0,1
0.038461538461538464,-0.6754583524336583,0,0,Other,0.0,0.0,0.0,0
0.3076923076923077,0.47777165091028273,1,0,Other,0.0,0.0,1.0,0
0.46153846153846156,0.4779753877089133,0,1,Strong,0.0,1.0,0.0,0
0.2692307692307692,0.29796063893631675,1,1,Other,0.0,1.0,0.0,1
-0.5,0.08158330066900964,0,1,Other,0.0,0.0,1.0,0
-0.7307692307692307,-0.1308610315725602,1,1,Other,0.0,0.0,0.0,0
-0.9615384615384616,0.09991075442407815,0,1,Other,1.0,0.0,0.0,0
0.5,0.0760912652276648,1,1,Other,0.0,1.0,0.0,1
0.8461538461538461,0.4830156589445991,1,1,Other,0.0,0.0,0.0,1
-0.8846153846153846,-0.6754583524336583,0,0,Other,0.0,0.0,1.0,0
-0.5,0.025413951098739267,0,1,Other,0.0,0.0,1.0,0
-0.5769230769230769,-0.003667262375349619,0,1,Other,1.0,0.0,0.0,0
0.46153846153846156,-0.6754583524336583,1,0,Other,1.0,0.0,0.0,0
0.5769230769230769,0.19864337866477103,0,1,Strong,1.0,0.0,0.0,0
-0.7307692307692307,0.11818505944906912,1,1,Other,1.0,0.0,0.0,0
0.3076923076923077,0.11286132831963647,1,0,Strong,1.0,0.0,0.0,0
-0.2692307692307692,-0.6754583524336583,0,0,Other,0.0,0.0,1.0,0
0.38461538461538464,0.0393477765007319,0,1,Other,0.0,0.0,1.0,0
0.6538461538461539,-0.6754583524336583,1,1,Other,1.0,0.0,0.0,1
0.038461538461538464,0.3983763062961314,0,1,Other,1.0,0.0,0.0,0
0.0,0.002276537271654232,0,1,Other,0.0,0.0,1.0,0
-0.5769230769230769,-0.6754583524336583,0,0,Other,1.0,0.0,0.0,0
0.34615384615384615,-0.6754583524336583,1,0,Other,0.0,0.0,1.0,0
-0.6923076923076923,0.48235129981862995,0,1,Other,1.0,0.0,0.0,0
0.2692307692307692,0.5951860537732276,0,1,Other,1.0,0.0,0.0,0
0.5384615384615384,0.6391843441557435,0,1,Other,0.0,0.0,1.0,0
-0.5769230769230769,-0.026494641943649058,0,1,Other,1.0,0.0,0.0,0
0.6923076923076923,0.23927558280904326,1,1,Other,0.0,0.0,0.0,1
-0.3076923076923077,0.08862550740428246,0,0,Other,0.0,0.0,0.0,0
0.8461538461538461,0.5381751826433964,1,1,Strong,0.0,0.0,0.0,1
-0.11538461538461539,-0.6754583524336583,0,0,Other,0.0,0.0,1.0,0
-0.7307692307692307,-0.6754583524336583,0,0,Other,0.0,0.0,0.0,0
0.0,-0.6754583524336583,1,0,Other,0.0,0.0,0.0,0
-0.8846153846153846,0.3012292858360849,1,1,Other,0.0,0.0,1.0,0
-0.38461538461538464,-0.6754583524336583,0,0,Other,0.0,1.0,0.0,0
0.46153846153846156,-0.6754583524336583,1,0,Other,0.0,1.0,0.0,0
-0.5384615384615384,0.065346363630324,0,1,Other,0.0,0.0,1.0,0
0.0,-0.2486740499110866,1,1,Other,0.0,1.0,0.0,0
0.34615384615384615,0.4610120846925014,0,1,Other,0.0,0.0,1.0,0
0.5,0.4458646966204051,0,1,Other,0.0,1.0,0.0,0
-0.11538461538461539,0.468036575184415,0,1,Other,0.0,0.0,0.0,0
0.8076923076923077,-0.6754583524336583,1,1,Other,1.0,0.0,0.0,1
0.23076923076923078,-0.1355381198193829,0,1,Other,0.0,1.0,0.0,0
0.38461538461538464,-0.6754583524336583,0,0,Other,1.0,0.0,0.0,0
0.5,0.32271908903076646,0,1,Other,0.0,0.0,1.0,0
-0.8076923076923077,-0.6754583524336583,0,0,Other,0.0,1.0,0.0,0
-0.6153846153846154,-0.6754583524336583,1,0,Other,1.0,0.0,0.0,0
0.5384615384615384,-0.07649873882492587,1,1,Elite,0.0,0.0,1.0,1
-0.46153846153846156,0.27906626539375456,1,1,Other,0.0,0.0,1.0,0
-0.46153846153846156,-0.6754583524336583,0,0,Other,0.0,1.0,0.0,0
-0.6153846153846154,0.27778183775021426,0,1,Other,0.0,0.0,0.0,0
0.0,0.6484676556759522,1,1,Other,0.0,0.0,1.0,0
0.19230769230769232,-0.6754583524336583,0,0,Other,0.0,1.0,0.0,0
-0.46153846153846156,-0.6754583524336583,1,0,Other,0.0,0.0,0.0,0
-0.11538461538461539,-0.6754583524336583,0,0,Other,1.0,0.0,0.0,0
-0.5,-0.2879952520467797,1,1,Other,0.0,1.0,0.0,0
-0.5769230769230769,0.0269995548793856,1,1,Other,0.0,1.0,0.0,0
-0.7692307692307693,-0.6754583524336583,0,0,Other,0.0,0.0,0.0,0
0.7692307692307693,-0.09783795395105445,1,1,Elite,0.0,1.0,0.0,1
-0.3076923076923077,-0.13985202507734248,1,1,Other,0.0,1.0,0.0,0
0.07692307692307693,-0.19233639602890404,0,1,Other,0.0,1.0,0.0,0
-0.5384615384615384,-0.6754583524336583,1,0,Other,0.0,0.0,0.0,0
0.34615384615384615,0.3102911443143039,1,1,Other,0.0,1.0,0.0,0
0.07692307692307693,0.4861337177758142,0,1,Other,0.0,0.0,1.0,0
0.6153846153846154,0.29643704200742754,1,1,Other,0.0,0.0,0.0,1
-0.11538461538461539,-0.24173814063596885,0,1,Other,0.0,0.0,1.0,0
0.8076923076923077,0.6173579323372376,1,1,Other,1.0,0.0,0.0,1
-0.6153846153846154,0.5449959363366795,0,0,Other,0.0,1.0,0.0,0
0.5,-0.6754583524336583,1,0,Other,0.0,1.0,0.0,0
0.07692307692307693,0.18423121469208062,0,1,Other,1.0,0.0,0.0,0
0.7307692307692307,-0.6754583524336583,1,1,Other,0.0,0.0,0.0,1
0.7307692307692307,-0.6754583524336583,1,1,Other,0.0,0.0,0.0,1
0.9230769230769231,0.495222150619072,1,1,Elite,1.0,0.0,0.0,1
0.19230769230769232,-0.21340100938296538,1,1,Other,0.0,1.0,0.0,0
0.6923076923076923,-0.6754583524336583,1,1,Other,0.0,0.0,0.0,1
-0.7692307692307693,0.1056951078808494,0,1,Other,0.0,0.0,1.0,0
0.4230769230769231,-0.6754583524336583,1,1,Elite,1.0,0.0,0.0,1
0.8846153846153846,-0.31078719912836084,1,1,Other,0.0,1.0,0.0,1
-0.6538461538461539,-0.6754583524336583,0,0,Other,0.0,1.0,0.0,0
-0.15384615384615385,-0.0733275312636332,0,1,Other,0.0,0.0,1.0,0
-0.5384615384615384,0.40793421958840737,0,1,Other,0.0,0.0,0.0,0
-0.2692307692307692,-0.01402240661878852,1,1,Other,0.0,0.0,1.0,0
-0.11538461538461539,0.5218142319011965,1,1,Other,0.0,0.0,0.0,0
-0.07692307692307693,0.47537995805679384,1,1,Other,0.0,0.0,0.0,0
-0.11538461538461539,0.3806777791803137,0,1,Other,1.0,0.0,0.0,0
0.6153846153846154,-0.16648839696786494,1,1,Other,0.0,0.0,0.0,1
-0.9230769230769231,-0.00961106202235347,1,1,Other,0.0,0.0,1.0,0
-0.7307692307692307,-0.18912089785921343,0,1,Other,0.0,0.0,1.0,0
-0.038461538461538464,-0.10992929004369269,1,1,Other,1.0,0.0,0.0,0
-0.07692307692307693,0.22557206857071993,0,0,Other,0.0,0.0,1.0,0
-0.8846153846153846,-0.2975620234607353,1,1,Other,1.0,0.0,0.0,0
0.9230769230769231,0.04628368577584966,1,1,Other,0.0,1.0,0.0,1
-0.19230769230769232,-0.137451474102174,0,1,Other,1.0,0.0,0.0,0
0.07692307692307693,-0.023544887424346104,0,1,Other,0.0,0.0,0.0,0
0.038461538461538464,0.1689155223080722,1,1,Other,1.0,0.0,0.0,0
-0.7307692307692307,-0.6754583524336583,0,0,Other,1.0,0.0,0.0,0
-0.4230769230769231,-0.6754583524336583,1,0,Other,0.0,0.0,0.0,0
0.15384615384615385,0.40979442514112097,1,1,Other,1.0,0.0,0.0,0
0.8076923076923077,0.318316602556011,1,1,Other,0.0,0.0,1.0,1
-0.6153846153846154,0.4743346996986024,0,1,Other,0.0,0.0,0.0,0
0.6153846153846154,-0.6754583524336583,1,1,Elite,1.0,0.0,0.0,1
-0.15384615384615385,-0.28154653946403935,1,1,Other,0.0,0.0,0.0,0
0.4230769230769231,0.47415753726501064,0,1,Other,0.0,0.0,0.0,0
0.46153846153846156,-0.6754583524336583,1,1,Elite,0.0,0.0,1.0,1
-0.4230769230769231,-0.1392230984380917,0,0,Other,0.0,0.0,0.0,0
0.9230769230769231,0.5329400327307596,1,1,Other,0.0,1.0,0.0,1
0.11538461538461539,-0.6754583524336583,1,0,Elite,0.0,0.0,1.0,0
-0.5,0.1899358450537356,0,1,Other,0.0,1.0,0.0,0
-0.2692307692307692,-0.6754583524336583,0,0,Other,1.0,0.0,0.0,0
0.8076923076923077,-0.16818915633034592,1,1,Elite,0.0,0.0,0.0,1
-0.07692307692307693,0.6169858912266948,0,1,Other,0.0,0.0,0.0,0
-0.34615384615384615,0.42344479064936674,0,1,Other,0.0,0.0,1.0,0
-0.07692307692307693,-0.6754583524336583,1,0,Other,1.0,0.0,0.0,0
0.46153846153846156,-0.6754583524336583,0,0,Other,1.0,0.0,0.0,0
0.6923076923076923,-0.6754583524336583,1,1,Other,0.0,1.0,0.0,1
0.23076923076923078,0.4410724527917478,1,1,Other,1.0,0.0,0.0,0
-0.5769230769230769,0.13342988685964086,1,1,Other,0.0,0.0,0.0,0
-0.038461538461538464,-0.6754583524336583,0,0,Other,0.0,0.0,1.0,0
0.7692307692307693,-0.0023651184884501165,1,1,Other,0.0,1.0,0.0,1
-0.8846153846153846,0.4730325558117029,1,1,Strong,0.0,1.0,0.0,0
0.0,-0.08761568153280938,1,1,Other,0.0,0.0,0.0,0
0.19230769230769232,0.07870441112314339,1,1,Elite,0.0,0.0,0.0,1
-0.5,0.10966354639330503,1,1,Other,1.0,0.0,0.0,0
-0.34615384615384615,0.3762841508272378,0,1,Other,0.0,0.0,0.0,0
-0.3076923076923077,-0.6754583524336583,0,0,Other,0.0,1.0,0.0,0
0.5,0.3591525434989138,1,1,Other,1.0,0.0,0.0,0
0.5,-0.6754583524336583,1,0,Other,0.0,0.0,1.0,0
-0.46153846153846156,0.17269794026525645,1,1,Other,0.0,0.0,1.0,0
-0.8846153846153846,0.3537047986659669,1,1,Other,0.0,0.0,0.0,0
0.7307692307692307,0.394274995958482,1,1,Other,0.0,0.0,0.0,1
-0.2692307692307692,-0.1807854053587207,0,0,Other,0.0,1.0,0.0,0
0.38461538461538464,-0.6754583524336583,1,0,Other,0.0,0.0,1.0,0
0.038461538461538464,0.5252954737212747,1,1,Other,0.0,1.0,0.0,0
-0.9615384615384616,-0.6754583524336583,1,0,Other,1.0,0.0,0.0,0
-0.07692307692307693,0.2004150030006887,0,1,Strong,0.0,0.0,1.0,0
-0.23076923076923078,-0.19170746938965327,0,1,Other,0.0,1.0,0.0,0
0.07692307692307693,0.2387175211432292,0,1,Elite,0.0,1.0,0.0,0
0.2692307692307692,-0.22723739544648255,1,1,Other,0.0,1.0,0.0,0
0.0,-0.6754583524336583,1,0,Other,1.0,0.0,0.0,0
-0.8846153846153846,0.3030629170237597,0,0,Strong,1.0,0.0,0.0,0
-0.6538461538461539,-0.10446382896738661,1,1,Elite,0.0,1.0,0.0,0
-0.07692307692307693,-0.0743993639868634,0,1,Other,0.0,0.0,0.0,0
0.15384615384615385,0.19419660158161764,1,0,Other,0.0,1.0,0.0,0
0.2692307692307692,0.5628982002511278,1,1,Other,0.0,0.0,0.0,0
-0.7692307692307693,0.019487867695094592,0,0,Other,0.0,1.0,0.0,0
-0.3076923076923077,0.06603729712133191,1,1,Other,0.0,0.0,1.0,0
0.8846153846153846,0.4510909884113623,1,1,Other,0.0,0.0,0.0,1
-0.7692307692307693,0.4648210770147244,1,0,Other,0.0,1.0,0.0,0
0.34615384615384615,-0.6754583524336583,0,0,Other,0.0,0.0,1.0,0
0.3076923076923077,0.6089692911066673,1,1,Other,0.0,0.0,0.0,0
-0.3076923076923077,-0.19359424930740562,0,1,Other,0.0,0.0,1.0,0
0.7307692307692307,0.2853466736645828,1,1,Elite,0.0,0.0,1.0,1
0.038461538461538464,-0.2617043469017612,1,1,Other,1.0,0.0,0.0,0
-0.6538461538461539,0.6316195082413749,1,1,Other,0.0,0.0,1.0,0
0.8076923076923077,0.5035753593629239,1,1,Elite,1.0,0.0,0.0,1
0.8076923076923077,-0.6754583524336583,1,1,Other,0.0,0.0,1.0,1
0.7307692307692307,-0.6754583524336583,1,1,Elite,1.0,0.0,0.0,1
-0.8076923076923077,0.3619605680713433,1,1,Other,0.0,1.0,0.0,0
-0.34615384615384615,0.43747605538983486,1,1,Elite,1.0,0.0,0.0,0
-0.23076923076923078,-0.6754583524336583,1,0,Other,0.0,0.0,0.0,0
-0.38461538461538464,0.203896244820767,0,0,Other,0.0,0.0,1.0,0
-0.8846153846153846,0.5778418515245934,0,1,Other,0.0,0.0,1.0,0
0.6538461538461539,-0.17455814581797002,1,1,Other,0.0,0.0,0.0,1
-0.34615384615384615,0.22716653047304583,1,1,Elite,0.0,0.0,0.0,0
-0.7307692307692307,-0.6754583524336583,0,0,Other,1.0,0.0,0.0,0
-0.5769230769230769,-0.6754583524336583,0,0,Other,0.0,1.0,0.0,0
-0.5384615384615384,-0.08387755418402305,1,1,Other,0.0,0.0,0.0,0
0.5,-0.2721657886053552,0,1,Other,1.0,0.0,0.0,0
-0.6153846153846154,0.008450648082327383,0,1,Other,0.0,0.0,0.0,0
0.3076923076923077,0.4505240686238687,1,1,Other,0.0,0.0,1.0,0
-0.9615384615384616,-0.27771097277677753,1,1,Other,1.0,0.0,0.0,0
0.8076923076923077,-0.6754583524336583,1,1,Other,1.0,0.0,0.0,1
-0.3076923076923077,0.26584994784780863,1,1,Strong,0.0,0.0,1.0,0
0.07692307692307693,0.4064549132679161,1,1,Other,1.0,0.0,0.0,0
0.038461538461538464,-0.6754583524336583,1,0,Other,0.0,0.0,1.0,0
-0.8846153846153846,0.3148619351009715,1,0,Other,0.0,1.0,0.0,0
-0.7692307692307693,-0.6754583524336583,1,0,Other,1.0,0.0,0.0,0
0.9230769230769231,-0.09404667787219059,1,1,Other,0.0,0.0,0.0,1
0.9230769230769231,0.13744261598049443,1,1,Other,0.0,0.0,0.0,1
0.19230769230769232,-0.007768572712999072,0,1,Strong,1.0,0.0,0.0,0
0.4230769230769231,0.5855129848991171,0,1,Other,0.0,1.0,0.0,0
-0.8846153846153846,0.5184924362713509,0,1,Other,0.0,1.0,0.0,0
0.2692307692307692,-0.3107429085199629,0,1,Other,0.0,0.0,0.0,0
-0.7307692307692307,-0.27090793532685364,0,1,Other,0.0,1.0,0.0,0
-0.19230769230769232,0.030684533498094396,0,1,Other,0.0,0.0,0.0,0
0.8076923076923077,0.004535358299949287,1,1,Elite,1.0,0.0,0.0,1
-0.5,-0.033262246906854635,1,1,Other,0.0,1.0,0.0,0
-0.9615384615384616,0.04887911542796908,0,1,Other,1.0,0.0,0.0,0
0.8076923076923077,-0.11577565035222107,1,1,Other,0.0,0.0,1.0,1
0.6538461538461539,0.569630372727615,1,1,Strong,1.0,0.0,0.0,1
0.8461538461538461,-0.25622116958209595,1,1,Elite,0.0,0.0,1.0,1
-0.9230769230769231,0.5381751826433964,1,1,Other,0.0,0.0,0.0,0
0.34615384615384615,-0.6754583524336583,1,0,Other,0.0,1.0,0.0,0
0.7307692307692307,-0.29371759865179387,1,1,Elite,0.0,0.0,1.0,1
0.5,0.33945208088350903,0,1,Strong,0.0,0.0,1.0,0
-0.5384615384615384,0.06415937532525916,0,1,Other,0.0,1.0,0.0,0
0.5,-0.039108607215383014,0,0,Strong,0.0,1.0,0.0,0
-0.4230769230769231,-0.20579188286019892,0,1,Other,0.0,0.0,1.0,0
0.7692307692307693,0.5292904865987692,1,1,Other,0.0,0.0,1.0,1
0.07692307692307693,-0.6754583524336583,1,0,Other,0.0,1.0,0.0,0
-0.5,0.6035215462737203,0,1,Other,1.0,0.0,0.0,0
-0.5,0.20094649030146403,0,1,Other,0.0,0.0,1.0,0
-0.9615384615384616,-0.6754583524336583,0,0,Other,0.0,0.0,0.0,0
0.5384615384615384,0.5537654767994721,1,1,Other,0.0,1.0,0.0,0
0.8846153846153846,-0.6754583524336583,1,1,Other,0.0,0.0,0.0,1
0.5,-0.6754583524336583,1,0,Other,0.0,1.0,0.0,0
0.6538461538461539,0.5389369811078409,1,1,Elite,0.0,0.0,1.0,1
-0.5384615384615384,-0.06119190456259702,1,1,Other,0.0,0.0,0.0,0
-0.07692307692307693,0.4353323899433745,1,1,Other,1.0,0.0,0.0,0
0.8461538461538461,-0.2937973217469102,1,1,Other,0.0,0.0,1.0,1
-0.38461538461538464,-0.21736058977374142,0,1,Other,0.0,0.0,0.0,0
-0.5384615384615384,0.31007854939399376,0,1,Other,0.0,1.0,0.0,0
-0.07692307692307693,0.3177673990118765,0,1,Other,0.0,0.0,1.0,0
-0.23076923076923078,-0.6754583524336583,0,0,Other,0.0,0.0,1.0,0
0.7307692307692307,-0.6754583524336583,1,1,Elite,0.0,0.0,1.0,1
0.34615384615384615,0.022464196579436314,1,1,Elite,1.0,0.0,0.0,1
0.038461538461538464,0.01877035983904793,0,1,Strong,0.0,0.0,1.0,0
0.46153846153846156,-0.6754583524336583,1,0,Other,0.0,0.0,1.0,0
-0.11538461538461539,-0.2169974067848783,0,1,Other,1.0,0.0,0.0,0
-0.46153846153846156,0.5357126248164708,0,1,Other,0.0,1.0,0.0,0
0.5769230769230769,-0.2360246521526343,1,1,Other,1.0,0.0,0.0,0
0.9230769230769231,-0.6754583524336583,1,1,Other,0.0,1.0,0.0,1
0.7692307692307693,0.19564933353707012,1,1,Other,0.0,0.0,1.0,1
0.5,0.22287034145844545,1,1,Elite,0.0,0.0,0.0,1
-0.6923076923076923,-0.21295810329898596,0,1,Strong,0.0,0.0,0.0,0
0.5,0.34368626304635236,0,1,Other,0.0,0.0,1.0,0
0.23076923076923078,0.0666573656389031,1,1,Other,0.0,1.0,0.0,0
0.3076923076923077,-0.6754583524336583,1,0,Other,0.0,1.0,0.0,0
-0.4230769230769231,-0.6754583524336583,1,0,Other,0.0,1.0,0.0,0
0.8461538461538461,-0.15288232206801708,1,1,Elite,0.0,0.0,1.0,1
0.2692307692307692,-0.16166072065248924,0,0,Other,0.0,0.0,1.0,0
-0.46153846153846156,0.31399383917637186,0,1,Other,0.0,0.0,1.0,0
-0.038461538461538464,0.6103777324537218,1,1,Other,0.0,1.0,0.0,0
0.3076923076923077,0.32161182382081793,1,1,Other,0.0,0.0,0.0,1
-0.9615384615384616,-0.29168908878716815,1,1,Other,0.0,0.0,0.0,0
0.5,0.3906077335831324,0,1,Other,1.0,0.0,0.0,0
0.8846153846153846,0.4315942625945881,1,1,Other,1.0,0.0,0.0,1
0.11538461538461539,-0.24287198021095616,0,1,Other,0.0,1.0,0.0,0
0.6538461538461539,0.29156507508365387,1,1,Other,0.0,1.0,0.0,1
0.15384615384615385,-0.6754583524336583,0,0,Strong,0.0,0.0,0.0,0
-0.5,-0.6754583524336583,1,0,Elite,0.0,1.0,0.0,0
0.6153846153846154,-0.6754583524336583,1,1,Other,1.0,0.0,0.0,1
0.34615384615384615,0.023491738694268575,1,1,Other,1.0,0.0,0.0,0
-0.6923076923076923,-0.020010496874190313,0,1,Other,0.0,0.0,0.0,0
0.4230769230769231,-0.6754583524336583,1,0,Other,0.0,0.0,1.0,0
0.38461538461538464,-0.6754583524336583,1,0,Strong,0.0,0.0,0.0,0
0.0,-0.6754583524336583,1,0,Other,0.0,0.0,0.0,0
0.11538461538461539,0.16926098905357614,1,1,Other,1.0,0.0,0.0,0
0.4230769230769231,-0.1576302752882765,1,1,Other,1.0,0.0,0.0,0
-0.6153846153846154,0.05594789652828066,0,1,Other,0.0,1.0,0.0,0
0.5,-0.04449434519657279,1,1,Other,0.0,0.0,0.0,0
0.8846153846153846,0.13689341243635994,1,1,Other,0.0,1.0,0.0,1
-0.8461538461538461,-0.6754583524336583,0,0,Other,0.0,1.0,0.0,0
0.8461538461538461,0.515152924398146,1,1,Other,1.0,0.0,0.0,1
0.7692307692307693,-0.22109871712252777,1,1,Other,0.0,1.0,0.0,1
0.23076923076923078,0.4410724527917478,1,1,Other,0.0,0.0,0.0,0
0.5,0.5013962614297451,0,1,Other,1.0,0.0,0.0,0
-0.9615384615384616,0.30448907461417346,1,0,Other,1.0,0.0,0.0,0
0.6153846153846154,0.4734843200173619,1,1,Other,0.0,1.0,0.0,1
-0.8076923076923077,0.5220888336732638,1,1,Other,0.0,0.0,1.0,0
-0.5384615384615384,-0.6754583524336583,0,0,Other,0.0,1.0,0.0,0
0.5384615384615384,0.34818618885958325,0,1,Other,0.0,1.0,0.0,0
0.2692307692307692,-0.6754583524336583,0,0,Other,0.0,0.0,0.0,0
0.23076923076923078,0.32286967709931946,1,1,Elite,0.0,1.0,0.0,1
0.19230769230769232,-0.18346941622763602,1,1,Other,0.0,0.0,0.0,0
-0.6923076923076923,-0.10240874473772209,1,1,Other,1.0,0.0,0.0,0
-0.7307692307692307,0.10007905873599032,0,1,Other,0.0,1.0,0.0,0
-0.8076923076923077,-0.27110281400380454,0,1,Other,0.0,1.0,0.0,0
-0.38461538461538464,0.2712179695856392,1,1,Other,0.0,0.0,0.0,0
-0.7307692307692307,-0.6754583524336583,1,0,Elite,0.0,0.0,0.0,0
0.19230769230769232,-0.6754583524336583,1,0,Other,1.0,0.0,0.0,0
0.7692307692307693,-0.6754583524336583,1,1,Other,1.0,0.0,0.0,1
0.5,-0.6754583524336583,1,0,Other,0.0,1.0,0.0,0
0.6153846153846154,0.5179343746055368,1,1,Elite,1.0,0.0,0.0,1
-0.34615384615384615,0.531381003315152,0,1,Other,0.0,1.0,0.0,0
-0.038461538461538464,0.6083403644674165,1,1,Other,1.0,0.0,0.0,0
0.3076923076923077,-0.02185298618354471,1,1,Other,0.0,1.0,0.0,0
0.3076923076923077,-0.2626078753130792,1,1,Other,0.0,0.0,0.0,1
-0.7307692307692307,0.13802725201134725,0,1,Other,1.0,0.0,0.0,0
-0.9230769230769231,-0.6754583524336583,1,0,Other,0.0,0.0,0.0,0
-0.038461538461538464,-0.12872622424777938,0,1,Other,0.0,0.0,0.0,0
0.8846153846153846,0.3154642873751835,1,1,Elite,0.0,1.0,0.0,1
-0.38461538461538464,0.09738618974539544,0,1,Other,1.0,0.0,0.0,0
0.2692307692307692,-0.1625376746987685,0,1,Other,0.0,0.0,1.0,0
-0.15384615384615385,-0.6754583524336583,1,0,Other,1.0,0.0,0.0,0
-0.7692307692307693,0.38165217256506845,0,0,Other,0.0,0.0,0.0,0
-0.6153846153846154,0.31843175813784563,1,1,Other,0.0,1.0,0.0,0
-0.8076923076923077,-0.0852948536527572,0,1,Other,0.0,0.0,1.0,0
0.23076923076923078,-0.12885909607297322,0,1,Other,0.0,1.0,0.0,0
0.8076923076923077,0.042377254115151156,1,1,Other,0.0,1.0,0.0,1
0.34615384615384615,0.10971669512338256,1,1,Other,1.0,0.0,0.0,0
0.2692307692307692,-0.6754583524336583,1,0,Other,0.0,0.0,0.0,0
0.9230769230769231,-0.08762453965448896,1,1,Elite,1.0,0.0,0.0,1
0.4230769230769231,-0.6754583524336583,1,0,Other,0.0,0.0,1.0,0
0.9230769230769231,0.42068991480701473,1,1,Other,0.0,0.0,0.0,1
0.19230769230769232,-0.3102734280709447,1,1,Other,0.0,0.0,1.0,0
-0.4230769230769231,-0.6754583524336583,0,0,Other,0.0,0.0,1.0,0
-0.038461538461538464,0.5569366843607647,0,1,Other,0.0,1.0,0.0,0
0.4230769230769231,0.45307520766759013,1,1,Other,0.0,0.0,0.0,0
0.46153846153846156,-0.05905709723781621,1,1,Other,0.0,1.0,0.0,0
-0.07692307692307693,-0.27349450685729343,0,1,Other,1.0,0.0,0.0,0
-0.2692307692307692,0.4161722727504246,1,1,Other,1.0,0.0,0.0,0
0.46153846153846156,-0.6754583524336583,1,1,Other,0.0,0.0,1.0,1
0.23076923076923078,0.3848056638830019,1,1,Other,1.0,0.0,0.0,0
-0.8846153846153846,0.3738570254870306,0,1,Other,0.0,0.0,1.0,0
-0.9615384615384616,0.3567608506454249,0,1,Other,1.0,0.0,0.0,0
0.5769230769230769,0.09494134816182903,1,1,Other,0.0,1.0,0.0,0
-0.15384615384615385,0.44316296950813067,0,1,Other,0.0,0.0,1.0,0
0.7307692307692307,-0.6754583524336583,1,1,Elite,0.0,0.0,0.0,1
0.6153846153846154,-0.030259343657474153,1,1,Other,0.0,1.0,0.0,1
0.34615384615384615,-0.19211494298691434,0,1,Other,0.0,0.0,0.0,0
-0.23076923076923078,-0.6754583524336583,1,0,Other,0.0,1.0,0.0,0
0.19230769230769232,-0.033200240055097516,1,1,Other,0.0,1.0,0.0,0
0.7307692307692307,-0.11888485106175661,1,1,Other,0.0,0.0,1.0,1
0.5384615384615384,-0.2031964532080795,0,1,Other,0.0,0.0,0.0,0
-0.7692307692307693,0.05193516740742709,1,1,Other,0.0,0.0,1.0,0
-0.9615384615384616,0.6138678323954797,0,1,Other,0.0,0.0,0.0,0
-0.038461538461538464,0.5379005808713292,1,1,Other,0.0,0.0,0.0,0
0.3076923076923077,-0.12474006949196458,1,0,Other,0.0,1.0,0.0,0
0.8076923076923077,-0.6754583524336583,1,1,Elite,0.0,1.0,0.0,1
-0.8461538461538461,0.18946636460471739,1,1,Other,0.0,1.0,0.0,0
-0.6538461538461539,-0.058543326180400077,0,1,Other,1.0,0.0,0.0,0
0.2692307692307692,-0.6754583524336583,0,0,Other,0.0,1.0,0.0,0
0.3076923076923077,0.19594165155249654,0,1,Strong,1.0,0.0,0.0,0
0.6153846153846154,0.3499755294388601,1,1,Other,0.0,0.0,0.0,1
-0.19230769230769232,-0.6754583524336583,0,0,Other,0.0,0.0,1.0,0
-0.19230769230769232,-0.31542885488846517,1,0,Elite,0.0,0.0,0.0,0
-0.5769230769230769,-0.06118304644091743,1,1,Other,1.0,0.0,0.0,0
0.19230769230769232,-0.6754583524336583,0,0,Elite,1.0,0.0,0.0,0
0.038461538461538464,-0.011931889902405644,1,1,Other,0.0,0.0,1.0,0
0.5,0.15305062637992928,1,1,Strong,0.0,1.0,0.0,0
-0.5384615384615384,-0.1839300385549746,1,1,Strong,0.0,0.0,0.0,0
-0.8846153846153846,0.013012580747315436,0,1,Other,0.0,0.0,0.0,0
-0.8076923076923077,-0.6754583524336583,1,0,Other,1.0,0.0,0.0,0
-0.6538461538461539,-0.6754583524336583,0,0,Other,0.0,0.0,0.0,0
0.6538461538461539,-0.6754583524336583,1,1,Elite,1.0,0.0,0.0,1
0.7307692307692307,-0.18389460606825625,1,1,Other,1.0,0.0,0.0,1
0.7692307692307693,0.611644443853903,1,1,Elite,0.0,0.0,1.0,1
0.07692307692307693,-0.6754583524336583,1,0,Other,1.0,0.0,0.0,0
-0.5384615384615384,-0.10092943841723082,0,1,Other,0.0,0.0,1.0,0
0.0,-0.2553973642658942,0,1,Other,0.0,0.0,0.0,0
-0.6153846153846154,-0.6754583524336583,1,0,Other,0.0,1.0,0.0,0
-0.46153846153846156,-0.08832433126717645,1,1,Other,1.0,0.0,0.0,0
-0.8846153846153846,-0.07036891862265066,1,1,Other,0.0,1.0,0.0,0
0.15384615384615385,0.06461113953091817,1,1,Other,1.0,0.0,0.0,0
0.6923076923076923,-0.284265982819673,1,1,Other,0.0,1.0,0.0,1
0.11538461538461539,-0.28052785547088666,0,1,Other,1.0,0.0,0.0,0
0.0,-0.6754583524336583,0,0,Other,0.0,0.0,0.0,0
0.5384615384615384,0.09744819659715255,0,1,Other,0.0,0.0,0.0,0
-0.3076923076923077,0.31496823256112655,0,1,Other,0.0,1.0,0.0,0
-0.8076923076923077,-0.017025309868169004,1,1,Strong,0.0,0.0,0.0,0
-0.7307692307692307,0.3160932140144343,1,0,Other,0.0,0.0,0.0,0
0.46153846153846156,-0.6754583524336583,1,0,Other,0.0,1.0,0.0,0
-0.6923076923076923,-0.15875525674158422,0,0,Other,0.0,0.0,1.0,0
0.4230769230769231,-0.6754583524336583,1,1,Elite,0.0,0.0,1.0,1
-0.11538461538461539,0.5564229133033486,1,1,Strong,0.0,0.0,0.0,0
-0.38461538461538464,-0.6754583524336583,0,0,Other,0.0,0.0,1.0,0
-0.8076923076923077,0.10159379754319996,0,1,Other,0.0,1.0,0.0,0
-0.11538461538461539,-0.6754583524336583,0,0,Other,0.0,0.0,1.0,0
0.3076923076923077,-0.23265856591439069,0,1,Other,0.0,0.0,1.0,0
0.23076923076923078,0.4538458642537143,0,1,Elite,0.0,1.0,0.0,0
0.7307692307692307,0.015173962437135018,1,1,Other,1.0,0.0,0.0,1
-0.7307692307692307,0.09130066015151816,0,1,Other,0.0,1.0,0.0,0
-0.8076923076923077,0.5844322940542073,1,1,Other,0.0,1.0,0.0,0
-0.23076923076923078,0.06668394000394186,0,1,Other,1.0,0.0,0.0,0
0.3076923076923077,-0.6754583524336583,1,1,Other,0.0,1.0,0.0,1
0.38461538461538464,0.5718360450258325,0,1,Other,0.0,0.0,0.0,0
-0.8076923076923077,0.24605204589392843,0,1,Other,1.0,0.0,0.0,0
0.6923076923076923,-0.6754583524336583,1,1,Other,0.0,0.0,1.0,1
-0.07692307692307693,0.27142170638426977,1,1,Other,1.0,0.0,0.0,0
-0.3076923076923077,-0.6754583524336583,1,0,Other,0.0,0.0,1.0,0
-0.6153846153846154,-0.19768670152337547,0,1,Other,1.0,0.0,0.0,0
0.7307692307692307,-0.21814010448154522,1,1,Elite,0.0,1.0,0.0,1
-0.46153846153846156,-0.09291283829720327,1,1,Other,0.0,1.0,0.0,0
0.38461538461538464,0.1401532012144485,1,1,Elite,0.0,0.0,0.0,1
-0.2692307692307692,-0.06818096256779231,0,0,Other,0.0,0.0,1.0,0
0.038461538461538464,0.6374481523065442,0,1,Other,0.0,0.0,0.0,0
-0.07692307692307693,0.5498679032604531,1,1,Strong,1.0,0.0,0.0,0
-0.8461538461538461,0.19994552255167053,0,1,Other,0.0,1.0,0.0,0
0.07692307692307693,-0.225678366030875,0,1,Other,1.0,0.0,0.0,0
0.8461538461538461,-0.6754583524336583,1,1,Elite,1.0,0.0,0.0,1
-0.8461538461538461,-0.31007854939399376,1,1,Other,0.0,1.0,0.0,0
0.07692307692307693,-0.6754583524336583,0,0,Other,0.0,1.0,0.0,0
0.5769230769230769,-0.31386982547285763,1,1,Other,1.0,0.0,0.0,1
-0.23076923076923078,0.44691881310027615,1,1,Other,0.0,0.0,0.0,0
0.15384615384615385,0.08479879883870024,0,1,Other,1.0,0.0,0.0,0
0.5769230769230769,-0.1345371520695894,1,1,Other,0.0,0.0,1.0,1
0.0,-0.2779767164271652,0,1,Other,0.0,0.0,0.0,0
0.11538461538461539,-0.06787092830900672,1,1,Other,0.0,0.0,0.0,0
0.07692307692307693,0.6098285289095874,0,1,Other,0.0,1.0,0.0,0
-0.3076923076923077,-0.1818749543253101,1,1,Other,0.0,1.0,0.0,0
0.5769230769230769,-0.24401467790762307,0,0,Other,0.0,0.0,0.0,0
-0.46153846153846156,-0.6754583524336583,0,0,Other,1.0,0.0,0.0,0
-0.038461538461538464,-0.6754583524336583,1,0,Other,0.0,0.0,0.0,0
-0.2692307692307692,-0.6754583524336583,1,0,Other,0.0,1.0,0.0,0
-0.8076923076923077,0.37567294043134625,0,1,Other,0.0,0.0,0.0,0
0.4230769230769231,0.37955279772700595,0,0,Other,0.0,0.0,0.0,0
0.8846153846153846,-0.6754583524336583,1,1,Strong,0.0,1.0,0.0,1
-0.2692307692307692,-0.3114604163760096,0,1,Other,0.0,0.0,0.0,0
0.3076923076923077,-0.6754583524336583,1,0,Strong,0.0,1.0,0.0,0
-0.5769230769230769,0.36708942052382504,0,1,Other,0.0,0.0,1.0,0
0.23076923076923078,0.43045156489792125,1,1,Other,0.0,1.0,0.0,1
0.38461538461538464,-0.6754583524336583,0,0,Other,0.0,1.0,0.0,0
0.23076923076923078,0.21694425805480078,1,1,Elite,0.0,0.0,0.0,1
-0.19230769230769232,0.21980543135730785,1,1,Other,0.0,0.0,1.0,0
-0.19230769230769232,-0.6754583524336583,1,0,Other,0.0,0.0,0.0,0
-0.9615384615384616,-0.001647610632403452,1,1,Elite,0.0,0.0,0.0,0
-0.6153846153846154,0.13988745756406082,1,1,Other,0.0,0.0,0.0,0
0.9230769230769231,0.30169876628510306,1,1,Elite,0.0,1.0,0.0,1
-0.07692307692307693,-0.04047275795403964,0,1,Other,0.0,1.0,0.0,0
0.46153846153846156,-0.18909432349417468,1,1,Other,0.0,1.0,0.0,0
0.6153846153846154,0.44398677482433235,1,1,Other,1.0,0.0,0.0,1
0.23076923076923078,0.37358242371496336,0,1,Strong,0.0,0.0,1.0,0
-0.6538461538461539,0.2729984520432365,1,1,Other,1.0,0.0,0.0,0
-0.15384615384615385,-0.6754583524336583,1,0,Other,0.0,1.0,0.0,0
-0.6153846153846154,0.09377207610012335,0,1,Other,0.0,0.0,0.0,0
-0.07692307692307693,-0.016405241350597812,1,1,Other,0.0,0.0,0.0,0
0.3076923076923077,-0.22801691015428632,1,1,Other,1.0,0.0,0.0,1
0.23076923076923078,0.5601876150171737,0,1,Other,0.0,1.0,0.0,0
-0.5,0.5073666354417877,0,1,Other,0.0,0.0,1.0,0
0.46153846153846156,0.3558307478690681,1,1,Other,0.0,1.0,0.0,0
-0.4230769230769231,-0.2360157940309547,1,1,Other,0.0,1.0,0.0,0
0.8076923076923077,-0.27895110981191995,1,1,Elite,0.0,1.0,0.0,1
0.2692307692307692,-0.6754583524336583,1,1,Other,1.0,0.0,0.0,1
0.46153846153846156,-0.6754583524336583,1,0,Elite,0.0,1.0,0.0,0
-0.2692307692307692,0.27024357620088446,0,1,Other,0.0,0.0,1.0,0
-0.7692307692307693,0.49808332392157906,1,1,Other,0.0,1.0,0.0,0
0.2692307692307692,0.33279963150213815,0,1,Other,0.0,0.0,1.0,0
0.6153846153846154,-0.10804251012594035,1,1,Other,0.0,0.0,1.0,1
0.4230769230769231,0.570790786667641,0,1,Elite,0.0,0.0,0.0,0
-0.4230769230769231,-0.020258524281218788,1,1,Other,1.0,0.0,0.0,0
-0.8076923076923077,0.21045125486366242,0,1,Other,0.0,0.0,0.0,0
0.4230769230769231,0.1650002325256941,1,1,Other,0.0,1.0,0.0,0
0.5384615384615384,0.2918839674641191,1,1,Elite,0.0,0.0,1.0,1
0.3076923076923077,-0.21043353862030326,0,1,Other,0.0,1.0,0.0,0
-0.6923076923076923,-0.21895505167606735,1,1,Other,0.0,1.0,0.0,0
-0.9615384615384616,-0.6754583524336583,0,0,Other,1.0,0.0,0.0,0
0.11538461538461539,-0.6754583524336583,1,0,Other,0.0,1.0,0.0,0
-0.6923076923076923,0.44256061723391865,0,1,Other,0.0,0.0,0.0,0
0.6153846153846154,0.2878003733698288,1,1,Other,0.0,1.0,0.0,1
0.7692307692307693,0.4298403545020296,1,1,Other,0.0,0.0,1.0,1
0.8461538461538461,-0.6754583524336583,1,1,Strong,0.0,0.0,0.0,1
0.0,-0.6754583524336583,0,0,Other,0.0,0.0,0.0,0
0.6538461538461539,-0.6754583524336583,1,1,Other,1.0,0.0,0.0,1
-0.5,0.25765618529418927,1,1,Other,1.0,0.0,0.0,0
0.6923076923076923,0.17828741504507678,1,1,Elite,0.0,0.0,0.0,1
-0.9230769230769231,-0.2123291766597352,1,1,Other,0.0,1.0,0.0,0
0.6153846153846154,0.0723265635138397,1,1,Other,0.0,1.0,0.0,1
0.34615384615384615,-0.017804824575972787,0,1,Other,0.0,0.0,1.0,0
0.19230769230769232,-0.6754583524336583,0,0,Other,0.0,0.0,1.0,0
-0.5769230769230769,-0.1790314972661622,0,1,Other,0.0,1.0,0.0,0
-0.19230769230769232,-0.20647395822952722,1,1,Other,0.0,0.0,0.0,0
-0.5,0.44132933832045584,0,1,Other,0.0,0.0,1.0,0
0.23076923076923078,0.31876836676167003,1,1,Other,0.0,0.0,0.0,1
-0.5,0.6031140726764593,0,1,Strong,0.0,0.0,0.0,0
0.6538461538461539,0.3985889012164416,1,1,Other,0.0,0.0,0.0,1
-0.15384615384615385,-0.6754583524336583,0,0,Other,0.0,1.0,0.0,0
-0.19230769230769232,0.1623073635350992,0,1,Other,0.0,0.0,0.0,0
0.11538461538461539,0.13149881633349056,1,1,Strong,0.0,1.0,0.0,0
0.11538461538461539,-0.3062252664633728,0,0,Other,1.0,0.0,0.0,0
-0.46153846153846156,-0.17669295314275085,0,1,Other,1.0,0.0,0.0,0
0.07692307692307693,-0.6754583524336583,0,0,Other,0.0,0.0,0.0,0
0.2692307692307692,-0.6754583524336583,0,0,Other,0.0,0.0,1.0,0
0.07692307692307693,0.24388180608242926,0,1,Other,0.0,0.0,1.0,0
0.11538461538461539,0.5653164674696554,1,0,Other,0.0,0.0,1.0,0
-0.11538461538461539,-0.6754583524336583,0,0,Other,1.0,0.0,0.0,0
0.8076923076923077,-0.03232328600881826,1,1,Other,0.0,1.0,0.0,1
0.2692307692307692,-0.6754583524336583,0,0,Other,1.0,0.0,0.0,0
0.8461538461538461,-0.2548924513301577,1,1,Elite,0.0,1.0,0.0,1
0.5,0.21536751239583402,1,1,Other,1.0,0.0,0.0,1
0.5769230769230769,-0.6754583524336583,1,0,Other,1.0,0.0,0.0,0
-0.5769230769230769,0.5488226449022617,1,1,Other,0.0,0.0,1.0,0
0.0,0.3543337253052177,1,1,Other,0.0,0.0,1.0,0
0.7307692307692307,0.08104295524655475,1,1,Strong,0.0,1.0,0.0,1
0.6538461538461539,-0.07227341478376217,1,1,Elite,1.0,0.0,0.0,1
0.7692307692307693,-0.30588865783954844,1,1,Other,0.0,0.0,0.0,1
0.5769230769230769,0.6159229166251442,1,1,Strong,1.0,0.0,0.0,0
0.3076923076923077,-0.6754583524336583,0,0,Other,0.0,0.0,0.0,0
0.8461538461538461,0.3572303310944431,1,1,Elite,0.0,0.0,0.0,1
0.23076923076923078,-0.09441871898273331,0,1,Other,0.0,0.0,0.0,0
-0.8461538461538461,0.07516116245130801,1,1,Other,0.0,1.0,0.0,0
-0.8076923076923077,-0.03921490467553808,0,1,Strong,0.0,1.0,0.0,0
0.7307692307692307,0.3556890179221947,1,1,Other,1.0,0.0,0.0,1
0.7692307692307693,-0.6754583524336583,1,1,Other,1.0,0.0,0.0,1
-0.07692307692307693,0.10996472253041104,1,1,Other,0.0,0.0,0.0,0
0.6923076923076923,-0.6754583524336583,1,1,Other,1.0,0.0,0.0,1
0.7307692307692307,-0.2739374129412729,1,1,Elite,1.0,0.0,0.0,1
-0.19230769230769232,0.3199907875534532,0,0,Other,0.0,0.0,0.0,0
-0.8076923076923077,0.39516966624812044,0,1,Other,0.0,0.0,0.0,0
-0.7692307692307693,-0.03255359717248756,0,0,Other,0.0,0.0,1.0,0
0.8076923076923077,0.4196357983271437,1,1,Other,0.0,1.0,0.0,1
0.8461538461538461,0.05610734271851325,1,1,Other,0.0,0.0,0.0,1
-0.19230769230769232,0.32288739334267863,0,1,Other,1.0,0.0,0.0,0
-0.5384615384615384,-0.2199205869391425,0,1,Other,0.0,0.0,1.0,0
-0.5384615384615384,-0.029205227177603123,1,1,Other,0.0,0.0,1.0,0
-0.038461538461538464,-0.04025130491204992,0,1,Other,0.0,0.0,1.0,0
-0.34615384615384615,0.26408718163357053,1,1,Other,1.0,0.0,0.0,0
0.15384615384615385,-0.021410080099565288,1,1,Other,0.0,1.0,0.0,0
0.2692307692307692,0.16448646146827797,0,1,Other,0.0,0.0,0.0,0
-0.5384615384615384,-0.29191939995083743,0,1,Other,0.0,1.0,0.0,0
-0.23076923076923078,-0.6754583524336583,0,0,Other,0.0,0.0,1.0,0
0.8461538461538461,-0.21425138906420588,1,1,Other,0.0,1.0,0.0,1
-0.9230769230769231,0.6233105901059209,1,1,Other,0.0,0.0,1.0,0
0.038461538461538464,-0.6754583524336583,1,0,Other,1.0,0.0,0.0,0
-0.15384615384615385,-0.04099538713313535,0,1,Other,0.0,0.0,0.0,0
-0.19230769230769232,-0.04794901265161229,1,1,Other,0.0,0.0,1.0,0
-0.46153846153846156,0.4796141402196371,1,1,Other,0.0,0.0,0.0,0
0.19230769230769232,0.5583628419511785,0,1,Other,0.0,0.0,1.0,0
0.8461538461538461,-0.01470448198811683,1,1,Other,0.0,0.0,1.0,1
0.15384615384615385,-0.200042961890146,1,1,Other,0.0,0.0,1.0,0
-0.7307692307692307,0.08235395725513384,1,1,Other,0.0,1.0,0.0,0
0.5,0.3489479873240279,1,1,Other,0.0,1.0,0.0,0
-0.7692307692307693,-0.02934695712447654,1,1,Other,0.0,0.0,1.0,0
-0.6153846153846154,0.5699492651080802,0,0,Other,1.0,0.0,0.0,0
0.34615384615384615,-0.18142319011965108,0,1,Other,0.0,0.0,1.0,0
-0.07692307692307693,-0.6754583524336583,0,0,Other,0.0,0.0,0.0,0
0.5,0.009345318371965816,0,1,Other,1.0,0.0,0.0,0
-0.9230769230769231,0.21719228546182925,1,1,Other,0.0,1.0,0.0,0
0.38461538461538464,-0.6754583524336583,0,0,Other,0.0,0.0,0.0,0
-0.46153846153846156,-0.6754583524336583,1,0,Strong,0.0,0.0,0.0,0
-0.34615384615384615,0.2925483265900882,1,1,Other,0.0,0.0,0.0,0
-0.11538461538461539,0.641345725845563,1,1,Other,0.0,0.0,1.0,0
0.46153846153846156,-0.24697329054860562,0,1,Other,0.0,0.0,1.0,0
-0.5,-0.27594820656253943,1,0,Other,0.0,0.0,0.0,0
0.8076923076923077,-0.280908754703109,1,1,Other,1.0,0.0,0.0,1
-0.9615384615384616,-0.027903083290703623,0,1,Other,0.0,0.0,1.0,0
-0.2692307692307692,-0.10228473103420785,0,1,Other,0.0,0.0,1.0,0
-0.038461538461538464,-0.12657370067963938,1,1,Other,0.0,0.0,1.0,0
0.07692307692307693,0.01264939775845231,1,1,Other,1.0,0.0,0.0,0
0.11538461538461539,0.18115744646926343,0,1,Other,0.0,1.0,0.0,0
0.23076923076923078,0.05914567845461209,0,1,Other,0.0,1.0,0.0,0
0.3076923076923077,0.5169954137075004,0,1,Strong,0.0,0.0,0.0,0
-0.5769230769230769,0.3510739365271291,0,1,Other,0.0,0.0,0.0,0
0.34615384615384615,0.5855218430207967,1,0,Other,0.0,1.0,0.0,0
-0.15384615384615385,0.06664850751722351,0,1,Other,0.0,0.0,0.0,0
-0.34615384615384615,0.3046130883176877,1,1,Other,1.0,0.0,0.0,0
-0.6923076923076923,0.11453551331707867,1,1,Other,0.0,1.0,0.0,0
-0.19230769230769232,0.16544313860967352,0,1,Other,1.0,0.0,0.0,0
-0.19230769230769232,0.352818986498008,1,1,Other,0.0,0.0,1.0,0
0.2692307692307692,0.2980137876663943,0,1,Strong,0.0,1.0,0.0,0
-0.3076923076923077,-0.6754583524336583,1,0,Other,0.0,0.0,0.0,0
0.23076923076923078,0.5712425508733001,1,1,Other,0.0,0.0,1.0,0
0.11538461538461539,-0.1992634471823422,0,1,Other,0.0,0.0,1.0,0
0.38461538461538464,-0.1286376430309835,1,1,Other,1.0,0.0,0.0,0
0.38461538461538464,0.30155703633822967,0,1,Other,1.0,0.0,0.0,0
0.07692307692307693,-0.08235395725513384,0,1,Other,0.0,1.0,0.0,0
-0.2692307692307692,-0.6754583524336583,0,0,Other,0.0,0.0,0.0,0
0.038461538461538464,-0.6754583524336583,0,0,Other,0.0,0.0,0.0,0
0.2692307692307692,0.09202702612924442,1,1,Strong,0.0,1.0,0.0,0
-0.38461538461538464,0.217520035963974,0,1,Strong,1.0,0.0,0.0,0
-0.3076923076923077,-0.25508733000710865,0,1,Strong,0.0,0.0,0.0,0
0.5769230769230769,-0.28450515210502186,1,1,Other,0.0,0.0,0.0,0
0.3076923076923077,-0.6754583524336583,1,0,Elite,0.0,0.0,1.0,0
-0.6153846153846154,-0.6754583524336583,0,0,Other,0.0,0.0,0.0,0
-0.19230769230769232,-0.6754583524336583,0,0,Other,0.0,0.0,0.0,0
-0.8461538461538461,-0.6754583524336583,0,0,Other,1.0,0.0,0.0,0
-0.9615384615384616,0.21649249384914176,1,1,Other,1.0,0.0,0.0,0
0.9230769230769231,0.3964983845000587,1,1,Elite,0.0,0.0,0.0,1
0.9230769230769231,0.4983579256936463,1,1,Other,1.0,0.0,0.0,1
-0.15384615384615385,0.009593345778994292,1,1,Elite,0.0,0.0,1.0,0
-0.6153846153846154,-0.0908134634591408,0,1,Strong,0.0,0.0,0.0,0
-0.11538461538461539,0.3760981302719665,0,1,Other,0.0,1.0,0.0,0
-0.38461538461538464,0.2772857829361573,1,1,Other,1.0,0.0,0.0,0
-0.11538461538461539,-0.0640530778651041,0,1,Other,0.0,1.0,0.0,0
0.8461538461538461,-0.03458210703711331,1,1,Other,0.0,0.0,1.0,1
-0.46153846153846156,-0.2663814351485839,1,1,Other,0.0,0.0,0.0,0
0.11538461538461539,-0.29191939995083743,1,1,Other,0.0,1.0,0.0,0
-0.5769230769230769,0.3007686635087463,0,1,Other,1.0,0.0,0.0,0
-0.46153846153846156,0.2740702847664667,1,1,Other,0.0,1.0,0.0,0
-0.19230769230769232,-0.6754583524336583,1,0,Other,0.0,0.0,1.0,0
-0.15384615384615385,0.5473610548251296,1,1,Other,0.0,0.0,1.0,0
-0.8076923076923077,0.00881383107119051,1,1,Other,0.0,0.0,0.0,0
0.23076923076923078,0.3960111878076813,1,1,Other,1.0,0.0,0.0,1
-0.07692307692307693,0.3719170968392007,0,0,Other,1.0,0.0,0.0,0
0.6153846153846154,-0.6754583524336583,1,1,Other,0.0,1.0,0.0,1
0.7307692307692307,0.46817830513128844,1,1,Strong,1.0,0.0,0.0,1
0.38461538461538464,0.5491149629176881,0,1,Strong,0.0,0.0,1.0,0
0.07692307692307693,0.22993912255875704,0,1,Strong,0.0,1.0,0.0,0
-0.5769230769230769,0.31941500964428,1,1,Other,0.0,0.0,1.0,0
-0.9615384615384616,-0.6754583524336583,1,0,Other,0.0,0.0,1.0,0
-0.23076923076923078,-0.6754583524336583,1,0,Other,1.0,0.0,0.0,0
0.07692307692307693,0.044644933265125794,1,1,Other,0.0,0.0,1.0,0
0.6153846153846154,-0.6754583524336583,1,1,Elite,0.0,0.0,0.0,1
-0.4230769230769231,-0.3054280355122098,0,1,Other,0.0,0.0,1.0,0
-0.38461538461538464,-0.12060332666759677,1,1,Other,0.0,1.0,0.0,0
0.4230769230769231,-0.3017784893802194,0,1,Other,1.0,0.0,0.0,0
0.19230769230769232,0.4028585158660032,0,1,Elite,0.0,0.0,1.0,0
0.9230769230769231,-0.6754583524336583,1,1,Other,1.0,0.0,0.0,1
0.6538461538461539,-0.06606387148637068,1,1,Other,0.0,0.0,0.0,1
0.19230769230769232,0.03974639197631338,0,1,Other,0.0,0.0,0.0,0
-0.8461538461538461,0.2394793196076738,0,1,Strong,0.0,0.0,1.0,0
-0.7692307692307693,-0.6754583524336583,1,0,Other,1.0,0.0,0.0,0
0.6153846153846154,0.37850753936881454,1,1,Other,0.0,0.0,0.0,1
-0.038461538461538464,0.051855444312310796,1,1,Other,0.0,0.0,1.0,0
-0.7307692307692307,0.6299010326355348,0,1,Other,1.0,0.0,0.0,0
0.7307692307692307,0.4189182904710971,1,1,Other,0.0,1.0,0.0,1
0.23076923076923078,0.5169954137075004,0,1,Other,1.0,0.0,0.0,0
0.4230769230769231,-0.18166235940499997,1,1,Elite,0.0,1.0,0.0,0
-0.2692307692307692,-0.6754583524336583,1,0,Other,0.0,0.0,0.0,0
0.38461538461538464,-0.6754583524336583,1,0,Other,0.0,1.0,0.0,0
-0.19230769230769232,0.25804594264809116,1,1,Other,0.0,0.0,1.0,0
-0.9615384615384616,-0.00039861547558148034,0,1,Other,1.0,0.0,0.0,0
0.5,-0.17401780039551512,1,1,Other,0.0,1.0,0.0,1
-0.9615384615384616,0.299590533325361,1,1,Strong,0.0,0.0,1.0,0
0.6923076923076923,-0.6754583524336583,1,1,Other,0.0,0.0,1.0,1
-0.2692307692307692,-0.6754583524336583,0,0,Other,0.0,0.0,1.0,0
-0.11538461538461539,-0.6754583524336583,1,0,Other,0.0,0.0,0.0,0
0.15384615384615385,0.17124520830980394,1,1,Other,0.0,0.0,0.0,0
-0.19230769230769232,-0.2624218547578079,0,1,Other,0.0,0.0,1.0,0
0.5769230769230769,0.20784696708986344,1,1,Other,0.0,0.0,1.0,1
-0.5769230769230769,-0.2687376955153544,0,1,Other,0.0,0.0,0.0,0
-0.9230769230769231,0.5882855769848283,0,1,Other,0.0,0.0,1.0,0
0.8461538461538461,0.04400714850419543,1,1,Other,0.0,0.0,0.0,1
-0.4230769230769231,-0.6754583524336583,0,0,Strong,0.0,0.0,0.0,0
-0.23076923076923078,0.07937762837079211,1,1,Elite,0.0,0.0,0.0,0
0.5769230769230769,0.5932992738554753,1,1,Other,0.0,1.0,0.0,1
-0.8461538461538461,0.27572675352054976,0,1,Other,1.0,0.0,0.0,0
0.6923076923076923,0.051846586190631205,1,1,Other,0.0,0.0,1.0,1
-0.07692307692307693,0.05409654909724668,0,1,Other,0.0,1.0,0.0,0
-0.6153846153846154,0.4898452707595618,1,1,Other,0.0,0.0,1.0,0
-0.8461538461538461,-0.6754583524336583,0,0,Other,1.0,0.0,0.0,0
0.7692307692307693,0.09814798820984004,1,1,Other,0.0,0.0,0.0,1
-0.2692307692307692,-0.2642289115804439,0,1,Other,0.0,1.0,0.0,0
-0.6153846153846154,0.3046130883176877,0,1,Other,0.0,1.0,0.0,0
0.34615384615384615,-0.10758188779860174,1,1,Other,0.0,0.0,1.0,0
-0.038461538461538464,-0.11997440002834599,0,1,Other,1.0,0.0,0.0,0
0.7307692307692307,0.6005186430243399,1,1,Other,1.0,0.0,0.0,1
0.7692307692307693,-0.6754583524336583,1,1,Other,0.0,0.0,1.0,1
0.6923076923076923,0.5916782375881107,1,1,Other,1.0,0.0,0.0,1
-0.4230769230769231,-0.6754583524336583,1,0,Elite,1.0,0.0,0.0,0
0.38461538461538464,0.6525955403786404,0,1,Other,0.0,0.0,1.0,0
0.8846153846153846,0.5556876892039427,1,1,Strong,0.0,1.0,0.0,1
-0.6538461538461539,-0.1303206861501053,0,1,Other,0.0,0.0,1.0,0
-0.3076923076923077,0.25077342474914904,0,1,Strong,0.0,1.0,0.0,0
0.38461538461538464,0.06312297508874731,1,1,Other,0.0,0.0,0.0,0
0.8076923076923077,0.420211576236317,1,1,Other,0.0,0.0,1.0,1
-0.6923076923076923,-0.6754583524336583,1,0,Other,0.0,0.0,1.0,0
-0.038461538461538464,-0.6754583524336583,0,0,Other,1.0,0.0,0.0,0
-0.11538461538461539,0.6332848351171376,0,1,Other,0.0,1.0,0.0,0
-0.8461538461538461,-0.6754583524336583,0,0,Other,0.0,1.0,0.0,0
0.23076923076923078,0.6479538846185361,0,1,Other,0.0,0.0,0.0,0
0.6923076923076923,-0.6754583524336583,1,1,Other,1.0,0.0,0.0,1
0.6153846153846154,0.37421135035421416,1,1,Other,0.0,0.0,0.0,1
0.15384615384615385,-0.6754583524336583,1,0,Other,1.0,0.0,0.0,0
0.23076923076923078,-0.07226455666208259,0,1,Other,0.0,0.0,0.0,0
0.8461538461538461,0.1231101751029203,1,1,Elite,1.0,0.0,0.0,1
0.8461538461538461,0.4935125331349114,1,1,Strong,0.0,1.0,0.0,1
0.5384615384615384,-0.6754583524336583,0,0,Other,0.0,0.0,0.0,0
-0.15384615384615385,-0.6754583524336583,1,0,Other,0.0,1.0,0.0,0
0.0,0.19225667293378776,0,1,Other,0.0,0.0,1.0,0
0.9230769230769231,0.1457426759942688,1,1,Strong,0.0,0.0,1.0,1
-0.6153846153846154,0.2528993739522503,0,1,Other,0.0,1.0,0.0,0
0.07692307692307693,0.1477357533721762,0,1,Other,0.0,0.0,0.0,0
0.8461538461538461,0.4224261066562141,1,1,Other,1.0,0.0,0.0,1
0.8461538461538461,0.6461468277959,1,1,Other,0.0,1.0,0.0,1
-0.9230769230769231,0.31852919747632114,0,1,Other,0.0,0.0,1.0,0
-0.15384615384615385,-0.13941797711504264,0,1,Other,0.0,1.0,0.0,0
0.0,-0.18916518846761138,1,1,Other,1.0,0.0,0.0,0
0.8461538461538461,-0.6754583524336583,1,1,Other,1.0,0.0,0.0,1
0.15384615384615385,0.23692818056395232,1,1,Other,0.0,1.0,0.0,0
0.7692307692307693,0.5794274553052398,1,1,Elite,0.0,0.0,0.0,1
0.34615384615384615,-0.6754583524336583,1,0,Other,0.0,0.0,0.0,0
-0.7307692307692307,-0.3019822261788499,0,1,Other,0.0,1.0,0.0,0
-0.8461538461538461,0.5113084995892047,0,1,Other,1.0,0.0,0.0,0
-0.7307692307692307,-0.6754583524336583,1,0,Strong,0.0,0.0,0.0,0
0.11538461538461539,-0.6754583524336583,1,0,Other,0.0,0.0,0.0,0
-0.6923076923076923,0.416810057511355,1,1,Other,0.0,1.0,0.0,0
0.46153846153846156,0.6303350805978346,1,1,Other,0.0,0.0,0.0,1
-0.8076923076923077,-0.6754583524336583,0,0,Other,1.0,0.0,0.0,0
-0.3076923076923077,-0.19595936779585574,0,1,Other,0.0,0.0,1.0,0
-0.46153846153846156,-0.1547159532556919,0,1,Other,1.0,0.0,0.0,0
-0.5,-0.6754583524336583,0,0,Other,0.0,1.0,0.0,0
-0.8461538461538461,-0.6754583524336583,1,0,Other,0.0,0.0,1.0,0
0.3076923076923077,-0.6754583524336583,1,0,Other,1.0,0.0,0.0,0
-0.6538461538461539,-0.6754583524336583,0,0,Other,0.0,1.0,0.0,0
-0.8461538461538461,-0.08383326357562511,1,0,Other,0.0,1.0,0.0,0
0.4230769230769231,-0.6754583524336583,1,1,Other,0.0,0.0,0.0,1
0.7692307692307693,-0.30537488678213226,1,1,Other,1.0,0.0,0.0,1
0.46153846153846156,0.6457039217119206,0,1,Other,1.0,0.0,0.0,0
-0.7692307692307693,0.5852738156137682,1,1,Other,0.0,0.0,1.0,0
-0.9230769230769231,0.5590006267121088,0,1,Other,0.0,1.0,0.0,0
0.8076923076923077,-0.26590309657788613,1,1,Other,0.0,1.0,0.0,1
-0.4230769230769231,-0.6754583524336583,1,0,Other,0.0,0.0,1.0,0
-0.3076923076923077,-0.6754583524336583,1,0,Other,0.0,0.0,1.0,0
-0.7307692307692307,-0.21222287919958013,0,1,Other,1.0,0.0,0.0,0
-0.38461538461538464,0.45888613548940016,1,1,Other,0.0,1.0,0.0,0
-0.07692307692307693,0.30961792706665514,0,1,Other,1.0,0.0,0.0,0
-0.038461538461538464,0.2638657285915808,0,1,Other,0.0,0.0,0.0,0
0.2692307692307692,-0.19463064954391746,1,1,Other,1.0,0.0,0.0,1
0.6538461538461539,-0.05234264100468816,1,1,Other,0.0,0.0,0.0,1
0.8461538461538461,-0.26471610827282127,1,1,Other,0.0,0.0,1.0,1
0.5384615384615384,0.10515476245839452,0,0,Other,0.0,0.0,1.0,0
0.23076923076923078,0.5457045860710465,1,1,Elite,0.0,1.0,0.0,1
0.5769230769230769,0.414506945874662,1,1,Other,0.0,0.0,0.0,0
-0.46153846153846156,-0.01882350856912546,1,0,Other,0.0,0.0,0.0,0
-0.34615384615384615,0.6015904757475701,1,1,Other,0.0,0.0,0.0,0
0.2692307692307692,-0.1575416940714806,1,1,Other,0.0,0.0,1.0,0
0.4230769230769231,-0.6754583524336583,1,0,Other,1.0,0.0,0.0,0
0.3076923076923077,0.49578021228488606,0,1,Other,1.0,0.0,0.0,0
0.8076923076923077,-0.18091827718391454,1,1,Elite,0.0,0.0,0.0,1
0.4230769230769231,0.126086503987262,1,1,Other,0.0,1.0,0.0,1
0.34615384615384615,-0.6754583524336583,0,0,Other,0.0,0.0,1.0,0
-0.19230769230769232,0.4241888728704522,0,1,Other,0.0,0.0,1.0,0
-0.6153846153846154,-0.6754583524336583,1,0,Other,0.0,0.0,1.0,0
-0.4230769230769231,-0.2423847835185788,0,1,Other,0.0,0.0,0.0,0
-0.7692307692307693,-0.6754583524336583,0,0,Other,0.0,1.0,0.0,0
-0.9615384615384616,-0.05664768814096815,0,1,Other,0.0,1.0,0.0,0
0.19230769230769232,-0.6754583524336583,1,0,Strong,1.0,0.0,0.0,0
0.34615384615384615,-0.6754583524336583,0,0,Other,0.0,0.0,1.0,0
-0.7692307692307693,0.26330766692576674,1,1,Other,1.0,0.0,0.0,0
-0.6538461538461539,0.20843160312071626,0,1,Other,1.0,0.0,0.0,0
0.0,-0.6754583524336583,1,0,Other,0.0,0.0,0.0,0
0.23076923076923078,0.5086244887202893,0,1,Other,0.0,0.0,0.0,0
-0.3076923076923077,0.2509062965743429,0,1,Other,0.0,0.0,0.0,0
-0.8846153846153846,-0.07641015760812998,0,1,Elite,0.0,0.0,1.0,0
0.6153846153846154,-0.6754583524336583,1,1,Other,0.0,0.0,0.0,1
0.6153846153846154,0.390421713027861,1,1,Other,0.0,0.0,0.0,1
-0.5,0.3688787611031019,0,0,Other,0.0,0.0,1.0,0
0.6153846153846154,-0.09283311520208698,1,1,Other,0.0,0.0,0.0,1
-0.8461538461538461,0.05880906983078773,1,1,Other,0.0,1.0,0.0,0
-0.19230769230769232,-0.6754583524336583,0,0,Other,0.0,0.0,1.0,0
0.19230769230769232,0.6422403961352016,1,1,Other,0.0,0.0,1.0,0
-0.11538461538461539,-0.12811501385188778,0,0,Other,1.0,0.0,0.0,0
-0.5769230769230769,-0.025378518612020912,0,1,Other,0.0,1.0,0.0,0
-0.6538461538461539,-0.6754583524336583,1,0,Other,0.0,1.0,0.0,0
-0.8461538461538461,0.5313189964633949,1,1,Other,0.0,0.0,1.0,0
-0.9615384615384616,-0.18783647021567312,1,0,Other,1.0,0.0,0.0,0
0.6538461538461539,0.17245877097990756,1,1,Other,0.0,1.0,0.0,1
0.7307692307692307,-0.12606878774390284,1,1,Other,0.0,1.0,0.0,1
-0.9615384615384616,0.526367306444505,1,1,Other,1.0,0.0,0.0,0
-0.7307692307692307,0.27409685913150544,1,1,Other,0.0,0.0,1.0,0
0.8846153846153846,0.07186594118650111,1,1,Other,0.0,0.0,0.0,1
-0.5384615384615384,0.5318504837641702,0,1,Other,0.0,0.0,1.0,0
0.8846153846153846,-0.041854624936055435,1,1,Strong,0.0,0.0,0.0,1
-0.07692307692307693,0.4055248104915593,0,1,Other,0.0,0.0,0.0,0
0.8076923076923077,-0.6754583524336583,1,1,Other,1.0,0.0,0.0,1
-0.8461538461538461,-0.2895631395840669,1,1,Other,1.0,0.0,0.0,0
-0.6538461538461539,-0.25697410992486097,1,0,Other,0.0,0.0,1.0,0
0.15384615384615385,0.32166497255089543,0,1,Other,0.0,1.0,0.0,0
-0.07692307692307693,0.3297524376443597,0,0,Other,0.0,0.0,1.0,0
0.5,-0.05685142493959868,1,0,Elite,0.0,0.0,0.0,0
0.34615384615384615,-0.2405422942092244,0,1,Other,0.0,0.0,1.0,0
-0.07692307692307693,-0.6754583524336583,0,0,Other,0.0,0.0,0.0,0
-0.5769230769230769,0.5366958763229052,1,1,Other,0.0,0.0,1.0,0
-0.07692307692307693,0.20834302190392037,0,1,Other,1.0,0.0,0.0,0
0.6923076923076923,-0.2656373529274985,1,1,Other,0.0,0.0,0.0,1
-0.34615384615384615,-0.6754583524336583,0,0,Other,0.0,1.0,0.0,0
0.7307692307692307,0.11245385472237539,1,1,Strong,0.0,0.0,0.0,1
0.15384615384615385,0.32780365087485025,0,1,Other,0.0,1.0,0.0,0
0.19230769230769232,0.044131162207709664,0,1,Other,0.0,0.0,1.0,0
-0.7692307692307693,-0.6754583524336583,1,0,Other,0.0,1.0,0.0,0
-0.5769230769230769,0.05887107668254485,1,1,Other,0.0,1.0,0.0,0
0.8076923076923077,-0.11310935572666495,1,1,Other,0.0,1.0,0.0,1
0.8846153846153846,-0.6754583524336583,1,1,Other,1.0,0.0,0.0,1
-0.38461538461538464,0.062210588555749693,1,1,Other,0.0,0.0,0.0,0
-0.7307692307692307,0.413754005531897,1,1,Other,0.0,0.0,1.0,0
-0.46153846153846156,0.008087465093464256,1,1,Other,1.0,0.0,0.0,0
-0.46153846153846156,-0.25906462664124386,1,1,Other,0.0,1.0,0.0,0
0.3076923076923077,0.4739095098579822,1,1,Other,0.0,0.0,1.0,1
-0.8846153846153846,-0.6754583524336583,0,0,Other,1.0,0.0,0.0,0
0.23076923076923078,-0.6754583524336583,1,0,Other,0.0,1.0,0.0,0
0.2692307692307692,0.37498200694033834,1,1,Other,0.0,0.0,1.0,1
0.19230769230769232,-0.1533340862736761,0,1,Other,1.0,0.0,0.0,0
-0.3076923076923077,0.13141023511669467,1,1,Other,0.0,0.0,1.0,0
0.4230769230769231,-0.6754583524336583,1,1,Elite,1.0,0.0,0.0,1
-0.23076923076923078,0.39462932082566554,1,1,Other,0.0,1.0,0.0,0
0.46153846153846156,0.6167732963063847,0,1,Elite,1.0,0.0,0.0,0
-0.4230769230769231,0.2793231509224626,0,1,Other,0.0,0.0,0.0,0
0.7692307692307693,-0.6754583524336583,1,1,Other,1.0,0.0,0.0,1
-0.5,0.5676638697147464,0,1,Other,0.0,0.0,0.0,0
-0.38461538461538464,-0.6754583524336583,1,0,Other,0.0,1.0,0.0,0
0.6538461538461539,0.2802001049687419,1,1,Other,0.0,0.0,0.0,1
0.6538461538461539,-0.6754583524336583,1,1,Other,0.0,0.0,1.0,1
-0.6153846153846154,-0.6754583524336583,1,0,Other,0.0,1.0,0.0,0
0.4230769230769231,0.6360574272028487,0,1,Strong,0.0,0.0,0.0,0
0.6923076923076923,-0.25816995635160545,1,1,Elite,1.0,0.0,0.0,1
0.4230769230769231,-0.30510914313174464,0,1,Other,0.0,0.0,0.0,0
0.11538461538461539,0.0009921096281139065,0,1,Other,0.0,0.0,0.0,0
0.6538461538461539,0.35094106470193526,1,1,Elite,0.0,0.0,1.0,1
-0.6923076923076923,0.43630678332812917,1,1,Other,0.0,0.0,1.0,0
0.7307692307692307,-0.07183050869978276,1,1,Other,0.0,0.0,1.0,1
0.07692307692307693,-0.6754583524336583,0,0,Other,0.0,0.0,0.0,0
-0.8846153846153846,0.5277048828181228,0,1,Other,1.0,0.0,0.0,0
-0.5769230769230769,-0.6754583524336583,1,0,Other,0.0,1.0,0.0,0
0.6153846153846154,-0.6754583524336583,1,1,Strong,0.0,0.0,1.0,1
0.38461538461538464,-0.06193598678368245,0,1,Strong,0.0,0.0,1.0,0
0.8846153846153846,0.4577080053060149,1,1,Elite,1.0,0.0,0.0,1
-0.6538461538461539,-0.6754583524336583,0,0,Other,1.0,0.0,0.0,0
0.5384615384615384,-0.0641948078119775,0,1,Strong,1.0,0.0,0.0,0
-0.4230769230769231,-0.6754583524336583,0,0,Other,1.0,0.0,0.0,0
-0.15384615384615385,0.47309456266346,1,1,Strong,0.0,0.0,1.0,0
0.8076923076923077,0.1728219539687707,1,1,Other,1.0,0.0,0.0,1
-0.46153846153846156,-0.15429076341507164,1,1,Other,1.0,0.0,0.0,0
-0.23076923076923078,-0.3080234651643292,1,1,Other,1.0,0.0,0.0,0
-0.6153846153846154,-0.19826247943254874,1,1,Other,1.0,0.0,0.0,0
0.038461538461538464,-0.6754583524336583,1,0,Other,1.0,0.0,0.0,0
-0.5384615384615384,-0.14770032088545784,1,1,Other,0.0,1.0,0.0,0
0.4230769230769231,-0.2862324858325416,1,1,Other,0.0,1.0,0.0,1
0.038461538461538464,0.21326813755777158,0,1,Other,0.0,0.0,1.0,0
-0.6153846153846154,-0.2265198875904359,1,1,Other,1.0,0.0,0.0,0
-0.7692307692307693,-0.6754583524336583,0,0,Other,0.0,0.0,1.0,0
0.038461538461538464,-0.6754583524336583,0,0,Other,0.0,0.0,0.0,0
-0.07692307692307693,-0.6754583524336583,0,0,Other,0.0,0.0,1.0,0
-0.8461538461538461,0.352216634223796,0,1,Elite,0.0,1.0,0.0,0
0.9230769230769231,-0.13304012950573896,1,1,Elite,0.0,0.0,1.0,1
0.07692307692307693,0.511149053398972,0,1,Other,0.0,0.0,0.0,0
0.2692307692307692,0.3968527093672422,1,1,Strong,0.0,0.0,0.0,0
0.4230769230769231,-0.22446480336077138,1,1,Other,1.0,0.0,0.0,1
0.9230769230769231,0.5709413747361941,1,1,Other,0.0,0.0,0.0,1
-0.34615384615384615,0.07268088838102324,1,1,Other,1.0,0.0,0.0,0
0.4230769230769231,-0.037407847852902035,0,1,Strong,0.0,0.0,0.0,0
-0.46153846153846156,0.29788977396288,1,1,Other,0.0,0.0,1.0,0
0.038461538461538464,0.6469794912337813,1,1,Other,1.0,0.0,0.0,0
0.3076923076923077,0.3716159207020947,1,1,Other,0.0,0.0,1.0,0
-0.8461538461538461,0.5681333501637645,1,1,Other,0.0,0.0,0.0,0
0.46153846153846156,0.38862351432690456,1,1,Other,1.0,0.0,0.0,0
-0.8076923076923077,-0.1381512657148615,1,1,Other,0.0,0.0,1.0,0
-0.038461538461538464,0.5278466127649962,0,1,Other,0.0,1.0,0.0,0
0.7692307692307693,-0.0067853212065647536,1,1,Elite,0.0,0.0,1.0,1
-0.2692307692307692,0.6447649608138842,1,1,Other,0.0,0.0,1.0,0
0.6153846153846154,0.3967641281504463,1,1,Elite,1.0,0.0,0.0,1
-0.6923076923076923,-0.6754583524336583,0,0,Other,0.0,0.0,1.0,0
0.4230769230769231,-0.08968848200583307,1,0,Other,0.0,1.0,0.0,0
0.8846153846153846,0.5666274694782345,1,1,Other,0.0,0.0,0.0,1
0.0,0.276001355292617,1,1,Other,1.0,0.0,0.0,0
-0.7692307692307693,-0.6754583524336583,0,0,Strong,0.0,1.0,0.0,0
0.9230769230769231,-0.6754583524336583,1,1,Other,0.0,0.0,1.0,1
0.6923076923076923,0.5960895821845457,1,1,Elite,0.0,1.0,0.0,1
-0.3076923076923077,0.2374862422297664,1,1,Other,1.0,0.0,0.0,0
0.6153846153846154,-0.6754583524336583,1,1,Other,1.0,0.0,0.0,1
0.46153846153846156,-0.6754583524336583,0,0,Other,1.0,0.0,0.0,0
-0.4230769230769231,-0.2580636588914504,0,1,Other,0.0,1.0,0.0,0
0.11538461538461539,-0.1625465328204481,0,1,Other,0.0,0.0,1.0,0
0.2692307692307692,-0.6754583524336583,0,0,Other,0.0,0.0,0.0,0
0.23076923076923078,-0.6754583524336583,1,0,Other,0.0,0.0,0.0,0
0.038461538461538464,-0.3155794429570182,0,1,Strong,0.0,0.0,1.0,0
0.4230769230769231,-0.6754583524336583,0,0,Other,0.0,0.0,1.0,0
0.4230769230769231,-0.25598200029674706,0,1,Other,0.0,1.0,0.0,0
-0.6153846153846154,-0.3065973075739155,1,0,Other,1.0,0.0,0.0,0
0.9230769230769231,0.2867905474983557,1,1,Other,0.0,1.0,0.0,1
-0.5384615384615384,0.10421580156035813,0,1,Strong,0.0,0.0,0.0,0
0.3076923076923077,-0.04539787360789081,1,1,Other,0.0,0.0,1.0,1
0.6538461538461539,0.6198382064075223,1,1,Other,1.0,0.0,0.0,1
0.11538461538461539,0.498579378735636,0,1,Elite,0.0,1.0,0.0,0
0.6538461538461539,0.11124915017395136,1,1,Other,0.0,0.0,0.0,1
-0.07692307692307693,0.364033368544367,1,1,Other,0.0,0.0,1.0,0
0.0,-0.17945668710678245,0,1,Other,0.0,0.0,1.0,0
-0.11538461538461539,0.603787289924108,0,1,Other,1.0,0.0,0.0,0
0.9230769230769231,0.019089252219513114,1,1,Other,0.0,0.0,1.0,1
-0.38461538461538464,-0.07685306369210941,1,1,Elite,0.0,0.0,1.0,0
-0.6153846153846154,-0.08218565294322165,0,1,Other,0.0,0.0,0.0,0
0.0,-0.6754583524336583,1,0,Other,0.0,0.0,1.0,0
-0.3076923076923077,0.37630186707059704,0,1,Other,0.0,1.0,0.0,0
-0.8076923076923077,0.10480929571289056,0,1,Other,0.0,0.0,0.0,0
0.46153846153846156,-0.6754583524336583,1,0,Other,0.0,0.0,0.0,0
0.11538461538461539,-0.6754583524336583,1,0,Other,1.0,0.0,0.0,0
-0.38461538461538464,-0.17209558799104444,0,1,Other,0.0,1.0,0.0,0
-0.8461538461538461,0.5229480714761838,1,1,Other,0.0,1.0,0.0,0
0.2692307692307692,-0.2196991338971528,0,1,Other,0.0,0.0,1.0,0
-0.15384615384615385,0.03989698004486639,0,1,Other,1.0,0.0,0.0,0
-0.6538461538461539,0.6360485690811691,0,1,Other,0.0,0.0,1.0,0
0.5384615384615384,-0.6754583524336583,0,0,Other,0.0,0.0,0.0,0
0.5,-0.6754583524336583,0,0,Other,0.0,0.0,1.0,0
0.07692307692307693,-0.6754583524336583,0,0,Other,0.0,1.0,0.0,0
-0.15384615384615385,-0.2161558852253174,1,1,Other,0.0,0.0,0.0,0
0.38461538461538464,-0.07075867597655255,0,0,Other,1.0,0.0,0.0,0
-0.7307692307692307,-0.6754583524336583,1,0,Other,0.0,1.0,0.0,0
0.2692307692307692,0.32648379074459155,1,1,Other,0.0,1.0,0.0,0
-0.38461538461538464,-0.29551579735275035,1,1,Other,0.0,1.0,0.0,0
0.07692307692307693,-0.2736893855342444,0,1,Other,0.0,1.0,0.0,0
0.6538461538461539,0.5037525217965156,1,1,Other,0.0,1.0,0.0,1
-0.15384615384615385,-0.6754583524336583,1,0,Other,0.0,1.0,0.0,0
0.7307692307692307,0.41207982053445474,1,1,Elite,1.0,0.0,0.0,1
-0.6538461538461539,0.5811370727894004,0,1,Other,0.0,1.0,0.0,0
-0.2692307692307692,0.3921667629987399,0,1,Other,1.0,0.0,0.0,0
-0.19230769230769232,-0.25517591122390454,1,1,Other,1.0,0.0,0.0,0
0.9230769230769231,-0.22323352444730857,1,1,Other,0.0,0.0,0.0,1
0.7692307692307693,0.052998142008977706,1,1,Other,1.0,0.0,0.0,1
0.5,-0.21195713554919246,1,1,Other,0.0,0.0,0.0,0
0.6923076923076923,-0.203896244820767,1,1,Other,0.0,0.0,1.0,1
0.8461538461538461,-0.20782039272482467,1,1,Other,0.0,0.0,0.0,1
-0.5,-0.02139236385620611,0,1,Other,0.0,0.0,0.0,0
-0.34615384615384615,-0.6754583524336583,1,0,Other,1.0,0.0,0.0,0
-0.19230769230769232,0.6058246579104134,0,1,Other,0.0,1.0,0.0,0
-0.34615384615384615,0.44093958096655395,0,1,Other,0.0,0.0,0.0,0
0.19230769230769232,-0.13931167965488758,0,1,Other,0.0,0.0,0.0,0
-0.7307692307692307,-0.6754583524336583,1,0,Other,0.0,0.0,1.0,0
-0.15384615384615385,0.6004389199292236,0,0,Other,0.0,1.0,0.0,0
0.8461538461538461,0.17908464599623972,1,1,Elite,0.0,1.0,0.0,1
0.8846153846153846,0.3731660919960227,1,1,Other,0.0,0.0,1.0,1
-0.5384615384615384,0.6218135675420705,1,1,Other,0.0,0.0,1.0,0
0.038461538461538464,-0.17293710955060534,0,1,Other,0.0,0.0,0.0,0
-0.15384615384615385,0.30723509233484586,0,1,Other,0.0,0.0,0.0,0
-0.8076923076923077,-0.6754583524336583,0,0,Other,0.0,0.0,0.0,0
-0.9615384615384616,0.016848147434577236,0,1,Other,0.0,0.0,0.0,0
-0.19230769230769232,-0.29550693923107074,0,1,Other,0.0,0.0,1.0,0
-0.038461538461538464,0.023491738694268575,1,1,Other,0.0,0.0,0.0,0
0.19230769230769232,-0.6754583524336583,1,0,Other,1.0,0.0,0.0,0
-0.5384615384615384,0.5253663386947115,0,1,Other,0.0,0.0,1.0,0
-0.6538461538461539,0.4379101033521347,0,1,Other,1.0,0.0,0.0,0
0.4230769230769231,-0.2788182379867261,1,1,Other,0.0,1.0,0.0,0
0.6153846153846154,-0.3033640931608657,1,1,Other,1.0,0.0,0.0,1
0.2692307692307692,-0.27134198328915343,0,1,Other,1.0,0.0,0.0,0
0.8846153846153846,0.6031672214065369,1,1,Other,0.0,0.0,1.0,1
0.38461538461538464,-0.2574081578871608,1,1,Elite,0.0,0.0,1.0,1
-0.4230769230769231,-0.047382092864118625,1,1,Other,0.0,0.0,1.0,0
-0.8461538461538461,0.22141760950299294,0,1,Other,0.0,0.0,0.0,0
-0.2692307692307692,0.44943451965727926,0,1,Other,1.0,0.0,0.0,0
0.5,-0.6754583524336583,1,1,Other,0.0,0.0,0.0,1
0.6538461538461539,-0.6754583524336583,1,1,Other,0.0,0.0,0.0,1
0.6538461538461539,-0.12597134840542737,1,1,Other,0.0,0.0,0.0,1
-0.07692307692307693,0.32664323693482417,1,1,Other,0.0,0.0,0.0,0
-0.8846153846153846,-0.17916436909135602,1,1,Strong,0.0,0.0,0.0,0
0.7692307692307693,0.5301231500366504,1,1,Other,1.0,0.0,0.0,1
-0.46153846153846156,0.2974025772705027,0,1,Other,0.0,0.0,0.0,0
-0.9615384615384616,-0.6754583524336583,1,0,Other,1.0,0.0,0.0,0
0.7307692307692307,-0.6754583524336583,1,1,Other,0.0,1.0,0.0,1
0.7307692307692307,-0.6754583524336583,1,1,Other,1.0,0.0,0.0,1
-0.7307692307692307,0.2762316664562863,0,1,Other,0.0,1.0,0.0,0
-0.8846153846153846,0.156930483675589,0,1,Other,1.0,0.0,0.0,0
0.23076923076923078,-0.6754583524336583,0,0,Other,0.0,0.0,1.0,0
0.2692307692307692,0.39087347723352,0,1,Other,0.0,0.0,0.0,0
-0.2692307692307692,0.021932709278661006,0,1,Strong,1.0,0.0,0.0,0
-0.4230769230769231,0.5679827620952115,0,1,Strong,0.0,0.0,0.0,0
-0.8846153846153846,-0.0667370887340194,0,1,Other,0.0,0.0,1.0,0
0.8461538461538461,0.1315431069418885,1,1,Other,0.0,0.0,1.0,1
0.46153846153846156,0.0010098258714730836,1,1,Other,0.0,0.0,0.0,1
-0.15384615384615385,-0.20689028994846786,0,1,Other,1.0,0.0,0.0,0
0.23076923076923078,-0.6754583524336583,0,0,Other,0.0,0.0,1.0,0
0.9230769230769231,0.4103702030502942,1,1,Other,0.0,1.0,0.0,1
0.11538461538461539,-0.6754583524336583,0,0,Strong,0.0,0.0,0.0,0
-0.4230769230769231,-0.025901147791116633,1,1,Other,1.0,0.0,0.0,0
0.19230769230769232,0.4601617050112609,0,1,Other,0.0,0.0,0.0,0
0.8461538461538461,-0.025511390437214742,1,1,Other,1.0,0.0,0.0,1
-0.7692307692307693,0.26127915706114097,1,1,Other,0.0,0.0,0.0,0
-0.8076923076923077,-0.15803774888553757,1,1,Other,1.0,0.0,0.0,0
0.23076923076923078,-0.6754583524336583,0,0,Other,0.0,0.0,0.0,0
0.8846153846153846,-0.24304028452286836,1,1,Elite,0.0,0.0,1.0,1
0.0,-0.16517739495928585,0,1,Other,0.0,1.0,0.0,0
0.8076923076923077,-0.021897276791942654,1,1,Other,1.0,0.0,0.0,1
-0.6923076923076923,0.5125663528677061,1,1,Other,1.0,0.0,0.0,0
-0.34615384615384615,-0.07482455382748365,0,1,Other,0.0,1.0,0.0,0
0.5,-0.08507340061076749,1,1,Other,1.0,0.0,0.0,0
-0.38461538461538464,0.4693387190713145,1,1,Other,0.0,0.0,0.0,0
-0.15384615384615385,-0.6754583524336583,0,0,Other,0.0,0.0,0.0,0
-0.23076923076923078,0.572987600844179,0,1,Other,0.0,0.0,0.0,0
-0.19230769230769232,0.08978592134430854,0,1,Other,1.0,0.0,0.0,0
0.8461538461538461,-0.28558584294993167,1,1,Other,0.0,1.0,0.0,1
0.19230769230769232,0.1896169526732704,1,1,Strong,0.0,0.0,1.0,0
-0.5769230769230769,0.5945659852556565,1,1,Other,0.0,1.0,0.0,0
0.34615384615384615,0.14588440594114221,0,1,Other,0.0,0.0,0.0,0
0.7307692307692307,-0.6754583524336583,1,1,Other,0.0,0.0,1.0,1
0.11538461538461539,0.43702429118417585,0,1,Other,0.0,0.0,1.0,0
-0.7692307692307693,0.5909873040971028,1,0,Other,1.0,0.0,0.0,0
-0.23076923076923078,-0.17438098338437827,0,1,Other,1.0,0.0,0.0,0
0.6923076923076923,-0.6754583524336583,1,1,Elite,0.0,1.0,0.0,1
-0.5384615384615384,-0.018354028120107273,1,1,Other,0.0,0.0,1.0,0
0.5,0.49515128564563526,0,1,Other,0.0,1.0,0.0,0
-0.9230769230769231,-0.17000507127466155,0,1,Strong,0.0,0.0,1.0,0
0.19230769230769232,-0.6754583524336583,0,0,Other,1.0,0.0,0.0,0
0.2692307692307692,-0.260632514178531,1,1,Elite,0.0,1.0,0.0,1
0.3076923076923077,-0.6754583524336583,0,0,Other,0.0,0.0,0.0,0
-0.46153846153846156,0.16273255337571946,0,1,Other,0.0,1.0,0.0,0
-0.2692307692307692,0.6384136875696192,0,1,Other,0.0,0.0,0.0,0
-0.038461538461538464,0.04148258382551272,0,1,Other,0.0,0.0,1.0,0
0.038461538461538464,0.0509341996576336,1,1,Other,0.0,0.0,0.0,0
-0.11538461538461539,0.23308375575501092,0,1,Other,0.0,0.0,0.0,0
0.6923076923076923,-0.30300976829368215,1,1,Other,0.0,0.0,1.0,1
-0.038461538461538464,-0.6754583524336583,1,0,Elite,0.0,0.0,0.0,0
0.11538461538461539,0.5508245804018487,0,1,Strong,1.0,0.0,0.0,0
-0.8076923076923077,0.15544231923341814,1,1,Other,0.0,0.0,1.0,0
0.07692307692307693,0.3723954354098985,0,1,Other,0.0,0.0,0.0,0
0.0,-0.6754583524336583,1,0,Other,0.0,1.0,0.0,0
-0.6538461538461539,0.08688931555508313,0,1,Other,0.0,0.0,0.0,0
-0.038461538461538464,-0.019204407801347762,0,1,Other,0.0,0.0,0.0,0
-0.8846153846153846,0.07553320356185073,1,1,Other,0.0,0.0,1.0,0
-0.15384615384615385,-0.3063227058018482,0,1,Other,1.0,0.0,0.0,0
0.5384615384615384,0.17784450896109735,1,1,Other,0.0,1.0,0.0,1
-0.34615384615384615,0.09899836789108053,0,1,Other,1.0,0.0,0.0,0
0.8846153846153846,-0.6754583524336583,1,1,Elite,0.0,1.0,0.0,1
-0.38461538461538464,0.22966452078668978,1,1,Other,0.0,1.0,0.0,0
0.0,0.49568277294641055,1,0,Other,0.0,0.0,0.0,0
-0.8461538461538461,0.3084220806399107,0,1,Elite,0.0,0.0,0.0,0
-0.5,0.5561040209228834,0,1,Other,1.0,0.0,0.0,0
0.19230769230769232,-0.18058166856009017,0,0,Other,0.0,0.0,1.0,0
-0.8076923076923077,0.6013690227055803,1,1,Other,1.0,0.0,0.0,0
-0.9615384615384616,0.45098469095120725,1,0,Other,0.0,1.0,0.0,0
-0.4230769230769231,-0.6754583524336583,1,0,Other,0.0,0.0,1.0,0
0.19230769230769232,-0.6754583524336583,0,0,Elite,1.0,0.0,0.0,0
-0.8846153846153846,-0.14974654699344278,0,1,Other,0.0,0.0,0.0,0
0.11538461538461539,0.11786616706860394,1,0,Other,0.0,0.0,1.0,0
-0.8846153846153846,-0.6754583524336583,0,0,Strong,0.0,1.0,0.0,0
0.2692307692307692,-0.6754583524336583,1,0,Other,0.0,0.0,1.0,0
-0.8076923076923077,-0.6754583524336583,0,0,Other,1.0,0.0,0.0,0
0.0,-0.6754583524336583,1,0,Other,1.0,0.0,0.0,0
-0.5384615384615384,-0.6754583524336583,0,0,Other,0.0,0.0,1.0,0
0.6153846153846154,0.10484472819960891,1,1,Other,1.0,0.0,0.0,1
-0.5384615384615384,-0.0739475997812044,1,1,Other,0.0,0.0,1.0,0
0.5,-0.6754583524336583,1,0,Other,0.0,0.0,0.0,0
0.0,0.3624477647637207,0,1,Strong,1.0,0.0,0.0,0
-0.9615384615384616,-0.6754583524336583,1,0,Other,0.0,1.0,0.0,0
0.7307692307692307,0.31773196652515817,1,1,Other,0.0,0.0,1.0,1
0.7692307692307693,0.055983329014999014,1,1,Elite,1.0,0.0,0.0,1
-0.11538461538461539,0.6461113953091817,0,1,Other,0.0,1.0,0.0,0
-0.7307692307692307,0.5883653000799446,1,1,Other,0.0,1.0,0.0,0
-0.8461538461538461,-0.20866191428438557,0,1,Other,1.0,0.0,0.0,0
0.6923076923076923,0.2733616350320996,1,1,Other,0.0,1.0,0.0,1
0.46153846153846156,0.2858781609653581,1,1,Other,0.0,0.0,1.0,0
0.34615384615384615,-0.12325190504979372,0,1,Other,0.0,1.0,0.0,0
0.46153846153846156,-0.6754583524336583,0,0,Other,1.0,0.0,0.0,0
0.0,-0.23822146632917224,1,1,Other,0.0,0.0,1.0,0
0.5769230769230769,0.04921572405179344,0,1,Other,0.0,0.0,0.0,0
0.38461538461538464,0.5071983311298756,1,1,Other,0.0,0.0,1.0,0
-0.6538461538461539,0.3335171393581848,0,1,Other,0.0,1.0,0.0,0
-0.5769230769230769,0.17074915349574699,1,1,Strong,1.0,0.0,0.0,0
0.5769230769230769,-0.6754583524336583,1,0,Other,0.0,0.0,0.0,0
0.8076923076923077,0.14823180818623316,1,1,Elite,1.0,0.0,0.0,1
0.3076923076923077,-0.6754583524336583,1,1,Other,0.0,0.0,1.0,1
0.5769230769230769,-0.02241104784935878,1,1,Other,0.0,0.0,1.0,0
-0.07692307692307693,-0.07201652925505411,0,1,Other,0.0,0.0,1.0,0
-0.9615384615384616,0.06857071992169421,1,1,Other,0.0,0.0,1.0,0
0.07692307692307693,-0.26282047023338934,1,1,Other,0.0,0.0,0.0,0
0.23076923076923078,-0.10729842790485491,0,1,Other,0.0,1.0,0.0,0
0.2692307692307692,-0.6754583524336583,1,0,Strong,0.0,1.0,0.0,0
-0.7692307692307693,-0.6754583524336583,0,0,Other,1.0,0.0,0.0,0
-0.6538461538461539,-0.6754583524336583,0,0,Other,0.0,1.0,0.0,0
-0.6153846153846154,-0.6754583524336583,1,0,Strong,0.0,0.0,1.0,0
-0.6538461538461539,0.5429851427154129,0,1,Other,0.0,1.0,0.0,0
-0.34615384615384615,-0.020559700418324795,1,0,Other,0.0,0.0,1.0,0
-0.6538461538461539,0.4083682675507072,1,1,Other,0.0,0.0,1.0,0
-0.15384615384615385,0.07583437969895673,0,1,Other,0.0,0.0,1.0,0
0.5,-0.2230475038920372,1,1,Other,1.0,0.0,0.0,0
0.5384615384615384,-0.15698363240566654,0,1,Other,0.0,0.0,0.0,0
0.15384615384615385,-0.6754583524336583,1,0,Other,0.0,1.0,0.0,0
0.19230769230769232,0.35393510982963616,1,1,Elite,0.0,0.0,1.0,1
0.8461538461538461,-0.19760697842825917,1,1,Other,1.0,0.0,0.0,1
-0.3076923076923077,-0.6754583524336583,1,0,Elite,1.0,0.0,0.0,0
-0.5384615384615384,-0.24517509184764916,0,1,Other,0.0,0.0,0.0,0
-0.38461538461538464,-0.6754583524336583,1,0,Other,0.0,0.0,0.0,0
0.5384615384615384,-0.22607698150645647,1,1,Other,0.0,0.0,1.0,0
0.19230769230769232,0.2357146178938487,0,1,Other,0.0,1.0,0.0,0
0.8461538461538461,-0.10283393457834233,1,1,Other,1.0,0.0,0.0,1
-0.9230769230769231,0.10568624975916982,0,1,Other,0.0,0.0,0.0,0
0.5,-0.07092698028846474,0,1,Strong,1.0,0.0,0.0,0
0.23076923076923078,-0.13013466559483394,1,1,Other,0.0,0.0,1.0,0
0.8846153846153846,0.5341181629141448,1,1,Other,1.0,0.0,0.0,1
-0.7692307692307693,-0.1128347539545977,0,1,Other,0.0,0.0,0.0,0
0.5384615384615384,-0.6754583524336583,1,0,Other,0.0,0.0,0.0,0
0.6538461538461539,-0.18120173707766138,1,1,Elite,1.0,0.0,0.0,1
0.7692307692307693,0.63172580570153,1,1,Other,0.0,0.0,0.0,1
-0.4230769230769231,0.21159395256032934,0,1,Other,0.0,0.0,1.0,0
-0.5384615384615384,0.08163644939908717,1,1,Other,1.0,0.0,0.0,0
-0.6923076923076923,-0.08145042884381581,1,1,Other,0.0,1.0,0.0,0
-0.9230769230769231,0.2199205869391425,0,0,Other,1.0,0.0,0.0,0
-0.46153846153846156,0.3119564711900665,1,1,Other,0.0,1.0,0.0,0
-0.4230769230769231,0.6265792370056892,1,1,Other,0.0,0.0,1.0,0
-0.11538461538461539,-0.30149502948647255,0,0,Other,0.0,0.0,1.0,0
0.3076923076923077,0.48373316680064576,1,1,Other,1.0,0.0,0.0,0
0.19230769230769232,0.3853548674271364,0,1,Other,0.0,0.0,0.0,0
-0.038461538461538464,-0.6754583524336583,1,0,Other,0.0,0.0,0.0,0
0.038461538461538464,0.03687636055212672,1,1,Other,0.0,0.0,1.0,0
-0.6923076923076923,-0.11920374344222179,1,1,Other,0.0,0.0,1.0,0
-0.8076923076923077,0.4339948135697566,0,1,Other,0.0,1.0,0.0,0
-0.9615384615384616,-0.6754583524336583,0,0,Other,0.0,0.0,1.0,0
-0.4230769230769231,-0.10096487090394918,0,1,Strong,0.0,0.0,1.0,0
-0.38461538461538464,0.31817487260913757,0,1,Other,0.0,1.0,0.0,0
-0.8076923076923077,-0.6754583524336583,0,0,Other,0.0,0.0,0.0,0
-0.2692307692307692,0.5166322307186373,1,0,Other,0.0,0.0,0.0,0
-0.8461538461538461,-0.6754583524336583,0,0,Other,0.0,0.0,0.0,0
-0.6923076923076923,0.06981085695683659,1,1,Other,0.0,0.0,0.0,0
0.15384615384615385,0.03524646616308245,1,1,Other,1.0,0.0,0.0,0
-0.9230769230769231,-0.1253247055228174,1,1,Other,0.0,0.0,0.0,0
-0.23076923076923078,0.4292645765928564,1,1,Other,0.0,0.0,0.0,0
-0.5384615384615384,0.5120437236886104,1,1,Other,1.0,0.0,0.0,0
-0.2692307692307692,-0.07507258123451213,0,1,Other,0.0,0.0,0.0,0
0.8461538461538461,0.21552695858606663,1,1,Elite,0.0,1.0,0.0,1
-0.8461538461538461,-0.15005658125222837,1,1,Other,0.0,0.0,1.0,0
0.9230769230769231,0.5917313863181881,1,1,Other,0.0,1.0,0.0,1
0.6923076923076923,-0.6754583524336583,1,1,Other,1.0,0.0,0.0,1
0.3076923076923077,-0.2588963223293317,0,1,Other,0.0,1.0,0.0,0
-0.5769230769230769,-0.6754583524336583,1,0,Other,0.0,1.0,0.0,0
0.11538461538461539,0.5067199925591778,0,1,Other,1.0,0.0,0.0,0
0.15384615384615385,-0.6754583524336583,0,0,Other,0.0,0.0,1.0,0
-0.9615384615384616,0.3941066916465698,0,0,Other,0.0,1.0,0.0,0
0.15384615384615385,-0.6754583524336583,1,0,Other,1.0,0.0,0.0,0
-0.34615384615384615,-0.6754583524336583,1,0,Other,0.0,0.0,0.0,0
-0.2692307692307692,0.3648837482256075,1,1,Other,0.0,0.0,0.0,0
-0.5769230769230769,-0.24917010472514356,0,1,Elite,1.0,0.0,0.0,0
0.46153846153846156,0.32747590037270546,1,1,Other,0.0,0.0,0.0,0
-0.3076923076923077,-0.6754583524336583,0,0,Other,0.0,1.0,0.0,0
-0.3076923076923077,0.5697898189178475,0,1,Other,0.0,1.0,0.0,0
-0.19230769230769232,-0.16632009265595277,0,1,Other,0.0,0.0,0.0,0
-0.11538461538461539,0.46081720601555043,1,1,Other,0.0,0.0,1.0,0
0.15384615384615385,-0.6754583524336583,0,0,Strong,1.0,0.0,0.0,0
-0.7307692307692307,-0.6754583524336583,0,0,Other,0.0,0.0,0.0,0
-0.34615384615384615,0.4722530411038991,1,1,Other,0.0,1.0,0.0,0
-0.4230769230769231,-0.6754583524336583,1,0,Other,0.0,1.0,0.0,0
-0.8076923076923077,0.5945394108906177,1,1,Strong,0.0,0.0,0.0,0
0.038461538461538464,-0.055478416079262474,0,1,Other,0.0,1.0,0.0,0
-0.7692307692307693,-0.06950968081973058,0,1,Other,0.0,0.0,1.0,0
-0.46153846153846156,0.5259952653339622,1,1,Other,0.0,0.0,0.0,0
-0.9230769230769231,0.6188460967794084,0,1,Other,1.0,0.0,0.0,0
-0.3076923076923077,0.4718101350199197,1,1,Strong,0.0,0.0,1.0,0
0.6923076923076923,0.6210872015643443,1,1,Other,0.0,0.0,1.0,1
-0.5769230769230769,0.1831770982122096,0,1,Other,0.0,1.0,0.0,0
0.5,-0.12385425732400573,1,1,Other,0.0,0.0,0.0,0
0.46153846153846156,-0.6754583524336583,0,0,Other,0.0,1.0,0.0,0
0.5769230769230769,-0.6754583524336583,0,0,Other,0.0,1.0,0.0,0
0.34615384615384615,0.34254356534968544,1,0,Other,0.0,0.0,0.0,0
-0.23076923076923078,-0.2298682575853203,0,1,Other,0.0,0.0,0.0,0
0.15384615384615385,-0.3118856062166298,0,1,Other,0.0,1.0,0.0,0
0.5,-0.6754583524336583,0,0,Other,0.0,0.0,0.0,0
0.8461538461538461,-0.6754583524336583,1,1,Other,0.0,0.0,0.0,1
0.2692307692307692,0.5496641664618226,0,1,Other,0.0,1.0,0.0,0
0.19230769230769232,-0.19724379543939605,0,1,Other,0.0,0.0,1.0,0
0.3076923076923077,0.1221180654748064,0,1,Other,0.0,0.0,0.0,0
-0.9615384615384616,-0.6754583524336583,0,0,Other,0.0,1.0,0.0,0
-0.5,0.1219586192845738,1,1,Other,0.0,1.0,0.0,0
-0.5,0.31545542925350395,1,0,Strong,0.0,1.0,0.0,0
-0.5769230769230769,-0.6754583524336583,0,0,Other,1.0,0.0,0.0,0
-0.9230769230769231,0.31117695648226273,0,1,Other,0.0,1.0,0.0,0
0.7307692307692307,0.3813687126713216,1,1,Elite,1.0,0.0,0.0,1
-0.9615384615384616,-0.1664352482377874,1,1,Other,0.0,0.0,0.0,0
-0.38461538461538464,-0.6754583524336583,1,0,Other,0.0,0.0,1.0,0
0.23076923076923078,-0.6754583524336583,0,0,Other,0.0,0.0,1.0,0
-0.23076923076923078,0.21243547411989025,1,0,Other,1.0,0.0,0.0,0
-0.07692307692307693,-0.15638128013145453,1,1,Other,0.0,1.0,0.0,0
0.0,0.5638548773925233,0,1,Other,0.0,1.0,0.0,0
0.11538461538461539,-0.6754583524336583,1,0,Other,1.0,0.0,0.0,0
0.8461538461538461,-0.08526827928771843,1,1,Other,0.0,0.0,0.0,1
0.19230769230769232,0.08433817651136165,1,1,Other,0.0,0.0,1.0,0
0.46153846153846156,0.1043929639939499,1,1,Other,0.0,1.0,0.0,0
-0.7307692307692307,-0.6754583524336583,1,0,Other,0.0,0.0,1.0,0
-0.23076923076923078,-0.0408802315513007,0,1,Other,0.0,0.0,1.0,0
0.46153846153846156,0.5277491734265207,1,1,Other,0.0,0.0,0.0,0
-0.7692307692307693,-0.1136762755141586,1,1,Other,0.0,0.0,0.0,0
0.6153846153846154,-0.2866133850647639,1,1,Other,0.0,0.0,1.0,1
0.3076923076923077,0.18475384387117633,1,1,Other,0.0,0.0,0.0,0
-0.038461538461538464,-0.6754583524336583,0,0,Strong,0.0,1.0,0.0,0
0.5769230769230769,-0.10575711473260653,1,1,Other,1.0,0.0,0.0,0
0.19230769230769232,0.5597801414199126,0,1,Other,0.0,0.0,1.0,0
-0.11538461538461539,-0.6754583524336583,0,0,Other,0.0,1.0,0.0,0
0.4230769230769231,-0.11127572453899014,1,1,Elite,0.0,1.0,0.0,1
0.34615384615384615,-0.6754583524336583,1,0,Other,0.0,1.0,0.0,0
0.6923076923076923,0.5790731304380563,1,1,Other,0.0,1.0,0.0,1
0.8461538461538461,-0.6754583524336583,1,1,Elite,0.0,0.0,0.0,1
-0.07692307692307693,-0.07489541880092036,1,1,Other,1.0,0.0,0.0,0
0.34615384615384615,0.0855340229381061,1,1,Other,1.0,0.0,0.0,0
-0.8461538461538461,0.5841045435520625,0,1,Other,0.0,0.0,0.0,0
-0.5,-0.18283163146670564,0,1,Other,0.0,0.0,1.0,0
-0.6153846153846154,-0.23376583112433924,1,1,Other,0.0,1.0,0.0,0
-0.3076923076923077,0.1273975059958411,0,1,Other,0.0,0.0,0.0,0
0.8076923076923077,-0.6754583524336583,1,1,Strong,0.0,1.0,0.0,1
-0.7692307692307693,0.09428584715753947,0,1,Elite,1.0,0.0,0.0,0
0.0,0.2300365618972325,1,1,Other,0.0,1.0,0.0,0
0.0,0.3317455150222671,0,0,Other,0.0,0.0,0.0,0
-0.7692307692307693,-0.6754583524336583,0,0,Other,0.0,1.0,0.0,0
0.5769230769230769,-0.6754583524336583,1,1,Other,0.0,1.0,0.0,1
-0.38461538461538464,-0.13096732903271527,1,1,Other,1.0,0.0,0.0,0
0.4230769230769231,-0.6754583524336583,0,0,Other,0.0,0.0,0.0,0
0.2692307692307692,-0.6754583524336583,0,0,Other,0.0,0.0,1.0,0
-0.19230769230769232,0.5047977801547071,1,1,Other,0.0,0.0,1.0,0
0.5769230769230769,0.01613063957853057,0,1,Other,0.0,0.0,0.0,0
0.0,0.2693666221546052,0,1,Other,0.0,0.0,0.0,0
0.6538461538461539,-0.6754583524336583,1,1,Other,0.0,0.0,0.0,1
-0.6153846153846154,-0.08897097414978641,1,1,Other,0.0,1.0,0.0,0
0.8461538461538461,0.5687888511680541,1,1,Other,0.0,0.0,1.0,1
-0.8076923076923077,-0.6754583524336583,1,0,Other,1.0,0.0,0.0,0
0.8846153846153846,0.5340827304274265,1,1,Elite,0.0,1.0,0.0,1
0.7692307692307693,0.5741125822974867,1,1,Other,0.0,0.0,0.0,1
0.34615384615384615,-0.6754583524336583,0,0,Other,0.0,0.0,1.0,0
0.34615384615384615,0.6001997506438748,0,1,Other,0.0,0.0,1.0,0
0.8461538461538461,0.6175793853792273,1,1,Other,0.0,0.0,0.0,1
-0.46153846153846156,-0.6754583524336583,1,0,Strong,0.0,1.0,0.0,0
-0.9615384615384616,-0.04833877000551418,1,1,Strong,0.0,0.0,1.0,0
0.8846153846153846,0.3488948385939503,1,1,Other,0.0,1.0,0.0,1
0.9230769230769231,-0.6754583524336583,1,1,Other,1.0,0.0,0.0,1
0.15384615384615385,-0.6754583524336583,1,0,Other,0.0,0.0,0.0,0
0.5769230769230769,0.22584667034278716,1,1,Other,1.0,0.0,0.0,1
-0.6923076923076923,-0.6754583524336583,1,0,Other,1.0,0.0,0.0,0
-0.5,0.3280605364035583,0,1,Other,0.0,1.0,0.0,0
0.6153846153846154,0.4687363667971025,1,1,Other,1.0,0.0,0.0,1
-0.34615384615384615,0.5471396017831399,0,1,Other,0.0,0.0,1.0,0
0.3076923076923077,0.5144974233938564,0,1,Other,1.0,0.0,0.0,0
0.0,-0.6754583524336583,0,0,Other,1.0,0.0,0.0,0
0.4230769230769231,0.20147797760223934,1,0,Elite,0.0,0.0,1.0,0
-0.2692307692307692,0.597223421759533,1,1,Other,0.0,0.0,0.0,0
0.5,-0.1514915969643217,1,1,Elite,1.0,0.0,0.0,1
-0.2692307692307692,0.0429530320243244,0,1,Other,0.0,1.0,0.0,0
0.34615384615384615,-0.137300886033621,1,0,Other,0.0,0.0,0.0,0
-0.5384615384615384,0.20181458622606369,1,1,Other,0.0,0.0,1.0,0
-0.9615384615384616,0.06840241560978202,0,1,Other,0.0,0.0,1.0,0
-0.7692307692307693,0.4961168209087104,1,1,Other,0.0,0.0,0.0,0
0.07692307692307693,-0.2740259941580688,0,1,Strong,0.0,0.0,0.0,0
-0.46153846153846156,-0.22612127211485442,1,1,Other,0.0,1.0,0.0,0
0.6538461538461539,-0.6754583524336583,1,1,Other,0.0,1.0,0.0,1
-0.5384615384615384,-0.6754583524336583,0,0,Other,0.0,0.0,1.0,0
0.4230769230769231,0.4926532953319913,1,1,Other,0.0,1.0,0.0,0
0.34615384615384615,0.10582797970604323,0,1,Other,0.0,0.0,1.0,0
0.6538461538461539,-0.6754583524336583,1,1,Elite,1.0,0.0,0.0,1
0.0,0.18031592490970252,1,1,Other,0.0,1.0,0.0,0
-0.15384615384615385,-0.6754583524336583,0,0,Other,0.0,0.0,1.0,0
-0.5,-0.22637815764356248,1,1,Other,0.0,0.0,1.0,0
-0.38461538461538464,-0.6754583524336583,0,0,Other,1.0,0.0,0.0,0
0.6538461538461539,-0.6754583524336583,1,1,Other,1.0,0.0,0.0,1
-0.038461538461538464,0.12834532501555707,1,1,Other,1.0,0.0,0.0,0
0.3076923076923077,0.2411712208484752,0,1,Strong,0.0,1.0,0.0,0
0.34615384615384615,-0.08179589558931977,0,1,Other,1.0,0.0,0.0,0
-0.11538461538461539,-0.20327617630319578,1,0,Other,0.0,1.0,0.0,0
0.6153846153846154,0.36723115047069843,1,1,Other,0.0,0.0,0.0,1
-0.38461538461538464,-0.013296040641062266,1,1,Other,0.0,1.0,0.0,0
0.3076923076923077,0.20197403241629627,0,0,Other,0.0,0.0,0.0,0
-0.6538461538461539,-0.6754583524336583,1,0,Other,0.0,0.0,1.0,0
0.8846153846153846,0.5138950711196444,1,1,Elite,0.0,0.0,1.0,1
0.5384615384615384,-0.6754583524336583,0,0,Other,0.0,0.0,0.0,0
-0.6923076923076923,-0.6754583524336583,0,0,Other,0.0,0.0,0.0,0
-0.7307692307692307,0.23865551429147205,1,1,Other,0.0,1.0,0.0,0
-0.4230769230769231,0.3848233801263611,0,1,Other,0.0,0.0,1.0,0
-0.38461538461538464,-0.2784461968761834,1,1,Elite,0.0,1.0,0.0,0
-0.5384615384615384,0.42075192165877184,0,1,Other,0.0,0.0,0.0,0
-0.23076923076923078,0.2705358942163109,1,1,Other,0.0,0.0,1.0,0
0.46153846153846156,0.354670333929042,0,1,Other,0.0,0.0,1.0,0
-0.6538461538461539,-0.014934793151786129,0,1,Other,0.0,0.0,1.0,0
0.7692307692307693,0.1843906608823132,1,1,Strong,1.0,0.0,0.0,1
0.6538461538461539,0.6223716292078846,1,1,Elite,0.0,1.0,0.0,1
0.038461538461538464,0.3921844792420991,1,1,Other,1.0,0.0,0.0,0
-0.8461538461538461,0.16640867387274866,1,1,Other,1.0,0.0,0.0,0
-0.3076923076923077,-0.6754583524336583,0,0,Other,0.0,0.0,1.0,0
-0.7692307692307693,-0.6754583524336583,1,0,Other,0.0,0.0,1.0,0
-0.8076923076923077,-0.3180685751489825,0,1,Elite,0.0,0.0,0.0,0
0.23076923076923078,0.6530384464626199,0,1,Elite,0.0,0.0,0.0,0
-0.9615384615384616,0.6286786118437516,1,1,Other,0.0,0.0,0.0,0
-0.7307692307692307,-0.1697393276242739,1,1,Other,0.0,0.0,0.0,0
0.0,0.05263495902011458,1,1,Other,1.0,0.0,0.0,0
-0.6153846153846154,-0.6754583524336583,0,0,Other,0.0,1.0,0.0,0
0.5,0.509838051390393,1,1,Other,1.0,0.0,0.0,0
0.5384615384615384,-0.6754583524336583,0,0,Other,0.0,0.0,1.0,0
-0.8846153846153846,-0.6754583524336583,1,0,Elite,0.0,0.0,0.0,0
-0.9230769230769231,0.4763366351981894,0,1,Strong,0.0,1.0,0.0,0
0.6538461538461539,-0.29942222901344884,1,1,Other,0.0,0.0,1.0,1
-0.7692307692307693,0.3029831939286434,1,1,Other,0.0,0.0,0.0,0
0.19230769230769232,0.6360042784727712,1,0,Strong,0.0,1.0,0.0,0
-0.19230769230769232,0.46715962113813575,1,1,Other,0.0,1.0,0.0,0
0.23076923076923078,-0.6754583524336583,1,0,Other,0.0,0.0,1.0,0
-0.38461538461538464,0.19462179142223787,1,0,Other,0.0,0.0,1.0,0
0.8461538461538461,-0.10837026062808512,1,1,Elite,1.0,0.0,0.0,1
-0.7692307692307693,-0.0023208278800521745,0,1,Other,0.0,0.0,1.0,0
0.6923076923076923,0.5988355999052181,1,1,Other,0.0,1.0,0.0,1
0.46153846153846156,0.36592014846211934,0,1,Other,1.0,0.0,0.0,0
-0.5,-0.6754583524336583,0,0,Other,1.0,0.0,0.0,0
-0.6538461538461539,0.37587667722997675,0,0,Elite,0.0,1.0,0.0,0
-0.4230769230769231,-0.6754583524336583,1,0,Other,0.0,0.0,1.0,0
-0.19230769230769232,0.6475552691429546,0,1,Other,0.0,0.0,1.0,0
0.5384615384615384,0.3136129399441495,0,1,Other,0.0,1.0,0.0,0
-0.8846153846153846,-0.10487130256464768,1,1,Strong,0.0,0.0,1.0,0
0.8461538461538461,0.27795900018380604,1,1,Other,0.0,0.0,1.0,1
0.8076923076923077,-0.6754583524336583,1,1,Other,1.0,0.0,0.0,1
-0.19230769230769232,-0.6754583524336583,0,0,Other,1.0,0.0,0.0,0
0.7692307692307693,-0.0371243879591552,1,1,Other,1.0,0.0,0.0,1
0.19230769230769232,-0.6754583524336583,0,0,Other,1.0,0.0,0.0,0
-0.6923076923076923,0.32755562346782174,0,1,Other,0.0,0.0,1.0,0
0.3076923076923077,0.07151161631931757,0,1,Strong,0.0,1.0,0.0,0
-0.8846153846153846,-0.11105427149700042,0,1,Other,0.0,1.0,0.0,0
0.4230769230769231,0.5152769381016602,1,1,Other,0.0,0.0,0.0,1
0.9230769230769231,0.5638017286624458,1,1,Other,1.0,0.0,0.0,1
-0.6538461538461539,0.163689230517115,1,1,Other,0.0,0.0,1.0,0
-0.9230769230769231,-0.6754583524336583,0,0,Other,0.0,0.0,0.0,0
0.6153846153846154,0.6474844041695179,1,1,Other,1.0,0.0,0.0,1
-0.19230769230769232,0.3842741765822266,0,1,Other,0.0,1.0,0.0,0
-0.7692307692307693,0.307899451460815,0,1,Other,0.0,1.0,0.0,0
0.9230769230769231,0.3558396059907477,1,1,Elite,0.0,0.0,1.0,1
0.7307692307692307,0.6233105901059209,1,1,Other,0.0,0.0,0.0,1
0.4230769230769231,0.6324698879226155,1,1,Elite,0.0,0.0,0.0,0
-0.5769230769230769,0.2659385290646045,0,1,Other,0.0,1.0,0.0,0
-0.7692307692307693,-0.6754583524336583,0,0,Other,0.0,0.0,1.0,0
-0.038461538461538464,-0.6754583524336583,0,0,Other,0.0,0.0,0.0,0
-0.6923076923076923,0.6503367193503453,0,1,Other,0.0,0.0,0.0,0
-0.4230769230769231,0.19292989018143647,1,1,Other,0.0,0.0,0.0,0
0.34615384615384615,0.19991009006495217,0,1,Strong,0.0,0.0,1.0,0
-0.2692307692307692,0.23658271381844836,0,1,Other,0.0,0.0,1.0,0
-0.8076923076923077,0.306801044372546,0,1,Other,1.0,0.0,0.0,0
-0.23076923076923078,0.6427010184625401,0,1,Other,0.0,0.0,0.0,0
-0.038461538461538464,0.5941319372933567,1,1,Other,0.0,0.0,0.0,0
-0.9615384615384616,-0.6754583524336583,1,0,Other,0.0,1.0,0.0,0
0.07692307692307693,-0.1873138410365774,1,1,Strong,0.0,0.0,0.0,0
-0.5769230769230769,0.03668148187517578,0,1,Other,0.0,0.0,0.0,0
0.8846153846153846,0.19424975031169517,1,1,Other,1.0,0.0,0.0,1
0.8846153846153846,0.5463335127102974,1,1,Other,0.0,1.0,0.0,1
-0.23076923076923078,-0.13141023511669467,0,1,Other,0.0,0.0,0.0,0
-0.34615384615384615,-0.19234525415058365,1,1,Other,0.0,0.0,0.0,0
0.6923076923076923,-0.07444365459526135,1,1,Other,1.0,0.0,0.0,1
0.038461538461538464,-0.6754583524336583,0,0,Other,0.0,0.0,1.0,0
-0.9615384615384616,0.33868142429738485,0,1,Other,0.0,1.0,0.0,0
0.6923076923076923,0.3877997090107028,1,1,Strong,0.0,1.0,0.0,1
0.15384615384615385,-0.6754583524336583,0,0,Other,0.0,0.0,1.0,0
0.3076923076923077,-0.6754583524336583,0,0,Other,0.0,0.0,0.0,0
-0.5769230769230769,-0.6754583524336583,1,0,Other,0.0,0.0,1.0,0
-0.7692307692307693,0.4405763979776908,0,1,Strong,0.0,0.0,0.0,0
-0.6923076923076923,0.09639408011728152,0,1,Other,0.0,1.0,0.0,0
0.07692307692307693,0.14154392631814386,0,1,Other,0.0,0.0,0.0,0
-0.23076923076923078,0.0610590327374032,0,1,Other,0.0,0.0,1.0,0
-0.38461538461538464,0.08472793386526355,0,1,Other,0.0,0.0,1.0,0
-0.5384615384615384,-0.10680237309079796,1,1,Other,0.0,1.0,0.0,0
0.7692307692307693,0.106456906345294,1,1,Other,0.0,0.0,1.0,1
-0.038461538461538464,0.43501349756290925,1,1,Other,1.0,0.0,0.0,0
-0.7692307692307693,0.6299541813656123,1,1,Other,1.0,0.0,0.0,0
0.6538461538461539,0.5382726219818719,1,1,Other,0.0,1.0,0.0,1
-0.38461538461538464,0.6191649891598736,0,1,Other,0.0,0.0,0.0,0
0.3076923076923077,0.41256701722683214,1,1,Strong,0.0,0.0,1.0,0
-0.6538461538461539,-0.0931962981909501,1,1,Other,0.0,0.0,1.0,0
0.038461538461538464,-0.6754583524336583,1,0,Other,0.0,0.0,1.0,0
0.3076923076923077,0.13759320404904743,1,1,Other,0.0,0.0,0.0,1
0.9230769230769231,-0.6754583524336583,1,1,Elite,0.0,0.0,0.0,1
-0.19230769230769232,0.24512194311757163,0,1,Other,1.0,0.0,0.0,0
-0.9230769230769231,-0.16505338125577163,1,1,Other,0.0,0.0,1.0,0
0.34615384615384615,0.3781354982582718,1,1,Other,0.0,1.0,0.0,0
0.19230769230769232,-0.1475851653036232,0,0,Other,1.0,0.0,0.0,0
-0.4230769230769231,-0.6754583524336583,0,0,Other,0.0,1.0,0.0,0
0.6153846153846154,0.3124259516390847,1,1,Elite,1.0,0.0,0.0,1
-0.5769230769230769,0.10286936706506068,0,1,Other,0.0,1.0,0.0,0
0.0,-0.6754583524336583,1,0,Other,0.0,1.0,0.0,0
0.5,-0.32029196369055923,1,1,Strong,0.0,0.0,1.0,0
0.38461538461538464,-0.28053671359256627,0,1,Strong,0.0,1.0,0.0,0
0.8461538461538461,-0.18850082934164225,1,1,Strong,0.0,0.0,1.0,1
0.6153846153846154,0.12609536210894162,1,1,Other,0.0,0.0,0.0,1
0.34615384615384615,0.48483157388891474,1,1,Other,0.0,0.0,0.0,0
0.7307692307692307,-0.6754583524336583,1,1,Elite,0.0,1.0,0.0,1
-0.2692307692307692,-0.6754583524336583,0,0,Other,0.0,0.0,1.0,0
-0.2692307692307692,-0.6754583524336583,1,0,Other,0.0,0.0,1.0,0
0.19230769230769232,-0.6754583524336583,0,0,Other,0.0,0.0,0.0,0
-0.34615384615384615,-0.22302092952699845,0,1,Strong,0.0,1.0,0.0,0
-0.6153846153846154,-0.12722920168392893,1,1,Other,0.0,0.0,0.0,0
-0.11538461538461539,-0.6754583524336583,1,0,Other,0.0,0.0,0.0,0
0.9230769230769231,-0.013110020085790909,1,1,Elite,1.0,0.0,0.0,1
-0.9230769230769231,-0.23926672468736368,0,1,Other,1.0,0.0,0.0,0
0.9230769230769231,-0.038426531846054705,1,1,Other,0.0,1.0,0.0,1
-0.3076923076923077,0.4754331067868714,0,1,Other,0.0,1.0,0.0,0
-0.9230769230769231,-0.6754583524336583,1,0,Other,0.0,0.0,0.0,0
0.9230769230769231,0.5900394850773868,1,1,Other,0.0,0.0,1.0,1
0.46153846153846156,0.17713585922673028,0,1,Other,0.0,0.0,1.0,0
0.9230769230769231,0.3971007367742707,1,1,Other,1.0,0.0,0.0,1
-0.6923076923076923,0.5355000298961606,1,1,Other,0.0,0.0,1.0,0
-0.3076923076923077,0.2543432477860232,1,1,Other,0.0,0.0,0.0,0
0.9230769230769231,-0.2563451832856102,1,1,Other,0.0,1.0,0.0,1
0.5769230769230769,0.29843897750701454,0,1,Other,0.0,0.0,1.0,0
0.19230769230769232,-0.6754583524336583,1,0,Other,0.0,1.0,0.0,0
-0.11538461538461539,0.46501595569167536,0,1,Other,0.0,1.0,0.0,0
-0.4230769230769231,-0.26826821506633625,1,1,Other,0.0,0.0,0.0,0
-0.7307692307692307,-0.6754583524336583,0,0,Other,0.0,0.0,0.0,0
-0.7307692307692307,0.43185114812329617,1,1,Other,0.0,0.0,0.0,0
0.46153846153846156,0.187774463363916,1,1,Elite,0.0,0.0,1.0,1
-0.3076923076923077,-0.019275272774784472,1,1,Other,1.0,0.0,0.0,0
-0.8846153846153846,-0.6754583524336583,0,0,Other,0.0,1.0,0.0,0
-0.5,-0.2381771757207743,1,1,Other,0.0,0.0,0.0,0
0.34615384615384615,0.26321908570897085,1,1,Other,1.0,0.0,0.0,1
0.19230769230769232,0.25989729007912515,0,1,Other,0.0,0.0,0.0,0
-0.9230769230769231,-0.6754583524336583,0,0,Other,1.0,0.0,0.0,0
-0.2692307692307692,0.4226564178198834,0,1,Other,0.0,0.0,0.0,0
0.2692307692307692,0.6260477497049138,0,1,Other,0.0,1.0,0.0,0
0.8076923076923077,0.3236934824155212,1,1,Other,1.0,0.0,0.0,1
0.3076923076923077,0.5357391991815096,1,1,Elite,0.0,1.0,0.0,1
-0.2692307692307692,-0.1357684309830522,0,1,Strong,0.0,0.0,0.0,0
0.4230769230769231,-0.6754583524336583,1,0,Other,0.0,0.0,0.0,0
-0.2692307692307692,0.10157608129984078,1,0,Other,1.0,0.0,0.0,0
-0.5769230769230769,-0.036566326293341125,1,1,Other,0.0,0.0,1.0,0
0.15384615384615385,0.030401073604347566,0,1,Other,1.0,0.0,0.0,0
-0.19230769230769232,-0.6754583524336583,1,0,Other,0.0,1.0,0.0,0
0.19230769230769232,-0.2549810325469536,1,1,Other,0.0,0.0,1.0,0
-0.8846153846153846,-0.18948408084807658,0,1,Other,0.0,0.0,0.0,0
0.15384615384615385,-0.6754583524336583,1,0,Other,0.0,1.0,0.0,0
0.11538461538461539,0.3478407221140793,0,1,Other,0.0,1.0,0.0,0
0.6923076923076923,-0.17771163713590352,1,1,Other,0.0,1.0,0.0,1
-0.4230769230769231,-0.1277163983763063,0,0,Other,0.0,0.0,1.0,0
0.5384615384615384,-0.08003312937508165,1,1,Other,0.0,0.0,1.0,0
0.5,-0.6754583524336583,1,0,Other,1.0,0.0,0.0,0
0.8846153846153846,0.5354823136528015,1,1,Other,0.0,0.0,0.0,1
-0.5384615384615384,-0.1597030757613002,0,1,Other,0.0,0.0,1.0,0
0.5,0.6465631595148407,0,1,Other,0.0,0.0,0.0,0
0.0,-0.1942231759466564,1,1,Other,0.0,1.0,0.0,0
0.6538461538461539,0.03468840449726838,1,1,Other,0.0,1.0,0.0,1
-0.5384615384615384,0.3131700338601701,0,1,Other,0.0,0.0,1.0,0
0.6538461538461539,0.5081107176628732,1,1,Elite,0.0,0.0,0.0,1
-0.7307692307692307,-0.2245002358474897,0,1,Other,0.0,0.0,1.0,0
0.7692307692307693,-0.0688010310853635,1,1,Other,0.0,1.0,0.0,1
0.19230769230769232,0.33922176971983975,1,1,Strong,0.0,0.0,1.0,0
0.038461538461538464,0.3010875558892115,0,1,Other,1.0,0.0,0.0,0
0.19230769230769232,0.1767992506029059,0,1,Other,0.0,0.0,1.0,0
-0.34615384615384615,0.3879060064708579,0,1,Other,1.0,0.0,0.0,0
-0.46153846153846156,0.03177408246468377,1,1,Other,0.0,1.0,0.0,0
-0.11538461538461539,0.4537749992802776,0,1,Strong,0.0,0.0,0.0,0
-0.4230769230769231,0.15442363524026548,1,1,Strong,0.0,0.0,0.0,0
0.11538461538461539,0.2683125056747342,1,1,Other,1.0,0.0,0.0,0
0.7307692307692307,-0.6754583524336583,1,1,Other,0.0,0.0,0.0,1
0.19230769230769232,0.2999802906792629,1,1,Other,0.0,0.0,0.0,1
-0.19230769230769232,0.06375190172799809,0,1,Strong,0.0,1.0,0.0,0
0.6153846153846154,0.4945312171280641,1,1,Other,0.0,0.0,1.0,1
-0.15384615384615385,-0.6754583524336583,0,0,Other,0.0,1.0,0.0,0
0.23076923076923078,0.3744859521262814,0,1,Strong,0.0,0.0,1.0,0
0.2692307692307692,0.3556890179221947,1,1,Other,0.0,0.0,1.0,1
-0.5,0.5527910834147173,0,1,Other,1.0,0.0,0.0,0
0.6923076923076923,0.5812788027362737,1,1,Other,1.0,0.0,0.0,1
-0.23076923076923078,0.09573857911299198,0,1,Other,0.0,0.0,1.0,0
0.15384615384615385,-0.21770605651924538,1,1,Other,0.0,0.0,1.0,0
-0.8846153846153846,0.2710142327870087,0,1,Other,0.0,0.0,1.0,0
0.46153846153846156,-0.6754583524336583,0,0,Strong,0.0,0.0,1.0,0
0.8076923076923077,-0.6754583524336583,1,1,Elite,0.0,0.0,0.0,1
-0.07692307692307693,-0.31905182665541687,1,1,Other,0.0,0.0,0.0,0
-0.7692307692307693,-0.6754583524336583,1,0,Elite,0.0,0.0,1.0,0
-0.4230769230769231,-0.6754583524336583,1,0,Other,0.0,0.0,1.0,0
0.38461538461538464,-0.6754583524336583,1,0,Other,0.0,0.0,0.0,0
0.6153846153846154,0.6295467077683513,1,1,Other,1.0,0.0,0.0,1
-0.19230769230769232,-0.1262548082991742,0,1,Other,0.0,0.0,1.0,0
0.23076923076923078,-0.6754583524336583,0,0,Other,1.0,0.0,0.0,0
-0.34615384615384615,0.187774463363916,1,1,Strong,0.0,1.0,0.0,0
-0.19230769230769232,-0.6754583524336583,0,0,Other,1.0,0.0,0.0,0
-0.8076923076923077,0.07251258406911107,0,1,Other,0.0,0.0,1.0,0
-0.3076923076923077,-0.1754350998642493,0,1,Elite,1.0,0.0,0.0,0
-0.5,0.2387883861166659,0,1,Strong,1.0,0.0,0.0,0
-0.11538461538461539,0.44968254706430777,1,1,Other,0.0,0.0,0.0,0
-0.15384615384615385,-0.6754583524336583,0,0,Other,0.0,1.0,0.0,0
-0.11538461538461539,0.4089351873382009,1,1,Other,0.0,0.0,0.0,0
-0.7692307692307693,-0.6754583524336583,1,0,Other,0.0,0.0,0.0,0
-0.3076923076923077,-0.6754583524336583,1,0,Other,0.0,0.0,1.0,0
-0.7307692307692307,0.42661599821065943,1,0,Other,1.0,0.0,0.0,0
0.5769230769230769,0.5238161674007835,0,1,Other,0.0,1.0,0.0,0
0.8846153846153846,0.6224779266680397,1,1,Other,1.0,0.0,0.0,1
-0.038461538461538464,-0.26077424412540445,1,1,Other,1.0,0.0,0.0,0
0.9230769230769231,0.1747353082515618,1,1,Other,1.0,0.0,0.0,1
0.6153846153846154,0.20017583371533984,1,1,Other,0.0,0.0,0.0,1
0.7307692307692307,0.21806038138642891,1,1,Other,0.0,1.0,0.0,1
-0.038461538461538464,-0.21510176874544637,1,1,Other,0.0,0.0,0.0,0
-0.5769230769230769,-0.18943979023967863,1,1,Other,0.0,0.0,1.0,0
0.0,0.2575144553473159,1,1,Other,1.0,0.0,0.0,0
0.8076923076923077,-0.09875919860573165,1,1,Elite,0.0,0.0,1.0,1
-0.07692307692307693,0.309600210823296,1,1,Other,1.0,0.0,0.0,0
-0.7692307692307693,-0.3121159173802991,0,1,Other,0.0,0.0,0.0,0
-0.6538461538461539,-0.10974326948842132,1,1,Other,0.0,0.0,1.0,0
-0.8461538461538461,-0.6754583524336583,0,0,Other,0.0,0.0,0.0,0
-0.9615384615384616,-0.6754583524336583,0,0,Other,0.0,0.0,1.0,0
0.6153846153846154,0.11703350363072262,1,1,Other,1.0,0.0,0.0,1
-0.15384615384615385,-0.31481764449257355,1,1,Other,0.0,0.0,1.0,0
-0.34615384615384615,-0.6754583524336583,1,0,Other,0.0,0.0,1.0,0
-0.4230769230769231,-0.6754583524336583,1,0,Other,0.0,1.0,0.0,0
-0.46153846153846156,0.08719934981386872,1,1,Other,0.0,0.0,0.0,0
-0.07692307692307693,0.18598512278463913,0,1,Elite,1.0,0.0,0.0,0
-0.46153846153846156,-0.6754583524336583,1,0,Other,0.0,0.0,1.0,0
-0.15384615384615385,0.11750298407974082,0,1,Other,0.0,0.0,0.0,0
-0.19230769230769232,0.144511397080806,0,1,Strong,0.0,0.0,0.0,0
-0.19230769230769232,-0.6754583524336583,0,0,Other,1.0,0.0,0.0,0
0.46153846153846156,0.12090450280470277,1,1,Other,1.0,0.0,0.0,0
0.5384615384615384,-0.6754583524336583,0,0,Other,1.0,0.0,0.0,0
-0.8846153846153846,-0.25225273106964036,0,1,Other,1.0,0.0,0.0,0
0.7692307692307693,0.07339839623706991,1,1,Other,1.0,0.0,0.0,1
0.5384615384615384,-0.6754583524336583,1,0,Other,0.0,0.0,0.0,0
-0.5769230769230769,0.39874834740667414,0,1,Other,0.0,0.0,0.0,0
0.46153846153846156,0.5436317855980228,0,1,Other,1.0,0.0,0.0,0
0.34615384615384615,-0.6754583524336583,1,1,Other,0.0,0.0,0.0,1
0.3076923076923077,-0.09491477379679025,0,1,Other,1.0,0.0,0.0,0
-0.15384615384615385,-0.6754583524336583,1,0,Other,0.0,0.0,1.0,0
-0.9615384615384616,-0.2181312463598656,1,1,Strong,0.0,0.0,0.0,0
0.2692307692307692,-0.6754583524336583,0,0,Other,0.0,0.0,1.0,0
-0.6538461538461539,-0.6754583524336583,1,0,Elite,1.0,0.0,0.0,0
0.15384615384615385,0.6242761253689961,1,1,Other,0.0,1.0,0.0,0
-0.6923076923076923,-0.6754583524336583,1,0,Other,1.0,0.0,0.0,0
-0.34615384615384615,-0.29044895175202573,0,1,Other,1.0,0.0,0.0,0
-0.11538461538461539,0.5342333184959795,1,1,Strong,1.0,0.0,0.0,0
-0.7307692307692307,-0.1985813718130139,0,1,Other,1.0,0.0,0.0,0
-0.8076923076923077,0.4551834406273322,0,1,Other,1.0,0.0,0.0,0
0.23076923076923078,-0.07521431118138554,0,1,Other,0.0,1.0,0.0,0
0.6538461538461539,0.3807486441537504,1,1,Elite,0.0,0.0,1.0,1
-0.5,-0.6754583524336583,1,0,Other,1.0,0.0,0.0,0
-0.5384615384615384,0.09305456824407668,1,0,Other,0.0,0.0,0.0,0
0.46153846153846156,-0.6754583524336583,0,0,Strong,0.0,0.0,1.0,0
-0.2692307692307692,-0.6754583524336583,0,0,Other,0.0,0.0,0.0,0
0.3076923076923077,0.33585568348159617,1,1,Other,0.0,0.0,1.0,0
-0.5,0.20694343867854542,0,1,Other,1.0,0.0,0.0,0
-0.9615384615384616,0.05283869581874511,1,1,Other,0.0,0.0,0.0,0
0.8076923076923077,0.06876559859864514,1,1,Elite,1.0,0.0,0.0,1
-0.7692307692307693,-0.6754583524336583,1,0,Other,1.0,0.0,0.0,0
-0.6923076923076923,-0.011364970114911983,1,1,Other,1.0,0.0,0.0,0
-0.5769230769230769,0.43873390866833645,0,1,Other,0.0,1.0,0.0,0
0.5769230769230769,0.27823360195587327,0,1,Other,1.0,0.0,0.0,0
0.5384615384615384,0.4419405487163474,1,1,Other,1.0,0.0,0.0,1
0.2692307692307692,0.5216813600760026,1,1,Other,0.0,0.0,1.0,0
0.38461538461538464,-0.08227423416001754,1,1,Other,0.0,0.0,1.0,1
0.3076923076923077,-0.6754583524336583,0,0,Strong,0.0,0.0,1.0,0
-0.19230769230769232,-0.2759659228058986,0,1,Other,0.0,0.0,1.0,0
-0.3076923076923077,-0.13849673246036545,0,1,Other,0.0,0.0,0.0,0
-0.6538461538461539,0.15297976140649255,1,1,Other,0.0,0.0,1.0,0
-0.07692307692307693,-0.05005724561135434,0,1,Other,0.0,0.0,0.0,0
-0.6923076923076923,0.46716847925981536,0,1,Other,0.0,0.0,1.0,0
-0.11538461538461539,-0.6754583524336583,0,0,Other,0.0,0.0,0.0,0
0.9230769230769231,-0.6754583524336583,1,1,Other,0.0,1.0,0.0,1
0.5,0.36054326860260916,1,1,Other,1.0,0.0,0.0,1
-0.11538461538461539,-0.1354583967242666,0,1,Other,1.0,0.0,0.0,0
-0.8461538461538461,0.2008844834497069,0,1,Other,1.0,0.0,0.0,0
0.38461538461538464,0.19602137464761285,1,0,Other,0.0,0.0,1.0,0
-0.4230769230769231,-0.2823614866585615,1,1,Other,0.0,0.0,0.0,0
-0.7692307692307693,0.5939902073464832,1,1,Other,0.0,0.0,0.0,0
0.038461538461538464,0.03648660319822483,0,1,Other,1.0,0.0,0.0,0
0.6538461538461539,-0.6754583524336583,1,1,Elite,1.0,0.0,0.0,1
0.5769230769230769,-0.07580780533391797,1,1,Other,0.0,0.0,1.0,1
0.8461538461538461,-0.27095222593525153,1,1,Other,0.0,0.0,1.0,1
0.8076923076923077,-0.12921342094015675,1,1,Strong,0.0,0.0,1.0,1
-0.7692307692307693,0.5627033215741768,0,1,Other,1.0,0.0,0.0,0
-0.34615384615384615,-0.08067091413601203,1,1,Other,0.0,0.0,0.0,0
0.19230769230769232,0.36055212672428877,1,1,Other,0.0,0.0,0.0,0
-0.5,-0.2950817493904505,0,1,Other,0.0,0.0,0.0,0
-0.6538461538461539,0.384867670734759,1,1,Other,0.0,1.0,0.0,0
-0.07692307692307693,-0.6754583524336583,1,0,Other,0.0,1.0,0.0,0
0.23076923076923078,0.24222533732834622,0,1,Other,0.0,1.0,0.0,0
-0.7307692307692307,-0.6754583524336583,1,0,Strong,0.0,0.0,0.0,0
0.6538461538461539,0.39887236111018837,1,1,Elite,0.0,1.0,0.0,1
0.34615384615384615,-0.023447448085870633,1,0,Other,0.0,1.0,0.0,0
-0.5,-0.6754583524336583,0,0,Other,0.0,1.0,0.0,0
-0.8076923076923077,0.6484322231892339,0,1,Other,0.0,0.0,1.0,0
0.3076923076923077,-0.6754583524336583,0,0,Other,0.0,0.0,1.0,0
-0.5384615384615384,-0.22257802344301902,1,1,Other,0.0,0.0,1.0,0
-0.46153846153846156,-0.6754583524336583,0,0,Other,0.0,0.0,0.0,0
-0.07692307692307693,0.07231770539216012,1,1,Other,1.0,0.0,0.0,0
0.38461538461538464,-0.2130201101507431,1,0,Other,1.0,0.0,0.0,0
-0.6923076923076923,0.14310295573375142,1,1,Other,0.0,1.0,0.0,0
-0.8846153846153846,-0.03521989179804368,0,0,Other,1.0,0.0,0.0,0
-0.5,0.36180112188111074,0,1,Other,0.0,0.0,1.0,0
-0.3076923076923077,-0.21289609644722884,0,0,Other,1.0,0.0,0.0,0
0.34615384615384615,-0.2412420858219119,0,1,Strong,1.0,0.0,0.0,0
0.5384615384615384,-0.6754583524336583,1,0,Other,0.0,1.0,0.0,0
-0.7692307692307693,0.558823464278517,0,1,Strong,0.0,0.0,0.0,0
0.5384615384615384,0.10210756860061608,1,1,Elite,1.0,0.0,0.0,1
0.07692307692307693,0.4243926096690827,0,1,Other,0.0,0.0,0.0,0
0.3076923076923077,0.32634206079771816,0,1,Other,0.0,0.0,1.0,0
0.46153846153846156,0.5434014744343536,1,1,Other,0.0,1.0,0.0,1
-0.46153846153846156,-0.03940092523080943,1,1,Strong,1.0,0.0,0.0,0
-0.6538461538461539,-0.25436982215106196,1,1,Other,1.0,0.0,0.0,0
-0.15384615384615385,0.45666274694782344,1,1,Other,0.0,0.0,1.0,0
0.0,0.08878495359451505,1,1,Strong,1.0,0.0,0.0,0
-0.34615384615384615,0.17308769761915835,0,1,Other,0.0,0.0,0.0,0
0.5769230769230769,-0.07805776824053344,1,1,Elite,1.0,0.0,0.0,1
-0.5,0.21770605651924538,0,1,Other,1.0,0.0,0.0,0
0.5,0.3091838791043553,0,1,Other,0.0,1.0,0.0,0
-0.7307692307692307,-0.6754583524336583,1,0,Other,0.0,0.0,1.0,0
0.46153846153846156,-0.03838224123765676,0,1,Other,1.0,0.0,0.0,0
0.11538461538461539,0.35172057940973905,1,1,Other,0.0,0.0,1.0,0
-0.6538461538461539,0.45933789969505917,1,1,Other,0.0,0.0,0.0,0
-0.9615384615384616,0.2850366394057972,0,1,Other,0.0,1.0,0.0,0
-0.8846153846153846,-0.1724144803715096,1,1,Other,0.0,0.0,0.0,0
0.8076923076923077,-0.07165334626619098,1,1,Other,0.0,0.0,0.0,1
-0.23076923076923078,0.28446971961830353,1,1,Other,1.0,0.0,0.0,0
-0.9230769230769231,-0.6754583524336583,0,0,Other,1.0,0.0,0.0,0
0.38461538461538464,-0.6754583524336583,0,0,Other,0.0,0.0,1.0,0
-0.8846153846153846,0.11914173659046468,0,1,Other,0.0,1.0,0.0,0
0.2692307692307692,-0.22369414677464716,1,0,Strong,0.0,0.0,1.0,0
0.34615384615384615,-0.03820507880406499,1,0,Other,0.0,0.0,1.0,0
0.4230769230769231,-0.3036298368112534,0,1,Other,0.0,0.0,0.0,0
-0.3076923076923077,0.60783545153168,0,1,Other,0.0,1.0,0.0,0
-0.34615384615384615,-0.3169258774523156,1,1,Other,1.0,0.0,0.0,0
0.0,0.3456616241809006,0,1,Other,0.0,0.0,1.0,0
-0.038461538461538464,-0.6754583524336583,1,0,Other,1.0,0.0,0.0,0
0.6538461538461539,0.5950088913396359,1,1,Other,0.0,1.0,0.0,1
-0.34615384615384615,0.29222057608794344,1,1,Other,0.0,0.0,1.0,0
0.8461538461538461,0.19715521422260016,1,1,Other,0.0,0.0,1.0,1
0.46153846153846156,-0.18714553672466522,0,1,Other,0.0,0.0,1.0,0
-0.07692307692307693,-0.108458841844881,1,1,Other,1.0,0.0,0.0,0
-0.8461538461538461,0.1005662554283677,0,1,Other,0.0,1.0,0.0,0
-0.5,-0.22411047849358784,1,1,Other,0.0,0.0,1.0,0
-0.2692307692307692,0.5921565761588085,0,1,Other,0.0,0.0,0.0,0
0.5769230769230769,0.2061816402141008,0,1,Other,1.0,0.0,0.0,0
-0.3076923076923077,0.3609684584432294,1,1,Other,0.0,0.0,1.0,0
-0.15384615384615385,-0.6754583524336583,1,0,Other,0.0,1.0,0.0,0
-0.5384615384615384,-0.6754583524336583,1,0,Other,0.0,1.0,0.0,0
0.5384615384615384,-0.6754583524336583,0,0,Other,0.0,0.0,0.0,0
0.8846153846153846,0.2967559343878927,1,1,Other,1.0,0.0,0.0,1
-0.38461538461538464,-0.6754583524336583,1,0,Other,0.0,1.0,0.0,0
-0.038461538461538464,0.6153205643509322,0,1,Other,0.0,1.0,0.0,0
-0.9230769230769231,-0.6754583524336583,1,0,Strong,0.0,0.0,0.0,0
-0.8461538461538461,-0.6754583524336583,1,0,Other,0.0,1.0,0.0,0
-0.46153846153846156,0.005119994330802125,0,1,Other,0.0,0.0,0.0,0
-0.6923076923076923,-0.028859760432099174,0,1,Other,0.0,0.0,1.0,0
-0.5769230769230769,-0.274752360135795,1,1,Strong,0.0,1.0,0.0,0
-0.8076923076923077,0.12109052335997414,1,1,Other,0.0,0.0,0.0,0
-0.38461538461538464,-0.11396859352958502,0,1,Other,0.0,1.0,0.0,0
-0.5769230769230769,-0.6754583524336583,0,0,Other,1.0,0.0,0.0,0
0.6153846153846154,0.03527304052812121,1,1,Other,0.0,0.0,0.0,1
-0.7692307692307693,0.2792965765574239,1,0,Other,0.0,0.0,1.0,0
0.34615384615384615,0.45643243578415416,0,1,Other,0.0,0.0,1.0,0
0.6538461538461539,-0.29766832092089035,1,1,Other,0.0,0.0,1.0,1
0.038461538461538464,0.6206442954803648,0,1,Other,0.0,0.0,0.0,0
0.23076923076923078,0.4827233409291727,0,1,Other,0.0,1.0,0.0,0
-0.23076923076923078,0.20200946490301463,0,1,Strong,0.0,0.0,0.0,0
-0.6153846153846154,-0.6754583524336583,0,0,Other,0.0,1.0,0.0,0
-0.38461538461538464,-0.6754583524336583,0,0,Other,0.0,0.0,0.0,0
0.38461538461538464,0.5190947885455629,1,1,Other,0.0,0.0,1.0,0
-0.19230769230769232,0.5190416398154853,1,0,Other,1.0,0.0,0.0,0
0.07692307692307693,-0.6754583524336583,0,0,Other,0.0,0.0,1.0,0
0.2692307692307692,0.4377595152835817,0,1,Other,1.0,0.0,0.0,0
-0.34615384615384615,0.2542900990559457,1,1,Other,0.0,0.0,0.0,0
0.0,-0.14293465142183925,1,1,Other,1.0,0.0,0.0,0
-0.038461538461538464,-0.6754583524336583,0,0,Other,0.0,0.0,1.0,0
-0.2692307692307692,-0.29275206338871873,1,1,Other,0.0,1.0,0.0,0
0.11538461538461539,-0.6754583524336583,0,0,Other,0.0,0.0,0.0,0
0.15384615384615385,0.4524374229066598,1,1,Other,0.0,1.0,0.0,0
0.2692307692307692,0.35724804733780224,0,1,Other,0.0,1.0,0.0,0
0.3076923076923077,0.5997302701948566,1,1,Other,0.0,0.0,0.0,0
-0.3076923076923077,0.01846918370194192,1,1,Other,1.0,0.0,0.0,0
0.38461538461538464,0.0869070317984423,1,1,Other,0.0,0.0,1.0,0
-0.19230769230769232,-0.21368446927671222,0,1,Other,0.0,0.0,0.0,0
0.4230769230769231,-0.27308703326003236,1,1,Other,1.0,0.0,0.0,1
-0.38461538461538464,-0.6754583524336583,1,0,Other,0.0,1.0,0.0,0
-0.3076923076923077,-0.6754583524336583,0,0,Elite,1.0,0.0,0.0,0
-0.6538461538461539,-0.3050028456715896,1,0,Other,0.0,1.0,0.0,0
-0.15384615384615385,0.6263046352336219,0,1,Other,0.0,0.0,1.0,0
0.34615384615384615,-0.6754583524336583,0,0,Other,1.0,0.0,0.0,0
-0.38461538461538464,-0.6754583524336583,0,0,Strong,1.0,0.0,0.0,0
-0.8846153846153846,0.3938320898745026,1,1,Strong,0.0,0.0,0.0,0
-0.6153846153846154,-0.12496152253395429,1,1,Strong,0.0,0.0,1.0,0
0.38461538461538464,0.6388388774102396,1,1,Other,1.0,0.0,0.0,0
0.6538461538461539,0.09875034048405205,1,1,Other,1.0,0.0,0.0,1
0.0,-0.07186594118650111,1,1,Other,0.0,1.0,0.0,0
0.3076923076923077,-0.6754583524336583,0,0,Other,0.0,0.0,0.0,0
-0.8461538461538461,-0.04005642623509898,1,1,Other,0.0,1.0,0.0,0
-0.5769230769230769,0.6093944809472875,1,1,Other,0.0,0.0,1.0,0
0.3076923076923077,-0.18245073223448333,0,1,Other,0.0,0.0,1.0,0
0.11538461538461539,0.17122749206644478,1,1,Other,0.0,0.0,0.0,0
-0.38461538461538464,-0.6754583524336583,1,0,Other,0.0,0.0,1.0,0
-0.38461538461538464,0.3479470195742344,0,1,Other,0.0,0.0,1.0,0
0.07692307692307693,-0.314011555419731,1,1,Other,0.0,0.0,0.0,0
-0.8076923076923077,-0.23489967069932657,0,1,Other,1.0,0.0,0.0,0
-0.07692307692307693,-0.15514114309631213,1,1,Other,0.0,1.0,0.0,0
-0.07692307692307693,-0.6754583524336583,1,0,Other,1.0,0.0,0.0,0
0.23076923076923078,-0.16249338409037056,0,1,Other,0.0,0.0,0.0,0
-0.9615384615384616,0.10886631544214206,0,1,Other,1.0,0.0,0.0,0
-0.8461538461538461,0.6296972958369043,0,0,Other,0.0,0.0,1.0,0
0.07692307692307693,-0.05201489050254339,0,1,Other,0.0,0.0,1.0,0
0.3076923076923077,0.18419578220536226,1,1,Strong,0.0,0.0,0.0,1
0.4230769230769231,-0.6754583524336583,1,0,Other,1.0,0.0,0.0,0
0.6923076923076923,0.06093501903388896,1,1,Other,1.0,0.0,0.0,1
0.2692307692307692,0.14041008674315655,1,1,Elite,1.0,0.0,0.0,1
0.6923076923076923,0.5426485340915885,1,1,Elite,1.0,0.0,0.0,1
-0.9615384615384616,-0.6754583524336583,0,0,Other,0.0,0.0,0.0,0
0.3076923076923077,-0.07235313787887847,0,1,Other,0.0,1.0,0.0,0
0.6538461538461539,0.16771081775964816,1,1,Other,0.0,1.0,0.0,1
-0.19230769230769232,-0.1720512973826465,1,0,Other,0.0,0.0,0.0,0
0.5769230769230769,-0.09084003782417957,1,1,Elite,0.0,1.0,0.0,1
-0.6153846153846154,0.03699151613396137,1,1,Other,0.0,0.0,0.0,0
0.19230769230769232,0.4319928780701696,1,1,Other,0.0,0.0,1.0,1
0.8461538461538461,-0.06470857886939364,1,1,Other,1.0,0.0,0.0,1
0.6153846153846154,-0.6754583524336583,1,1,Elite,0.0,0.0,0.0,1
-0.5384615384615384,-0.31787369647203156,0,1,Other,0.0,0.0,1.0,0
-0.23076923076923078,-0.05003067124631558,1,1,Other,1.0,0.0,0.0,0
-0.038461538461538464,0.22578466349103005,1,1,Other,0.0,0.0,0.0,0
0.15384615384615385,-0.11649315820826772,0,1,Other,0.0,0.0,1.0,0
0.15384615384615385,0.34690176121604294,0,1,Other,0.0,0.0,1.0,0
-0.4230769230769231,-0.6754583524336583,0,0,Other,1.0,0.0,0.0,0
0.5,0.3345712558380558,0,1,Other,1.0,0.0,0.0,0
0.8076923076923077,0.01550171293927979,1,1,Elite,0.0,0.0,1.0,1
0.5,0.5225228816355636,0,1,Other,0.0,0.0,1.0,0
0.9230769230769231,-0.06697625801936828,1,1,Other,0.0,0.0,1.0,1
0.19230769230769232,-0.14915305284091035,0,0,Other,0.0,0.0,1.0,0
-0.038461538461538464,0.428281325086422,0,1,Other,0.0,0.0,0.0,0
-0.15384615384615385,-0.6754583524336583,0,0,Other,0.0,0.0,0.0,0
-0.4230769230769231,0.506135356528325,0,1,Other,0.0,0.0,0.0,0
-0.15384615384615385,-0.6754583524336583,1,0,Other,0.0,1.0,0.0,0
-0.38461538461538464,0.01139154447995075,0,1,Other,0.0,0.0,1.0,0
-0.46153846153846156,-0.28513407874427266,1,1,Elite,0.0,0.0,0.0,0
-0.3076923076923077,-0.6754583524336583,0,0,Other,1.0,0.0,0.0,0
0.8846153846153846,-0.6754583524336583,1,1,Elite,1.0,0.0,0.0,1
0.3076923076923077,-0.22625414394004822,0,1,Strong,0.0,0.0,0.0,0
0.0,-0.6754583524336583,1,0,Other,0.0,0.0,0.0,0
0.5,-0.6754583524336583,1,0,Other,0.0,1.0,0.0,0
-0.9615384615384616,0.17692326430642014,0,1,Other,0.0,1.0,0.0,0
0.9230769230769231,-0.12618394332573749,1,1,Elite,0.0,0.0,0.0,1
-0.7692307692307693,0.28469117266029326,1,1,Other,0.0,1.0,0.0,0
-0.9615384615384616,0.38051833299008114,0,0,Other,0.0,0.0,1.0,0
-0.15384615384615385,-0.17361918491993364,1,1,Other,0.0,1.0,0.0,0
-0.23076923076923078,-0.6754583524336583,0,0,Other,1.0,0.0,0.0,0
0.5769230769230769,0.611042091579691,1,1,Other,0.0,0.0,0.0,0
-0.7307692307692307,0.10084971532211452,1,1,Other,1.0,0.0,0.0,0
0.4230769230769231,0.3346598370548517,1,1,Other,0.0,0.0,0.0,0
0.038461538461538464,-0.24107378150999972,1,1,Other,0.0,0.0,1.0,0
-0.2692307692307692,0.32275452151748485,1,1,Other,0.0,1.0,0.0,0
0.5769230769230769,-0.6754583524336583,0,0,Strong,0.0,0.0,1.0,0
0.6923076923076923,0.09992847066743732,1,1,Other,1.0,0.0,0.0,1
0.038461538461538464,0.34976293451855,0,1,Other,0.0,0.0,0.0,0
0.19230769230769232,0.18143204824133066,0,1,Other,0.0,0.0,0.0,0
0.23076923076923078,0.6440297367144784,1,1,Other,0.0,0.0,0.0,0
-0.6923076923076923,0.03519331743300492,1,1,Other,0.0,0.0,1.0,0
-0.9615384615384616,-0.6754583524336583,1,0,Other,1.0,0.0,0.0,0
-0.5384615384615384,-0.6754583524336583,1,0,Other,0.0,0.0,0.0,0
0.6153846153846154,0.4652108343686263,1,1,Other,1.0,0.0,0.0,1
-0.15384615384615385,-0.22686535433593982,0,1,Other,0.0,1.0,0.0,0
0.23076923076923078,-0.6754583524336583,1,0,Other,1.0,0.0,0.0,0
-0.3076923076923077,-0.6754583524336583,0,0,Other,0.0,1.0,0.0,0
0.6923076923076923,-0.27294530331315897,1,1,Other,0.0,0.0,1.0,1
0.8846153846153846,0.326625520691465,1,1,Other,0.0,1.0,0.0,1
0.3076923076923077,-0.07867783675810462,0,0,Other,0.0,0.0,0.0,0
0.5769230769230769,0.10995586440873145,1,1,Elite,0.0,1.0,0.0,1
0.6923076923076923,-0.2463000733009569,1,1,Elite,1.0,0.0,0.0,1
-0.038461538461538464,-0.2898465994778137,0,0,Other,0.0,0.0,1.0,0
0.3076923076923077,0.19688061245053293,1,1,Other,0.0,0.0,1.0,1
0.8461538461538461,-0.06247633220613735,1,1,Other,1.0,0.0,0.0,1
-0.7692307692307693,0.19668573377358198,0,1,Other,1.0,0.0,0.0,0
0.23076923076923078,-0.12435917025974227,1,1,Other,0.0,0.0,1.0,1
-0.7692307692307693,0.5416829988285135,0,1,Other,0.0,0.0,0.0,0
-0.8076923076923077,-0.6754583524336583,1,0,Strong,0.0,0.0,1.0,0
-0.6923076923076923,-0.04009185872181733,0,1,Other,0.0,0.0,1.0,0
0.0,0.4823335835752708,0,1,Other,0.0,0.0,1.0,0
0.34615384615384615,-0.07870441112314339,0,1,Other,1.0,0.0,0.0,0
-0.8461538461538461,0.025245646786827086,0,1,Other,0.0,0.0,0.0,0
0.8461538461538461,-0.6754583524336583,1,1,Other,0.0,0.0,1.0,1
0.6923076923076923,-0.08413443971273112,1,1,Elite,0.0,0.0,1.0,1
0.038461538461538464,0.21146993885681512,1,1,Other,0.0,1.0,0.0,0
-0.038461538461538464,0.022074439225534422,0,1,Other,0.0,0.0,1.0,0
-0.8461538461538461,0.5989950460954507,1,0,Other,1.0,0.0,0.0,0
-0.6923076923076923,0.6242052603955595,0,1,Other,0.0,0.0,0.0,0
0.11538461538461539,-0.6754583524336583,0,0,Other,0.0,0.0,1.0,0
-0.5384615384615384,-0.6754583524336583,1,0,Strong,0.0,0.0,0.0,0
0.7307692307692307,0.20490607069224007,1,1,Other,0.0,1.0,0.0,1
-0.5769230769230769,-0.6754583524336583,1,0,Other,0.0,0.0,0.0,0
0.0,-0.6754583524336583,1,0,Other,0.0,0.0,1.0,0
-0.6923076923076923,-0.6754583524336583,1,0,Other,0.0,1.0,0.0,0
0.3076923076923077,-0.6754583524336583,1,0,Other,0.0,0.0,0.0,0
0.4230769230769231,-0.6754583524336583,0,0,Other,0.0,0.0,0.0,0
-0.07692307692307693,-0.17640063512732443,0,1,Other,0.0,0.0,0.0,0
-0.4230769230769231,-0.2118508380890374,1,1,Other,1.0,0.0,0.0,0
0.23076923076923078,0.13613161397191534,1,1,Elite,0.0,1.0,0.0,1
0.23076923076923078,-0.6754583524336583,1,0,Other,0.0,0.0,0.0,0
0.3076923076923077,-0.6754583524336583,1,0,Other,0.0,0.0,1.0,0
0.3076923076923077,0.46461734021609385,0,1,Other,0.0,0.0,1.0,0
0.2692307692307692,-0.6754583524336583,0,0,Other,0.0,0.0,1.0,0
-0.3076923076923077,-0.18943093211799905,1,1,Strong,0.0,1.0,0.0,0
0.7307692307692307,-0.11631599577467595,1,1,Other,0.0,0.0,0.0,1
-0.9230769230769231,0.6005717917544174,0,1,Other,1.0,0.0,0.0,0
-0.5384615384615384,0.05624021454370708,0,1,Other,1.0,0.0,0.0,0
-0.7307692307692307,0.01836288624178686,1,1,Other,1.0,0.0,0.0,0
-0.8461538461538461,-0.6754583524336583,1,0,Elite,0.0,0.0,0.0,0
0.6923076923076923,0.10208099423557732,1,1,Strong,1.0,0.0,0.0,1
0.5769230769230769,0.08994536753454113,1,1,Other,0.0,1.0,0.0,1
0.038461538461538464,0.1715818169336283,0,1,Other,0.0,0.0,0.0,0
0.34615384615384615,0.6032469445016532,1,1,Other,0.0,0.0,1.0,0
0.038461538461538464,-0.6754583524336583,0,0,Other,1.0,0.0,0.0,0
0.38461538461538464,-0.6754583524336583,0,0,Other,0.0,0.0,0.0,0
0.15384615384615385,-0.1490378972590757,1,1,Elite,0.0,0.0,0.0,0
0.7692307692307693,0.6258883035146813,1,1,Other,0.0,0.0,0.0,1
-0.2692307692307692,0.33339312565467055,1,1,Other,0.0,0.0,0.0,0
-0.7307692307692307,-0.00984137318602277,0,1,Other,0.0,0.0,1.0,0
0.15384615384615385,-0.04092452215969865,1,1,Other,1.0,0.0,0.0,0
0.038461538461538464,0.0004960548140569533,0,1,Other,1.0,0.0,0.0,0
-0.038461538461538464,0.3963300801881465,1,1,Other,0.0,1.0,0.0,0
0.038461538461538464,0.2828486833509388,0,1,Other,0.0,1.0,0.0,0
-0.6923076923076923,0.2679847551725894,1,1,Other,0.0,0.0,1.0,0
-0.9615384615384616,0.30065350792691165,1,1,Other,0.0,0.0,1.0,0
-0.9230769230769231,-0.1461944401999278,1,0,Other,0.0,0.0,1.0,0
0.19230769230769232,-0.22724625356816214,0,1,Strong,1.0,0.0,0.0,0
-0.11538461538461539,-0.6754583524336583,0,0,Other,1.0,0.0,0.0,0
-0.38461538461538464,-0.6754583524336583,1,0,Strong,0.0,1.0,0.0,0
-0.8846153846153846,0.22322466632562898,0,1,Other,0.0,0.0,1.0,0
