A-levels scores,Education,Current Employment,Current Employment Sector,Current Annual Income,References Submitted,Was Hired by a Company within 6 months
81,law,salaried,law,0,1,1
52,arts,contractual,arts,145882,0,0
77,stem,unemployed,unemployed,0,1,0
46,stem,self business,it,96719,1,0
65,law,salaried,it,74300,1,0
81,business,salaried,health,0,1,1
46,stem,salaried,transportation,142399,1,0
82,arts,salaried,accounting,46975,1,1
80,stem,unemployed,unemployed,0,0,0
89,business,self business,health,137643,1,1
69,law,self business,it,118827,0,0
66,arts,contractual,it,54258,1,0
71,law,salaried,health,72661,1,1
57,business,contractual,health,96328,1,0
59,arts,unemployed,unemployed,0,1,0
53,arts,self business,arts,87583,1,0
86,business,contractual,accounting,93484,1,1
81,stem,self business,it,102912,1,1
68,law,unemployed,unemployed,0,1,0
73,stem,salaried,engineering,116159,1,1
55,law,salaried,arts,80274,1,0
54,stem,contractual,accounting,105692,0,0
70,law,self business,it,99230,1,1
59,law,unemployed,unemployed,0,1,0
67,law,unemployed,unemployed,0,0,0
53,stem,self business,law,82518,0,0
62,arts,self business,health,90895,1,0
74,stem,self business,health,109613,1,1
65,law,contractual,law,87304,0,0
86,law,salaried,it,75726,1,1
78,stem,contractual,accounting,119519,1,0
89,law,self business,engineering,48547,1,1
86,law,contractual,accounting,124330,1,1
43,arts,salaried,accounting,98850,1,0
79,arts,salaried,law,124425,1,1
79,arts,unemployed,unemployed,0,1,0
81,business,contractual,health,108708,1,1
52,stem,contractual,arts,138917,1,0
47,law,salaried,law,82619,1,0
54,arts,salaried,it,72054,1,0
81,law,salaried,engineering,45329,1,1
73,business,salaried,law,86531,1,0
51,stem,unemployed,unemployed,0,1,0
87,business,contractual,it,72047,1,1
87,stem,contractual,law,146532,1,1
71,stem,self business,transportation,123041,1,1
75,arts,self business,law,84149,1,1
89,law,salaried,arts,0,1,1
52,business,unemployed,unemployed,0,1,0
46,business,salaried,transportation,40244,0,0
85,arts,salaried,law,132052,1,1
50,arts,self business,health,127322,0,0
89,stem,contractual,transportation,78218,1,1
87,stem,contractual,engineering,0,1,1
48,arts,salaried,it,114278,0,0
78,stem,contractual,engineering,82888,1,1
46,stem,salaried,arts,68937,0,0
41,arts,contractual,arts,87108,1,0
77,law,salaried,law,76108,0,0
84,law,salaried,law,110324,1,1
81,arts,self business,engineering,0,1,1
59,law,salaried,engineering,123168,1,0
40,stem,unemployed,unemployed,0,1,0
89,arts,self business,it,122270,1,1
50,business,salaried,engineering,148094,1,0
89,stem,self business,health,145043,1,1
83,stem,contractual,engineering,92441,1,1
51,stem,self business,engineering,94511,1,0
62,law,salaried,it,66195,0,0
71,stem,self business,it,103894,0,0
52,business,contractual,it,71421,1,0
67,stem,unemployed,unemployed,0,1,0
69,law,unemployed,unemployed,0,0,0
69,law,unemployed,unemployed,0,0,0
72,arts,self business,law,77152,1,1
40,stem,self business,accounting,65791,0,0
52,arts,contractual,arts,40476,0,0
55,business,self business,accounting,142638,0,0
69,arts,unemployed,unemployed,0,0,0
87,business,salaried,health,81253,1,1
80,business,contractual,arts,82860,0,0
53,law,unemployed,unemployed,0,0,0
65,stem,salaried,arts,66324,1,0
60,arts,unemployed,unemployed,0,1,0
85,stem,salaried,law,0,1,1
46,law,salaried,health,80423,0,0
53,arts,unemployed,unemployed,0,0,0
85,stem,salaried,engineering,75842,1,1
64,business,self business,health,79915,0,0
70,arts,self business,law,107289,0,0
60,arts,contractual,it,69580,1,0
63,arts,unemployed,unemployed,0,0,0
84,law,contractual,health,0,1,1
55,law,contractual,engineering,140350,1,0
76,stem,unemployed,unemployed,0,1,0
85,arts,self business,it,0,1,1
54,stem,self business,health,94315,0,0
42,business,contractual,law,138475,0,0
86,stem,salaried,it,68917,1,1
89,business,salaried,it,80585,1,1
47,arts,salaried,transportation,49224,1,0
88,law,self business,law,75211,1,1
61,law,unemployed,unemployed,0,0,0
56,stem,contractual,health,55046,1,0
56,stem,salaried,it,80011,1,0
79,law,unemployed,unemployed,0,1,0
40,stem,unemployed,unemployed,0,0,0
58,arts,unemployed,unemployed,0,0,0
58,business,unemployed,unemployed,0,1,0
48,stem,salaried,arts,49240,1,0
60,business,contractual,it,136786,1,0
49,arts,unemployed,unemployed,0,0,0
89,stem,salaried,health,115330,1,1
70,arts,self business,law,118669,1,0
58,stem,self business,it,146480,0,0
50,arts,unemployed,unemployed,0,0,0
43,stem,salaried,it,130107,1,0
69,stem,contractual,transportation,133027,0,0
55,business,unemployed,unemployed,111286,0,0
67,arts,salaried,transportation,43364,1,0
80,business,unemployed,unemployed,0,1,0
60,arts,contractual,accounting,145702,1,0
70,business,salaried,transportation,75712,1,1
45,stem,self business,law,58583,1,0
64,business,unemployed,unemployed,0,0,0
82,law,self business,engineering,74162,1,1
76,law,contractual,arts,88499,1,0
49,stem,contractual,arts,94391,1,0
74,arts,self business,it,129994,1,1
66,business,self business,engineering,79538,0,0
58,law,contractual,arts,98260,1,0
55,business,unemployed,unemployed,0,1,0
63,arts,self business,arts,86264,1,0
83,business,contractual,it,117948,1,1
84,arts,salaried,health,66575,1,1
85,stem,self business,law,46131,1,1
81,law,self business,accounting,84038,1,1
81,business,contractual,it,75377,1,1
89,stem,self business,health,77632,1,1
40,business,contractual,health,106594,1,0
87,arts,self business,transportation,148345,1,1
89,arts,salaried,it,45610,1,1
46,arts,self business,health,79763,0,0
85,business,contractual,law,0,1,1
44,law,unemployed,unemployed,0,0,0
44,stem,unemployed,unemployed,0,0,0
80,arts,unemployed,unemployed,0,0,0
76,law,unemployed,unemployed,101784,0,0
85,business,self business,engineering,139457,1,1
69,law,unemployed,unemployed,0,0,0
50,business,salaried,arts,52378,1,0
64,business,self business,transportation,102857,0,0
59,law,unemployed,unemployed,0,1,0
52,stem,contractual,arts,113049,1,0
60,business,salaried,health,93335,1,0
47,law,unemployed,unemployed,0,1,0
89,stem,contractual,law,78391,1,1
52,arts,unemployed,unemployed,0,0,0
50,law,unemployed,unemployed,0,0,0
87,stem,salaried,arts,0,1,1
67,arts,unemployed,unemployed,0,1,0
51,business,contractual,it,80429,1,0
44,law,self business,law,40475,0,0
52,law,contractual,transportation,135505,0,0
58,business,self business,it,136675,1,0
80,business,self business,transportation,64147,0,0
66,arts,salaried,arts,149665,0,0
55,business,contractual,it,77111,1,0
63,business,unemployed,unemployed,0,0,0
47,business,self business,law,144061,0,0
54,law,unemployed,unemployed,0,1,0
46,arts,self business,health,78585,1,0
75,law,contractual,health,71345,1,1
41,stem,contractual,it,83251,0,0
82,business,self business,health,131787,1,1
64,stem,unemployed,unemployed,0,1,0
51,stem,self business,it,94210,0,0
45,arts,self business,transportation,48100,1,0
89,stem,salaried,accounting,102680,1,1
61,law,contractual,accounting,141537,0,0
67,business,contractual,transportation,55911,1,0
69,business,contractual,it,95165,1,0
62,business,contractual,arts,50219,0,0
81,arts,contractual,engineering,0,1,1
55,stem,contractual,accounting,112033,0,0
46,stem,salaried,engineering,148507,1,0
87,arts,contractual,law,89965,1,1
57,law,self business,it,149950,1,0
78,stem,salaried,health,89357,1,1
44,arts,self business,health,94355,1,0
70,business,salaried,it,57995,1,1
70,stem,unemployed,unemployed,0,0,0
53,arts,unemployed,unemployed,0,1,0
72,business,salaried,arts,85951,1,1
59,business,contractual,engineering,64868,0,0
73,arts,unemployed,unemployed,0,1,0
52,law,unemployed,unemployed,0,0,0
67,arts,self business,engineering,133236,0,0
84,business,contractual,law,95813,1,1
64,arts,salaried,health,137300,0,0
86,business,self business,law,65977,1,1
88,arts,contractual,transportation,149148,1,1
42,business,unemployed,unemployed,0,0,0
68,business,salaried,transportation,109755,1,0
63,stem,salaried,arts,89317,1,0
88,stem,salaried,health,0,1,1
87,law,salaried,arts,83316,1,1
82,stem,salaried,arts,68466,1,1
73,law,salaried,accounting,117612,1,0
85,business,salaried,engineering,101913,1,1
61,arts,contractual,transportation,87701,1,0
41,business,self business,law,85729,0,0
62,business,salaried,transportation,140960,0,0
78,arts,unemployed,unemployed,0,0,0
50,arts,salaried,it,120070,0,0
70,business,self business,health,91196,0,0
58,arts,salaried,arts,85171,0,0
61,stem,unemployed,unemployed,100673,1,0
84,stem,contractual,engineering,115055,1,1
89,law,contractual,transportation,66482,1,1
79,law,contractual,arts,0,1,1
71,business,unemployed,unemployed,117003,0,0
44,law,contractual,it,116048,0,0
57,stem,self business,law,119715,1,0
76,business,self business,health,70709,0,0
80,business,unemployed,unemployed,0,1,0
57,law,salaried,law,40751,0,0
66,law,self business,health,138575,0,0
73,law,self business,accounting,149732,1,0
43,arts,unemployed,unemployed,0,0,0
62,stem,unemployed,unemployed,0,1,0
68,stem,self business,transportation,133866,1,0
86,business,contractual,engineering,81848,1,1
68,law,salaried,it,81494,0,0
83,business,self business,transportation,80588,1,1
48,stem,unemployed,unemployed,0,0,0
84,stem,salaried,arts,0,1,1
42,stem,contractual,accounting,55775,1,0
58,stem,unemployed,unemployed,0,0,0
56,arts,contractual,accounting,121050,0,0
56,arts,unemployed,unemployed,0,1,0
43,stem,contractual,law,62043,0,0
89,business,self business,arts,84144,1,1
46,law,self business,engineering,51477,0,0
89,arts,contractual,arts,0,1,1
65,law,unemployed,unemployed,43589,0,0
51,arts,contractual,law,108698,0,0
85,business,contractual,law,0,1,1
48,arts,unemployed,unemployed,0,0,0
57,law,salaried,accounting,123533,1,0
44,arts,self business,transportation,69107,1,0
45,business,contractual,transportation,89764,0,0
50,stem,unemployed,unemployed,131995,1,0
77,stem,salaried,health,106928,0,0
67,arts,self business,it,82790,1,0
69,business,self business,engineering,97419,1,0
60,arts,self business,law,68272,1,0
83,law,self business,it,117756,1,1
74,arts,self business,arts,0,1,1
48,stem,contractual,engineering,66624,0,0
72,arts,self business,arts,49431,0,0
81,arts,salaried,engineering,0,1,1
83,stem,salaried,law,114188,1,1
89,business,contractual,arts,0,1,1
84,stem,self business,law,0,1,1
59,law,salaried,health,114052,1,0
79,arts,contractual,health,63636,1,1
89,arts,salaried,health,82809,1,1
82,stem,contractual,it,149525,1,1
85,arts,contractual,arts,0,1,1
88,business,self business,accounting,71994,1,1
80,arts,self business,law,118483,1,1
78,stem,contractual,accounting,51016,0,0
84,stem,contractual,accounting,0,1,1
67,law,salaried,accounting,93431,1,0
69,arts,salaried,it,55641,1,0
57,business,self business,accounting,84585,0,0
86,stem,salaried,it,57644,1,1
42,arts,self business,accounting,69475,1,0
76,arts,salaried,law,114024,1,0
87,business,contractual,engineering,0,1,1
59,stem,salaried,arts,82271,1,0
71,stem,salaried,engineering,149491,0,0
52,stem,self business,it,140561,1,0
66,arts,unemployed,unemployed,0,0,0
64,law,unemployed,unemployed,0,0,0
61,arts,unemployed,unemployed,0,1,0
87,arts,salaried,law,106784,1,1
53,stem,contractual,it,89606,1,0
40,business,unemployed,unemployed,0,0,0
42,law,unemployed,unemployed,115630,1,0
54,business,unemployed,unemployed,0,0,0
46,business,contractual,arts,116141,0,0
43,law,unemployed,unemployed,0,0,0
47,law,self business,arts,77481,1,0
41,arts,unemployed,unemployed,0,1,0
68,law,unemployed,unemployed,89504,0,0
86,business,self business,law,142908,1,1
72,law,unemployed,unemployed,74263,0,0
88,arts,self business,engineering,0,1,1
60,stem,salaried,law,88988,0,0
70,business,salaried,accounting,74867,1,0
80,arts,self business,accounting,84579,0,0
51,stem,salaried,transportation,90686,0,0
82,arts,salaried,transportation,143250,1,1
52,business,salaried,health,100935,1,0
66,stem,contractual,engineering,89460,1,0
52,business,unemployed,unemployed,0,0,0
45,stem,salaried,engineering,105338,1,0
63,stem,unemployed,unemployed,0,0,0
86,arts,salaried,accounting,0,1,1
73,arts,salaried,health,71782,0,0
72,law,salaried,accounting,44300,1,1
67,business,salaried,law,77837,0,0
79,stem,self business,accounting,51424,1,0
79,arts,contractual,transportation,112424,1,0
71,law,contractual,accounting,69820,0,0
70,business,unemployed,unemployed,0,1,0
51,stem,self business,it,105897,0,0
63,stem,contractual,engineering,118650,0,0
74,arts,unemployed,unemployed,0,1,0
41,business,unemployed,unemployed,0,0,0
89,stem,salaried,accounting,53607,1,1
69,law,salaried,health,88252,0,0
84,arts,salaried,arts,0,1,1
57,law,unemployed,unemployed,0,1,0
65,law,unemployed,unemployed,0,0,0
89,arts,contractual,law,123512,1,1
87,law,self business,law,83944,1,1
51,law,salaried,law,68830,1,0
64,law,contractual,it,119102,0,0
61,law,unemployed,unemployed,59824,0,0
88,business,salaried,it,63226,1,1
82,business,self business,law,69972,1,1
81,stem,self business,arts,49798,1,1
66,business,salaried,it,146695,0,0
85,arts,contractual,it,47623,1,1
62,stem,unemployed,unemployed,0,1,0
74,stem,salaried,engineering,0,1,1
60,arts,unemployed,unemployed,0,1,0
41,arts,contractual,arts,95723,0,0
56,law,contractual,accounting,95930,1,0
75,arts,unemployed,unemployed,0,0,0
79,law,self business,accounting,90612,1,1
70,business,salaried,transportation,87561,1,1
45,stem,salaried,transportation,75455,0,0
81,arts,contractual,accounting,127603,1,1
63,business,self business,it,53087,0,0
45,arts,self business,it,139927,0,0
56,stem,unemployed,unemployed,0,0,0
61,law,self business,engineering,123228,1,0
68,law,unemployed,unemployed,0,0,0
73,stem,self business,transportation,98952,1,0
61,stem,unemployed,unemployed,0,1,0
85,law,contractual,engineering,63969,1,1
74,arts,unemployed,unemployed,57038,1,0
69,law,salaried,transportation,46866,0,0
58,law,contractual,accounting,64758,0,0
83,business,self business,health,82227,1,1
43,stem,salaried,it,146291,1,0
71,arts,self business,accounting,110092,0,0
77,arts,unemployed,unemployed,0,0,0
46,stem,self business,accounting,123663,0,0
77,arts,salaried,it,0,1,1
52,arts,contractual,it,148523,1,0
59,arts,contractual,engineering,136525,0,0
85,law,salaried,arts,116958,1,1
72,business,salaried,health,88923,1,1
69,business,salaried,law,58221,0,0
56,arts,unemployed,unemployed,0,0,0
75,stem,self business,health,90729,1,0
54,law,unemployed,unemployed,55224,1,0
41,law,salaried,law,114860,1,0
47,business,unemployed,unemployed,0,1,0
43,stem,contractual,it,84288,0,0
58,law,contractual,health,83931,1,0
72,stem,unemployed,unemployed,0,0,0
84,law,contractual,it,0,1,1
72,business,salaried,accounting,103559,0,0
57,business,contractual,transportation,108505,0,0
73,business,contractual,law,45697,0,0
88,law,salaried,health,0,1,1
70,stem,unemployed,unemployed,115233,1,0
75,arts,contractual,accounting,93386,0,0
64,business,self business,engineering,118944,0,0
88,arts,salaried,accounting,89809,1,1
61,business,salaried,engineering,55446,0,0
43,stem,unemployed,unemployed,0,0,0
89,stem,salaried,arts,0,1,1
77,arts,self business,accounting,146506,1,0
65,law,salaried,accounting,69967,1,0
49,stem,unemployed,unemployed,142497,0,0
73,arts,contractual,law,104923,0,0
42,stem,unemployed,unemployed,0,0,0
50,arts,unemployed,unemployed,0,0,0
68,business,contractual,it,81887,1,0
51,arts,unemployed,unemployed,0,0,0
82,law,salaried,accounting,0,1,1
73,arts,self business,health,84981,1,0
87,business,salaried,transportation,0,1,1
55,stem,salaried,accounting,125077,0,0
74,arts,unemployed,unemployed,0,0,0
78,business,contractual,transportation,51402,1,0
85,business,contractual,health,0,1,1
71,law,self business,health,53979,1,0
89,business,salaried,arts,52601,1,1
69,stem,contractual,arts,101927,1,0
51,law,salaried,health,100298,1,0
80,stem,salaried,transportation,128338,1,1
71,law,salaried,accounting,95549,0,0
53,stem,contractual,arts,68809,0,0
53,arts,self business,health,64459,1,0
45,law,self business,health,123665,0,0
58,business,salaried,health,48948,0,0
69,business,salaried,engineering,124624,0,0
44,stem,salaried,engineering,84340,1,0
61,business,self business,health,113179,1,0
60,law,salaried,law,44295,0,0
59,law,unemployed,unemployed,0,0,0
87,law,contractual,accounting,0,1,1
64,business,self business,transportation,91008,1,0
41,business,unemployed,unemployed,110252,0,0
71,law,self business,arts,117344,1,1
82,stem,self business,accounting,0,1,1
54,business,unemployed,unemployed,0,0,0
79,law,self business,engineering,78740,0,0
58,law,contractual,transportation,52909,1,0
76,arts,contractual,it,125623,0,0
47,arts,unemployed,unemployed,0,1,0
50,business,contractual,accounting,103568,1,0
89,law,contractual,accounting,108186,1,1
84,arts,salaried,health,0,1,1
60,stem,salaried,engineering,125531,0,0
87,arts,contractual,law,84150,1,1
61,business,self business,arts,98089,0,0
79,stem,salaried,transportation,93843,1,1
42,business,unemployed,unemployed,0,1,0
50,stem,self business,accounting,40900,1,0
78,stem,salaried,health,67715,0,0
76,stem,salaried,arts,112181,1,1
41,law,salaried,arts,87901,0,0
48,arts,self business,arts,63573,1,0
57,law,unemployed,unemployed,0,1,0
67,stem,contractual,arts,123842,1,0
56,business,unemployed,unemployed,0,0,0
53,law,contractual,law,142588,1,0
63,arts,contractual,health,133059,0,0
44,law,unemployed,unemployed,63931,0,0
59,stem,self business,accounting,122521,1,0
76,law,unemployed,unemployed,0,0,0
54,law,contractual,accounting,100586,1,0
53,business,salaried,law,60616,0,0
85,arts,contractual,health,0,1,1
71,arts,salaried,transportation,111666,0,0
76,business,self business,engineering,101735,0,0
78,business,self business,health,83965,0,0
79,business,unemployed,unemployed,0,0,0
40,law,salaried,accounting,145574,1,0
63,arts,contractual,engineering,67322,1,0
79,business,contractual,it,54326,1,1
56,law,unemployed,unemployed,0,1,0
73,business,unemployed,unemployed,112606,0,0
82,business,self business,it,116127,1,1
62,business,unemployed,unemployed,0,1,0
65,arts,contractual,arts,94350,0,0
51,business,unemployed,unemployed,0,1,0
82,stem,contractual,health,0,1,1
48,business,unemployed,unemployed,126833,1,0
46,business,salaried,law,148572,1,0
83,law,self business,it,0,1,1
69,stem,self business,arts,40500,1,0
55,business,salaried,arts,72272,0,0
88,stem,contractual,health,0,1,1
71,arts,salaried,arts,87390,1,0
84,business,salaried,engineering,143165,1,1
80,business,unemployed,unemployed,0,1,0
50,law,unemployed,unemployed,0,0,0
46,stem,unemployed,unemployed,0,1,0
89,law,salaried,accounting,53088,1,1
43,stem,salaried,engineering,81812,0,0
49,law,salaried,engineering,76236,0,0
48,law,salaried,health,108125,1,0
52,arts,self business,law,71754,0,0
44,stem,salaried,engineering,114090,1,0
61,law,self business,transportation,125878,0,0
49,law,contractual,accounting,45672,1,0
86,business,salaried,health,104606,1,1
75,business,self business,transportation,134494,0,0
45,business,contractual,accounting,109079,1,0
44,law,unemployed,unemployed,93562,1,0
49,law,unemployed,unemployed,0,1,0
70,arts,unemployed,unemployed,142588,1,0
81,stem,salaried,health,104418,1,1
78,arts,self business,engineering,126027,1,0
84,business,salaried,arts,127629,1,1
72,arts,unemployed,unemployed,0,0,0
61,stem,salaried,transportation,125300,0,0
41,business,contractual,health,74749,0,0
85,stem,self business,health,98078,1,1
71,business,unemployed,unemployed,0,0,0
54,law,unemployed,unemployed,0,1,0
61,business,unemployed,unemployed,0,1,0
41,stem,unemployed,unemployed,0,1,0
65,arts,unemployed,unemployed,0,0,0
84,stem,contractual,engineering,55303,1,1
49,business,self business,health,108189,1,0
72,law,salaried,accounting,137467,1,0
60,arts,contractual,arts,100480,1,0
52,business,salaried,it,83192,0,0
68,business,self business,health,123701,1,0
52,law,contractual,law,136467,1,0
62,stem,unemployed,unemployed,55998,0,0
79,law,self business,arts,133709,1,0
76,stem,contractual,transportation,138011,0,0
73,law,salaried,it,103850,1,0
50,business,unemployed,unemployed,0,0,0
65,stem,contractual,arts,91126,0,0
40,stem,salaried,it,86706,0,0
69,stem,contractual,engineering,148118,1,0
84,arts,salaried,transportation,0,1,1
43,stem,salaried,transportation,42486,0,0
82,stem,contractual,arts,86353,1,1
45,stem,salaried,accounting,102933,0,0
69,business,salaried,law,147918,0,0
82,business,self business,arts,79898,1,1
89,law,salaried,accounting,132981,1,1
40,law,self business,arts,100258,0,0
50,stem,salaried,health,148688,0,0
45,arts,contractual,it,112680,1,0
41,arts,salaried,law,80187,0,0
70,business,contractual,engineering,114827,0,0
71,law,salaried,arts,124722,0,0
83,business,self business,transportation,95747,1,1
48,arts,unemployed,unemployed,0,1,0
65,business,salaried,engineering,103355,1,0
88,law,contractual,engineering,87756,1,1
58,business,unemployed,unemployed,130127,1,0
77,business,salaried,it,146957,1,0
51,law,contractual,engineering,148172,0,0
66,law,salaried,transportation,119066,1,0
51,stem,unemployed,unemployed,0,0,0
55,law,contractual,law,134089,0,0
77,stem,unemployed,unemployed,0,1,0
80,law,salaried,health,0,1,1
82,arts,self business,law,0,1,1
58,stem,salaried,engineering,104032,1,0
58,business,salaried,accounting,102418,1,0
51,arts,unemployed,unemployed,0,1,0
74,business,unemployed,unemployed,140983,1,0
71,business,unemployed,unemployed,0,0,0
62,business,self business,health,138521,0,0
68,business,self business,it,40950,1,0
67,business,contractual,transportation,95146,1,0
70,law,unemployed,unemployed,0,1,0
44,arts,self business,accounting,149811,0,0
61,business,unemployed,unemployed,0,0,0
47,law,unemployed,unemployed,0,0,0
66,arts,self business,transportation,52450,1,0
48,business,self business,transportation,115472,1,0
50,stem,unemployed,unemployed,0,1,0
81,arts,contractual,health,115904,1,1
41,arts,unemployed,unemployed,0,1,0
79,arts,self business,law,85807,1,1
49,arts,unemployed,unemployed,0,1,0
42,law,salaried,transportation,50713,1,0
83,law,salaried,accounting,83784,1,1
52,law,contractual,arts,102693,0,0
87,business,self business,it,95688,1,1
80,law,unemployed,unemployed,0,1,0
46,stem,salaried,health,61302,0,0
86,stem,contractual,law,0,1,1
64,business,self business,arts,106950,0,0
60,business,unemployed,unemployed,0,0,0
43,business,contractual,engineering,45759,0,0
46,arts,contractual,arts,115760,1,0
71,arts,salaried,arts,58838,0,0
82,stem,self business,engineering,0,1,1
80,arts,unemployed,unemployed,0,0,0
68,business,salaried,health,137771,1,0
71,arts,unemployed,unemployed,0,1,0
41,stem,contractual,transportation,50368,0,0
78,arts,contractual,health,105197,1,0
83,stem,self business,health,100466,1,1
58,business,self business,accounting,127761,1,0
48,law,salaried,engineering,133431,0,0
77,law,unemployed,unemployed,53475,0,0
86,business,self business,health,64813,1,1
87,stem,contractual,engineering,0,1,1
71,law,contractual,engineering,79400,1,1
62,business,salaried,health,51518,1,0
58,business,unemployed,unemployed,0,0,0
71,law,self business,arts,118752,0,0
59,stem,salaried,engineering,59565,0,0
42,arts,unemployed,unemployed,0,1,0
83,arts,salaried,arts,69745,1,1
44,arts,self business,arts,99199,0,0
72,arts,unemployed,unemployed,0,0,0
58,business,unemployed,unemployed,73837,1,0
63,law,contractual,engineering,73204,1,0
63,arts,self business,accounting,103821,0,0
54,stem,contractual,arts,96197,0,0
84,business,contractual,law,76239,1,1
77,business,contractual,health,88245,1,1
84,arts,contractual,health,144770,1,1
69,law,unemployed,unemployed,0,1,0
59,arts,contractual,engineering,53851,0,0
79,business,unemployed,unemployed,0,0,0
41,law,unemployed,unemployed,64654,1,0
55,arts,contractual,health,46517,1,0
67,law,salaried,transportation,85821,0,0
70,law,contractual,engineering,140352,0,0
83,stem,self business,health,140970,1,1
40,business,salaried,it,89716,1,0
45,law,contractual,transportation,61906,0,0
41,stem,contractual,engineering,124300,1,0
49,stem,unemployed,unemployed,146539,0,0
58,stem,contractual,it,50791,0,0
63,arts,salaried,it,68618,1,0
73,business,contractual,arts,94532,0,0
61,business,unemployed,unemployed,79289,0,0
79,business,unemployed,unemployed,0,0,0
89,arts,salaried,law,0,1,1
80,arts,salaried,it,84339,0,0
78,law,unemployed,unemployed,0,0,0
60,arts,unemployed,unemployed,50968,0,0
44,law,salaried,arts,77037,1,0
63,law,self business,health,96372,0,0
77,business,unemployed,unemployed,0,1,0
67,stem,unemployed,unemployed,0,1,0
58,arts,self business,law,98867,0,0
75,business,salaried,engineering,124297,0,0
68,arts,contractual,arts,67024,1,0
59,arts,contractual,accounting,124425,0,0
55,law,salaried,engineering,56445,1,0
40,business,salaried,transportation,48667,0,0
40,stem,self business,accounting,83605,0,0
82,business,salaried,health,99574,1,1
84,arts,self business,accounting,0,1,1
74,law,self business,engineering,0,1,1
87,arts,self business,transportation,145721,1,1
72,stem,contractual,arts,129957,1,0
44,business,self business,health,134037,1,0
46,stem,salaried,health,97453,0,0
44,business,unemployed,unemployed,0,0,0
59,arts,contractual,transportation,45831,1,0
42,stem,contractual,health,109653,1,0
83,arts,self business,it,79826,1,1
56,law,salaried,accounting,50728,1,0
69,arts,unemployed,unemployed,0,0,0
60,business,salaried,accounting,119314,0,0
86,business,self business,transportation,58978,1,1
51,stem,self business,engineering,57741,1,0
45,arts,salaried,law,91893,0,0
48,stem,unemployed,unemployed,0,0,0
85,law,contractual,it,105515,1,1
72,business,self business,arts,97015,1,1
62,business,self business,law,89029,1,0
72,law,self business,it,82978,0,0
72,stem,contractual,health,112349,1,0
52,business,self business,it,42334,1,0
57,stem,contractual,health,134127,1,0
60,stem,salaried,engineering,81626,0,0
58,stem,salaried,health,113839,0,0
85,business,salaried,accounting,95374,1,1
42,stem,salaried,it,97829,1,0
83,business,self business,engineering,106721,1,1
84,law,self business,transportation,86306,1,1
69,arts,salaried,health,141920,0,0
54,arts,contractual,accounting,64629,1,0
65,stem,contractual,arts,43887,0,0
83,business,self business,law,0,1,1
60,business,unemployed,unemployed,0,1,0
72,law,self business,accounting,57875,0,0
68,stem,unemployed,unemployed,0,0,0
40,law,self business,transportation,76396,1,0
69,arts,salaried,law,45414,1,0
69,law,salaried,accounting,141136,1,0
81,arts,salaried,engineering,135233,1,1
59,law,salaried,health,132298,0,0
72,stem,contractual,law,47839,1,0
52,stem,salaried,arts,87887,0,0
61,law,contractual,health,71941,0,0
51,stem,contractual,engineering,44566,1,0
78,business,contractual,it,61257,0,0
76,law,contractual,health,135487,1,0
70,arts,contractual,health,109303,1,0
47,business,contractual,it,65976,1,0
80,law,contractual,arts,95267,0,0
67,law,salaried,health,125279,0,0
41,law,unemployed,unemployed,48528,0,0
67,law,contractual,engineering,40906,1,0
61,business,self business,it,54798,1,0
71,business,unemployed,unemployed,0,0,0
73,business,self business,arts,41759,1,1
56,arts,unemployed,unemployed,0,1,0
74,stem,self business,arts,0,1,1
76,arts,salaried,arts,136600,1,1
84,business,self business,health,41230,1,1
72,stem,unemployed,unemployed,0,0,0
83,business,self business,accounting,0,1,1
59,arts,self business,law,88878,0,0
63,stem,salaried,law,61353,0,0
49,arts,self business,health,90629,0,0
56,business,self business,health,116556,0,0
87,law,contractual,it,53325,1,1
60,arts,contractual,arts,48428,0,0
79,stem,unemployed,unemployed,0,0,0
76,business,self business,engineering,139942,1,1
53,stem,self business,arts,87019,0,0
44,stem,unemployed,unemployed,0,1,0
73,law,contractual,it,0,1,1
68,business,self business,arts,141157,1,0
71,business,salaried,health,0,1,1
56,stem,self business,accounting,74098,0,0
60,law,self business,transportation,43128,1,0
70,law,contractual,accounting,96197,0,0
47,stem,self business,health,41203,0,0
83,arts,self business,arts,133409,1,1
55,arts,unemployed,unemployed,128124,1,0
73,business,contractual,health,70847,1,1
53,business,self business,health,89994,0,0
55,business,contractual,transportation,88909,1,0
70,arts,contractual,it,138744,0,0
74,stem,unemployed,unemployed,0,1,0
65,arts,unemployed,unemployed,0,1,0
85,business,self business,accounting,44222,1,1
87,arts,contractual,engineering,0,1,1
45,business,salaried,accounting,77683,1,0
57,stem,contractual,health,52886,1,0
81,stem,salaried,engineering,0,1,1
58,law,contractual,law,137760,0,0
82,arts,salaried,law,125297,1,1
45,business,self business,engineering,61400,1,0
59,law,unemployed,unemployed,0,1,0
81,business,contractual,arts,0,1,1
46,arts,contractual,law,105267,1,0
51,stem,self business,engineering,63104,1,0
83,business,contractual,accounting,49354,1,1
44,stem,salaried,it,76019,0,0
74,business,unemployed,unemployed,139898,0,0
49,law,salaried,law,93065,0,0
70,arts,unemployed,unemployed,0,1,0
60,arts,contractual,arts,148257,0,0
44,business,contractual,it,145441,0,0
51,arts,unemployed,unemployed,0,1,0
85,stem,salaried,engineering,0,1,1
80,arts,salaried,accounting,73981,1,1
89,stem,contractual,engineering,115457,1,1
48,stem,contractual,engineering,144644,0,0
59,business,unemployed,unemployed,0,1,0
44,stem,salaried,it,79954,0,0
45,stem,salaried,transportation,64529,0,0
62,stem,unemployed,unemployed,0,0,0
48,arts,self business,arts,133803,1,0
63,law,salaried,it,65490,1,0
65,business,unemployed,unemployed,0,1,0
58,arts,unemployed,unemployed,46310,1,0
68,stem,self business,health,91298,0,0
75,arts,self business,transportation,137627,1,1
59,business,contractual,law,82412,0,0
68,stem,self business,it,146914,0,0
44,business,salaried,transportation,148698,0,0
60,stem,salaried,accounting,85063,1,0
86,arts,contractual,accounting,140293,1,1
84,stem,self business,law,79566,1,1
48,arts,self business,accounting,128361,0,0
73,law,salaried,engineering,43931,1,1
66,law,contractual,accounting,146544,1,0
73,stem,self business,engineering,47099,0,0
74,stem,self business,law,48354,1,0
59,arts,self business,transportation,102885,0,0
81,business,salaried,law,60376,1,1
87,business,contractual,transportation,135777,1,1
58,stem,contractual,law,111236,1,0
48,law,self business,transportation,142638,0,0
49,law,contractual,engineering,45941,1,0
51,business,salaried,health,124829,0,0
82,business,self business,it,147565,1,1
65,arts,contractual,engineering,59448,1,0
75,arts,self business,arts,119102,0,0
51,law,self business,transportation,49567,0,0
74,arts,self business,law,97293,1,1
49,business,contractual,engineering,149715,0,0
47,law,contractual,accounting,69469,1,0
77,arts,contractual,accounting,119581,1,0
67,stem,self business,law,135265,0,0
58,business,unemployed,unemployed,122391,0,0
54,stem,contractual,it,147436,1,0
56,arts,contractual,arts,54240,1,0
77,stem,contractual,health,97677,1,0
78,arts,self business,accounting,53510,0,0
69,arts,contractual,engineering,86317,1,0
49,law,unemployed,unemployed,40266,0,0
78,stem,self business,transportation,54192,1,0
84,stem,self business,law,81433,1,1
54,business,unemployed,unemployed,0,1,0
43,business,self business,health,67832,0,0
66,stem,unemployed,unemployed,0,0,0
55,arts,unemployed,unemployed,140519,1,0
57,law,self business,transportation,128138,1,0
65,business,self business,arts,82586,0,0
73,business,self business,engineering,120285,1,0
87,business,contractual,engineering,125633,1,1
54,law,salaried,law,142646,0,0
44,law,salaried,law,96204,1,0
53,business,contractual,arts,55493,1,0
41,arts,salaried,engineering,125733,0,0
83,law,salaried,law,60474,1,1
45,business,salaried,accounting,50986,0,0
42,arts,unemployed,unemployed,0,1,0
56,law,contractual,law,59583,0,0
66,business,unemployed,unemployed,73918,1,0
80,arts,unemployed,unemployed,0,1,0
49,business,self business,arts,121577,1,0
56,stem,unemployed,unemployed,0,1,0
74,law,unemployed,unemployed,0,1,0
78,stem,contractual,it,46658,0,0
70,law,self business,arts,74836,1,1
71,stem,contractual,accounting,47785,0,0
48,business,unemployed,unemployed,75716,1,0
87,business,self business,engineering,102051,1,1
65,law,salaried,it,43366,1,0
50,stem,self business,accounting,128969,0,0
47,law,salaried,transportation,100317,1,0
69,business,self business,law,130344,0,0
83,business,salaried,accounting,58084,1,1
53,arts,unemployed,unemployed,0,1,0
87,arts,self business,law,99424,1,1
44,arts,self business,arts,147513,0,0
72,law,contractual,law,137370,0,0
45,arts,self business,engineering,114069,0,0
44,business,salaried,transportation,84531,0,0
46,arts,self business,arts,121091,0,0
44,law,self business,accounting,58173,1,0
79,law,self business,arts,0,1,1
77,business,unemployed,unemployed,0,1,0
61,arts,unemployed,unemployed,0,0,0
72,stem,unemployed,unemployed,88026,1,0
67,business,unemployed,unemployed,107286,1,0
51,arts,unemployed,unemployed,0,0,0
44,law,unemployed,unemployed,136011,0,0
71,law,contractual,engineering,43606,0,0
85,business,self business,accounting,114884,1,1
56,arts,contractual,health,84245,0,0
79,business,salaried,accounting,111982,1,0
57,arts,self business,arts,105354,0,0
66,stem,unemployed,unemployed,0,1,0
40,stem,salaried,engineering,54174,0,0
85,arts,salaried,it,0,1,1
45,arts,self business,transportation,40565,1,0
76,business,contractual,transportation,85615,1,0
65,business,unemployed,unemployed,0,0,0
82,law,contractual,arts,59180,1,1
50,law,self business,engineering,43000,1,0
68,business,self business,accounting,65635,0,0
62,stem,unemployed,unemployed,112419,1,0
86,stem,self business,accounting,88577,1,1
65,arts,unemployed,unemployed,0,0,0
83,stem,salaried,engineering,88851,1,1
52,business,unemployed,unemployed,0,1,0
86,stem,contractual,accounting,148987,1,1
81,business,contractual,engineering,120167,1,1
61,stem,unemployed,unemployed,0,0,0
64,stem,unemployed,unemployed,74547,0,0
40,law,unemployed,unemployed,110825,1,0
47,stem,self business,law,60478,1,0
51,stem,self business,engineering,106504,0,0
85,business,salaried,it,0,1,1
75,stem,self business,transportation,115930,0,0
52,law,self business,health,75309,0,0
53,law,self business,accounting,55403,0,0
49,arts,unemployed,unemployed,0,1,0
70,arts,unemployed,unemployed,0,1,0
45,arts,salaried,engineering,50102,1,0
65,law,contractual,arts,120979,1,0
57,law,salaried,it,52771,1,0
82,law,salaried,law,0,1,1
59,stem,self business,health,61079,0,0
82,arts,self business,engineering,0,1,1
57,law,unemployed,unemployed,0,0,0
43,stem,self business,engineering,107643,0,0
75,business,self business,health,132774,1,0
86,business,contractual,it,103156,1,1
64,business,unemployed,unemployed,0,1,0
67,arts,self business,it,68644,0,0
57,law,contractual,accounting,100663,1,0
68,business,self business,engineering,128272,1,0
76,stem,unemployed,unemployed,0,0,0
43,stem,unemployed,unemployed,0,1,0
86,law,contractual,law,140390,1,1
49,business,self business,accounting,141294,0,0
49,arts,self business,law,130416,1,0
43,law,unemployed,unemployed,0,0,0
52,arts,unemployed,unemployed,0,1,0
73,business,unemployed,unemployed,0,1,0
81,arts,salaried,arts,56715,1,1
86,stem,self business,accounting,51521,1,1
58,business,salaried,accounting,60653,1,0
79,arts,salaried,law,0,1,1
56,stem,unemployed,unemployed,0,0,0
87,business,contractual,law,0,1,1
76,stem,contractual,health,57193,1,0
58,arts,unemployed,unemployed,106600,1,0
62,arts,salaried,accounting,117838,1,0
59,stem,unemployed,unemployed,0,0,0
47,law,unemployed,unemployed,0,1,0
44,business,contractual,arts,130187,0,0
51,arts,unemployed,unemployed,144651,0,0
85,law,salaried,engineering,102814,1,1
76,stem,unemployed,unemployed,0,1,0
86,law,salaried,arts,133620,1,1
46,law,self business,arts,77556,0,0
77,law,salaried,it,60723,1,0
79,law,contractual,health,115150,0,0
51,law,self business,accounting,124571,1,0
47,business,contractual,arts,132311,0,0
81,business,self business,engineering,143248,1,1
43,law,contractual,transportation,65342,1,0
87,law,contractual,it,133336,1,1
80,stem,salaried,law,144039,1,0
77,stem,salaried,engineering,70356,0,0
88,arts,salaried,accounting,98543,1,1
78,stem,contractual,accounting,144183,0,0
83,stem,salaried,transportation,0,1,1
78,law,unemployed,unemployed,0,0,0
44,law,unemployed,unemployed,0,1,0
48,stem,unemployed,unemployed,77793,0,0
85,law,salaried,engineering,50586,1,1
78,stem,unemployed,unemployed,0,1,0
41,business,self business,law,59855,1,0
77,arts,contractual,accounting,56075,0,0
70,arts,contractual,engineering,144789,1,1
49,arts,unemployed,unemployed,68164,1,0
53,business,self business,law,112452,0,0
58,stem,salaried,engineering,40819,1,0
76,business,self business,accounting,89076,0,0
46,business,unemployed,unemployed,0,0,0
69,stem,unemployed,unemployed,0,0,0
41,arts,salaried,it,109774,1,0
85,business,self business,it,138922,1,1
78,arts,unemployed,unemployed,0,0,0
46,business,contractual,it,112280,1,0
46,stem,self business,arts,137431,0,0
59,business,contractual,health,138245,0,0
89,arts,contractual,health,0,1,1
60,stem,contractual,arts,110601,0,0
45,law,unemployed,unemployed,0,0,0
78,stem,salaried,health,129115,1,1
60,stem,self business,law,143900,0,0
67,stem,contractual,law,85714,1,0
46,law,self business,transportation,114865,1,0
67,law,salaried,it,135882,1,0
67,business,unemployed,unemployed,0,1,0
61,business,self business,transportation,43652,1,0
54,stem,salaried,arts,112374,1,0
60,arts,contractual,arts,110801,1,0
40,law,self business,engineering,90649,0,0
63,business,salaried,engineering,118312,1,0
73,business,self business,transportation,80767,1,0
75,business,salaried,engineering,58777,0,0
82,law,self business,health,46776,1,1
63,stem,self business,arts,40829,0,0
63,business,salaried,accounting,43088,1,0
66,arts,unemployed,unemployed,53408,1,0
46,law,unemployed,unemployed,0,1,0
84,business,salaried,transportation,109366,1,1
72,business,unemployed,unemployed,134413,0,0
85,arts,contractual,law,117062,1,1
53,business,salaried,arts,59724,1,0
41,arts,unemployed,unemployed,0,1,0
82,arts,salaried,law,0,1,1
79,law,contractual,arts,147818,1,0
58,arts,salaried,arts,140981,1,0
82,stem,self business,arts,0,1,1
67,business,unemployed,unemployed,0,0,0
81,stem,salaried,arts,0,1,1
41,arts,contractual,transportation,86288,1,0
84,stem,contractual,law,101838,1,1
73,arts,self business,engineering,108200,1,0
41,arts,contractual,it,79822,0,0
70,business,unemployed,unemployed,0,0,0
82,arts,salaried,arts,140010,1,1
54,business,unemployed,unemployed,0,1,0
72,stem,unemployed,unemployed,84291,1,0
67,business,unemployed,unemployed,0,0,0
52,law,contractual,transportation,60440,0,0
66,stem,self business,arts,49326,0,0
68,law,unemployed,unemployed,0,0,0
41,arts,contractual,arts,119286,0,0
52,business,self business,law,107037,0,0
64,law,salaried,health,127737,1,0
62,arts,salaried,arts,45796,0,0
53,stem,self business,arts,75169,0,0
80,arts,salaried,transportation,134606,0,0
54,arts,salaried,transportation,79064,0,0
67,law,unemployed,unemployed,97882,1,0
49,law,unemployed,unemployed,0,0,0
87,business,contractual,engineering,113344,1,1
61,law,contractual,health,87057,0,0
41,law,self business,arts,42474,1,0
42,arts,self business,arts,128337,1,0
44,law,self business,accounting,88931,0,0
71,law,contractual,transportation,0,1,1
63,arts,unemployed,unemployed,0,1,0
89,stem,self business,accounting,0,1,1
69,arts,unemployed,unemployed,0,0,0
45,law,unemployed,unemployed,0,0,0
41,law,contractual,transportation,119794,1,0
51,stem,self business,accounting,141696,0,0
81,law,self business,law,0,1,1
48,law,contractual,transportation,43922,0,0
75,law,salaried,accounting,111714,0,0
49,law,contractual,accounting,101682,1,0
89,stem,self business,transportation,110796,1,1
59,arts,salaried,arts,107457,0,0
46,law,salaried,accounting,93815,1,0
65,business,salaried,health,146626,0,0
76,stem,self business,health,79637,1,1
44,stem,unemployed,unemployed,0,0,0
58,arts,salaried,health,96570,0,0
79,stem,salaried,it,95144,1,1
49,law,unemployed,unemployed,0,0,0
84,business,contractual,arts,71178,1,1
42,business,unemployed,unemployed,0,1,0
66,business,salaried,it,122095,1,0
50,arts,self business,transportation,65762,0,0
75,law,unemployed,unemployed,0,1,0
78,arts,contractual,law,93510,1,0
54,stem,self business,transportation,136772,0,0
55,arts,self business,transportation,147336,1,0
75,stem,self business,it,98817,1,0
46,stem,salaried,it,55091,0,0
50,stem,self business,law,108906,0,0
72,arts,contractual,accounting,81085,0,0
72,law,unemployed,unemployed,122389,1,0
56,stem,contractual,arts,93120,1,0
44,arts,self business,law,122153,0,0
78,law,self business,transportation,78570,0,0
61,arts,salaried,transportation,76316,0,0
75,business,salaried,transportation,116215,1,1
70,stem,self business,accounting,132908,1,1
80,stem,self business,law,0,1,1
71,stem,self business,transportation,0,1,1
51,business,unemployed,unemployed,0,0,0
73,business,salaried,engineering,109335,0,0
80,business,salaried,accounting,134059,1,1
58,stem,self business,it,112225,1,0
79,law,salaried,engineering,57700,0,0
83,arts,contractual,engineering,66382,1,1
83,stem,self business,engineering,131945,1,1
50,arts,self business,law,124692,0,0
56,business,salaried,transportation,138668,0,0
40,stem,self business,accounting,120158,1,0
79,business,unemployed,unemployed,144591,1,0
69,arts,unemployed,unemployed,0,0,0
55,law,self business,law,89467,1,0
57,arts,self business,it,85873,0,0
89,stem,salaried,health,0,1,1
46,arts,contractual,transportation,106767,0,0
59,law,self business,arts,63325,0,0
62,arts,contractual,transportation,105662,0,0
89,law,contractual,engineering,49353,1,1
86,business,self business,health,110401,1,1
47,business,self business,law,139301,1,0
76,stem,contractual,law,55376,1,0
89,business,self business,accounting,136134,1,1
58,arts,salaried,law,126552,1,0
53,business,self business,engineering,93864,0,0
69,law,contractual,it,101798,0,0
87,law,self business,it,0,1,1
51,law,salaried,health,68677,1,0
48,law,contractual,arts,122167,0,0
63,law,salaried,it,121182,1,0
48,law,self business,accounting,143868,1,0
64,business,unemployed,unemployed,0,1,0
69,business,unemployed,unemployed,0,1,0
78,business,contractual,accounting,143574,1,0
62,arts,unemployed,unemployed,0,1,0
83,arts,contractual,health,81760,1,1
63,stem,salaried,transportation,139934,1,0
68,business,contractual,health,102450,0,0
46,arts,contractual,health,118643,1,0
70,arts,unemployed,unemployed,0,0,0
79,law,self business,it,117823,1,1
48,law,salaried,arts,86661,1,0
68,stem,self business,accounting,127269,0,0
56,stem,unemployed,unemployed,0,1,0
62,business,contractual,it,113560,1,0
63,arts,contractual,health,43968,1,0
82,law,contractual,accounting,0,1,1
61,arts,contractual,transportation,126143,0,0
89,arts,salaried,it,133427,1,1
47,stem,contractual,arts,93846,0,0
62,law,self business,law,95355,1,0
61,stem,self business,transportation,101607,1,0
67,arts,self business,arts,136451,0,0
63,law,unemployed,unemployed,0,0,0
79,stem,salaried,health,129775,1,1
61,stem,contractual,it,122738,1,0
63,law,contractual,arts,144574,1,0
80,stem,unemployed,unemployed,117298,0,0
82,law,self business,health,135836,1,1
44,arts,contractual,health,134086,0,0
86,business,salaried,law,90846,1,1
45,stem,contractual,it,122343,1,0
89,stem,salaried,arts,130572,1,1
47,business,salaried,it,55904,1,0
58,arts,unemployed,unemployed,0,1,0
50,arts,self business,health,119038,0,0
86,arts,salaried,engineering,92584,1,1
78,stem,contractual,health,100872,1,1
66,stem,self business,health,58773,1,0
41,stem,unemployed,unemployed,0,0,0
76,business,unemployed,unemployed,0,1,0
43,law,contractual,engineering,132057,1,0
59,stem,self business,arts,47980,1,0
50,law,unemployed,unemployed,0,0,0
83,law,contractual,it,89187,1,1
46,stem,unemployed,unemployed,120609,1,0
45,law,unemployed,unemployed,0,0,0
57,stem,unemployed,unemployed,0,1,0
80,business,self business,it,149470,1,1
61,stem,self business,accounting,122161,1,0
45,law,contractual,transportation,71142,0,0
75,stem,salaried,arts,87669,0,0
76,business,self business,health,108772,0,0
74,arts,contractual,engineering,91313,1,1
52,arts,self business,engineering,76649,1,0
82,law,self business,transportation,0,1,1
86,stem,contractual,health,101964,1,1
73,arts,self business,it,119539,1,0
70,business,salaried,engineering,80559,1,1
61,law,unemployed,unemployed,0,0,0
67,stem,unemployed,unemployed,72199,1,0
49,arts,unemployed,unemployed,0,1,0
88,arts,self business,arts,89484,1,1
59,business,unemployed,unemployed,0,0,0
63,arts,salaried,law,68071,1,0
45,arts,unemployed,unemployed,0,0,0
76,stem,self business,arts,40195,0,0
85,business,contractual,engineering,104798,1,1
55,stem,contractual,law,141192,0,0
52,business,unemployed,unemployed,0,1,0
72,stem,unemployed,unemployed,0,0,0
89,stem,self business,it,114265,1,1
73,stem,unemployed,unemployed,61572,0,0
77,law,salaried,health,48707,1,1
79,law,salaried,accounting,42957,1,0
89,stem,contractual,law,0,1,1
82,arts,self business,accounting,82764,1,1
50,business,contractual,transportation,86630,0,0
66,business,contractual,transportation,48060,1,0
40,law,unemployed,unemployed,0,1,0
82,stem,salaried,law,143879,1,1
86,arts,salaried,accounting,56336,1,1
64,law,unemployed,unemployed,0,0,0
53,business,unemployed,unemployed,0,1,0
45,law,unemployed,unemployed,0,1,0
46,business,self business,engineering,74817,1,0
48,law,contractual,it,101256,0,0
44,law,self business,transportation,127989,0,0
82,business,contractual,accounting,90159,1,1
62,law,salaried,transportation,67995,1,0
64,business,salaried,health,134958,0,0
57,stem,contractual,arts,135951,0,0
77,stem,self business,health,76726,1,1
44,business,unemployed,unemployed,0,0,0
45,business,salaried,engineering,46879,1,0
64,arts,salaried,law,86907,1,0
64,stem,unemployed,unemployed,0,0,0
60,business,salaried,transportation,146550,0,0
76,stem,unemployed,unemployed,0,1,0
74,business,contractual,engineering,144384,0,0
42,business,self business,law,138499,0,0
86,business,salaried,health,100942,1,1
76,arts,self business,accounting,89074,1,0
40,arts,self business,transportation,100519,1,0
86,stem,salaried,health,83677,1,1
70,business,self business,it,103140,1,0
45,stem,unemployed,unemployed,0,1,0
51,stem,contractual,accounting,70395,1,0
58,stem,self business,arts,95975,1,0
52,business,self business,it,133959,0,0
68,arts,salaried,arts,94852,1,0
80,stem,self business,health,51484,1,0
62,business,contractual,accounting,55590,1,0
56,law,self business,health,62064,0,0
65,business,unemployed,unemployed,0,0,0
78,business,contractual,law,104089,0,0
89,stem,salaried,transportation,0,1,1
55,business,contractual,it,118158,1,0
85,arts,contractual,accounting,0,1,1
75,stem,salaried,law,135507,0,0
41,business,contractual,accounting,46071,0,0
79,arts,salaried,accounting,130134,0,0
43,business,contractual,accounting,142120,0,0
64,arts,unemployed,unemployed,0,0,0
57,arts,unemployed,unemployed,0,1,0
51,business,salaried,arts,111547,1,0
59,stem,self business,law,48229,0,0
42,business,unemployed,unemployed,0,0,0
44,arts,self business,arts,53044,0,0
51,stem,contractual,transportation,65442,0,0
86,arts,contractual,transportation,143527,1,1
83,stem,contractual,arts,0,1,1
57,arts,self business,it,93561,1,0
61,law,unemployed,unemployed,54662,1,0
45,law,self business,engineering,42881,0,0
81,law,salaried,law,51213,1,1
76,arts,salaried,arts,90007,1,0
46,law,unemployed,unemployed,57974,1,0
51,arts,salaried,it,120944,0,0
46,arts,self business,law,45236,1,0
79,law,salaried,accounting,141131,1,0
60,arts,unemployed,unemployed,0,0,0
61,stem,contractual,law,67972,1,0
76,business,unemployed,unemployed,0,0,0
54,stem,contractual,accounting,144599,1,0
40,law,unemployed,unemployed,0,1,0
88,stem,self business,it,0,1,1
87,business,salaried,engineering,130876,1,1
69,business,contractual,arts,147881,1,0
65,business,salaried,health,145214,1,0
46,arts,unemployed,unemployed,0,1,0
70,arts,contractual,arts,69377,0,0
70,arts,unemployed,unemployed,0,1,0
59,business,contractual,it,114441,0,0
71,law,salaried,health,66999,1,0
72,law,self business,health,146062,1,1
55,stem,salaried,engineering,71327,1,0
48,law,unemployed,unemployed,0,0,0
42,law,salaried,transportation,46375,1,0
53,law,self business,health,88469,0,0
42,arts,salaried,law,82509,1,0
49,business,salaried,accounting,73389,0,0
66,business,salaried,arts,71276,0,0
45,law,contractual,law,142722,0,0
56,business,unemployed,unemployed,0,0,0
42,law,unemployed,unemployed,0,0,0
77,stem,contractual,it,123295,0,0
66,arts,salaried,accounting,45390,1,0
89,arts,self business,health,110728,1,1
75,business,unemployed,unemployed,0,0,0
43,law,salaried,accounting,97500,1,0
80,law,contractual,it,49417,0,0
52,stem,self business,arts,132056,1,0
76,business,unemployed,unemployed,0,1,0
54,stem,unemployed,unemployed,0,0,0
69,arts,self business,it,79585,0,0
45,arts,unemployed,unemployed,0,0,0
71,law,salaried,law,108696,0,0
86,arts,self business,accounting,102138,1,1
41,stem,unemployed,unemployed,0,1,0
61,business,unemployed,unemployed,0,1,0
58,business,self business,arts,79222,0,0
42,stem,contractual,law,68524,1,0
83,business,self business,health,112692,1,1
41,business,unemployed,unemployed,78221,1,0
44,business,self business,engineering,143013,1,0
46,arts,contractual,transportation,98124,0,0
76,business,self business,it,58275,1,1
79,stem,unemployed,unemployed,0,0,0
80,law,salaried,it,136432,1,1
56,business,self business,law,61193,1,0
73,arts,self business,health,149263,1,1
88,business,contractual,it,113830,1,1
52,stem,contractual,engineering,83082,1,0
45,stem,self business,law,126286,0,0
78,stem,unemployed,unemployed,0,1,0
75,law,self business,it,74640,1,0
68,arts,salaried,accounting,93391,1,0
70,stem,contractual,transportation,0,1,1
61,business,unemployed,unemployed,0,1,0
85,law,contractual,health,0,1,1
66,business,unemployed,unemployed,0,1,0
55,stem,contractual,transportation,93695,1,0
87,stem,contractual,it,145508,1,1
89,business,self business,arts,133873,1,1
65,arts,unemployed,unemployed,0,1,0
49,arts,self business,engineering,108876,1,0
70,business,unemployed,unemployed,0,0,0
78,stem,salaried,health,82143,0,0
57,arts,self business,it,138772,1,0
42,stem,self business,engineering,40027,1,0
51,business,salaried,law,112851,0,0
73,law,contractual,health,73538,1,0
63,stem,unemployed,unemployed,0,1,0
55,arts,unemployed,unemployed,0,0,0
56,business,self business,arts,60731,1,0
46,law,salaried,it,92434,0,0
66,stem,unemployed,unemployed,0,0,0
46,arts,contractual,engineering,124110,0,0
76,business,unemployed,unemployed,0,0,0
82,stem,salaried,it,131209,1,1
69,business,self business,arts,41844,1,0
65,business,contractual,health,42748,0,0
88,business,self business,engineering,0,1,1
88,arts,self business,arts,96668,1,1
69,arts,unemployed,unemployed,149795,0,0
44,arts,self business,law,80364,0,0
47,business,unemployed,unemployed,0,0,0
40,business,contractual,transportation,82426,0,0
86,arts,contractual,engineering,70131,1,1
66,stem,salaried,accounting,85776,0,0
83,law,salaried,arts,142211,1,1
82,business,salaried,it,59795,1,1
84,law,salaried,engineering,124973,1,1
53,stem,contractual,accounting,75916,0,0
76,law,self business,engineering,148832,0,0
64,stem,unemployed,unemployed,0,0,0
52,business,self business,accounting,115211,0,0
50,stem,unemployed,unemployed,0,1,0
82,arts,salaried,accounting,93579,1,1
64,arts,unemployed,unemployed,87498,1,0
68,law,salaried,health,75216,0,0
67,law,self business,it,96286,0,0
79,arts,salaried,engineering,41475,1,1
43,arts,unemployed,unemployed,0,0,0
49,stem,self business,law,85462,0,0
71,law,self business,engineering,50145,0,0
53,business,unemployed,unemployed,0,1,0
86,stem,self business,law,91047,1,1
86,arts,contractual,arts,0,1,1
83,law,contractual,health,139001,1,1
70,arts,unemployed,unemployed,0,0,0
67,business,salaried,law,130694,0,0
60,stem,salaried,engineering,98462,0,0
45,stem,contractual,health,125532,1,0
52,arts,self business,law,40741,1,0
86,law,contractual,health,136246,1,1
66,law,contractual,health,92707,1,0
59,arts,self business,transportation,61411,0,0
71,law,salaried,engineering,0,1,1
66,stem,unemployed,unemployed,0,0,0
76,arts,contractual,engineering,46236,0,0
88,arts,salaried,transportation,83715,1,1
43,business,unemployed,unemployed,0,0,0
42,law,unemployed,unemployed,0,1,0
54,law,salaried,law,78631,1,0
47,law,unemployed,unemployed,0,1,0
48,law,salaried,arts,64202,0,0
59,stem,contractual,accounting,90505,0,0
52,business,self business,transportation,83610,1,0
81,law,salaried,transportation,76298,1,1
83,stem,salaried,engineering,0,1,1
69,business,unemployed,unemployed,0,1,0
51,law,unemployed,unemployed,0,1,0
66,business,contractual,transportation,78193,0,0
43,business,unemployed,unemployed,78693,1,0
75,arts,self business,accounting,60810,1,0
45,law,contractual,engineering,64467,1,0
43,arts,contractual,it,103328,1,0
77,stem,self business,health,91945,0,0
47,stem,unemployed,unemployed,129638,0,0
40,law,unemployed,unemployed,0,0,0
89,law,self business,accounting,51167,1,1
53,stem,unemployed,unemployed,61279,1,0
74,arts,self business,it,77336,1,0
50,arts,unemployed,unemployed,92455,1,0
73,stem,salaried,accounting,43943,1,1
71,business,unemployed,unemployed,0,1,0
79,stem,salaried,accounting,86325,1,0
53,law,salaried,health,103267,0,0
76,business,contractual,transportation,129439,0,0
62,stem,salaried,it,74835,0,0
40,law,unemployed,unemployed,0,0,0
89,law,contractual,health,60368,1,1
71,law,unemployed,unemployed,0,0,0
87,law,self business,health,48103,1,1
89,law,self business,accounting,45377,1,1
48,stem,salaried,transportation,119179,0,0
68,arts,self business,accounting,141994,1,0
80,business,contractual,health,77389,1,1
78,business,unemployed,unemployed,0,1,0
80,business,self business,it,56063,1,1
44,business,unemployed,unemployed,0,0,0
74,stem,contractual,health,50274,0,0
79,law,self business,arts,114924,1,1
51,stem,contractual,engineering,57895,1,0
44,business,salaried,engineering,142039,0,0
71,business,salaried,engineering,99438,1,0
74,business,self business,law,106438,1,1
88,arts,self business,law,96212,1,1
84,law,contractual,health,131070,1,1
64,business,unemployed,unemployed,0,0,0
76,law,contractual,arts,48303,1,0
48,arts,unemployed,unemployed,0,0,0
87,law,salaried,arts,81946,1,1
46,arts,salaried,transportation,146573,0,0
59,stem,unemployed,unemployed,0,1,0
88,business,contractual,law,0,1,1
87,business,salaried,accounting,101012,1,1
82,law,contractual,health,87665,1,1
83,arts,self business,law,146093,1,1
88,stem,contractual,law,51514,1,1
76,law,contractual,health,144331,1,1
61,arts,self business,arts,50199,1,0
67,arts,salaried,it,42992,1,0
43,arts,self business,it,54990,0,0
52,business,salaried,law,116952,0,0
60,stem,unemployed,unemployed,53003,0,0
72,business,contractual,engineering,136971,1,1
45,business,unemployed,unemployed,40383,0,0
53,arts,contractual,arts,54398,0,0
71,stem,contractual,accounting,0,1,1
57,stem,contractual,law,139716,1,0
51,stem,unemployed,unemployed,0,1,0
69,business,self business,engineering,44782,0,0
44,stem,unemployed,unemployed,0,1,0
56,business,self business,law,93976,0,0
53,stem,salaried,arts,149516,1,0
86,arts,self business,transportation,60897,1,1
88,stem,salaried,arts,73046,1,1
46,business,salaried,health,100463,1,0
54,law,contractual,engineering,121090,1,0
70,law,contractual,it,69101,0,0
77,stem,contractual,engineering,129741,0,0
79,stem,unemployed,unemployed,104830,0,0
81,arts,contractual,arts,59581,1,1
71,business,contractual,law,149526,0,0
69,stem,self business,arts,67637,0,0
66,law,contractual,arts,44812,0,0
46,business,unemployed,unemployed,0,0,0
55,law,unemployed,unemployed,0,0,0
47,law,contractual,engineering,98800,0,0
75,business,salaried,it,136943,0,0
50,law,salaried,health,140715,1,0
55,arts,unemployed,unemployed,0,0,0
72,stem,self business,law,126932,0,0
58,business,contractual,health,80789,1,0
82,stem,salaried,arts,139614,1,1
86,business,self business,accounting,58687,1,1
52,stem,unemployed,unemployed,0,0,0
48,arts,unemployed,unemployed,0,0,0
72,business,contractual,it,43829,1,1
89,business,self business,it,0,1,1
62,law,self business,law,103452,1,0
62,law,salaried,it,76450,1,0
40,business,self business,accounting,76940,0,0
69,stem,salaried,transportation,83505,0,0
42,stem,salaried,it,105950,1,0
64,arts,contractual,arts,98314,0,0
87,business,self business,transportation,69668,1,1
81,arts,self business,law,133244,1,1
79,law,unemployed,unemployed,139976,0,0
87,business,self business,engineering,42091,1,1
42,business,self business,engineering,97419,1,0
65,law,contractual,arts,71971,1,0
41,business,unemployed,unemployed,0,1,0
56,business,salaried,transportation,129759,0,0
80,law,unemployed,unemployed,69627,0,0
55,law,unemployed,unemployed,0,0,0
51,business,unemployed,unemployed,0,0,0
88,arts,contractual,law,137607,1,1
53,law,unemployed,unemployed,0,0,0
46,arts,unemployed,unemployed,0,1,0
51,business,contractual,health,129293,0,0
51,stem,contractual,law,83651,0,0
87,arts,salaried,accounting,0,1,1
60,business,unemployed,unemployed,0,1,0
78,law,contractual,arts,113822,0,0
63,business,unemployed,unemployed,0,0,0
44,stem,salaried,engineering,86152,0,0
62,arts,contractual,it,113932,1,0
64,stem,contractual,accounting,69073,0,0
60,stem,unemployed,unemployed,0,0,0
89,stem,salaried,arts,45834,1,1
46,business,unemployed,unemployed,0,0,0
46,business,unemployed,unemployed,0,1,0
64,business,contractual,accounting,114382,1,0
43,stem,self business,arts,86193,0,0
63,business,contractual,law,148916,0,0
80,stem,self business,health,120626,1,0
45,arts,unemployed,unemployed,0,1,0
40,arts,self business,transportation,73051,0,0
70,business,unemployed,unemployed,0,1,0
63,arts,salaried,transportation,115032,0,0
48,stem,self business,health,87945,0,0
42,business,self business,health,133736,0,0
71,business,contractual,accounting,132810,0,0
74,stem,self business,transportation,141666,1,1
45,stem,self business,arts,44684,1,0
82,business,self business,arts,73452,1,1
87,arts,contractual,it,130632,1,1
81,business,self business,law,47839,1,1
56,law,self business,engineering,86317,1,0
55,stem,unemployed,unemployed,0,1,0
54,law,self business,engineering,87200,1,0
68,law,self business,transportation,53109,0,0
84,business,self business,it,84871,1,1
64,law,contractual,it,113319,0,0
84,arts,salaried,it,142535,1,1
64,stem,contractual,health,44249,0,0
71,business,salaried,law,102312,1,1
49,stem,salaried,accounting,82921,1,0
59,law,unemployed,unemployed,0,1,0
46,arts,salaried,it,120602,0,0
70,business,unemployed,unemployed,0,0,0
72,arts,unemployed,unemployed,0,1,0
51,law,self business,law,123140,0,0
52,law,salaried,transportation,74604,0,0
76,arts,contractual,it,91124,0,0
50,law,salaried,it,145285,1,0
61,law,contractual,arts,83286,0,0
69,arts,self business,law,94143,0,0
81,arts,salaried,accounting,111252,1,1
59,business,self business,it,81131,0,0
73,arts,unemployed,unemployed,0,1,0
69,arts,unemployed,unemployed,0,0,0
80,law,unemployed,unemployed,0,0,0
61,stem,unemployed,unemployed,0,1,0
42,law,contractual,it,84266,0,0
62,business,salaried,it,60295,1,0
64,law,self business,engineering,149988,1,0
64,arts,self business,transportation,82083,1,0
78,law,salaried,transportation,54780,1,1
78,arts,unemployed,unemployed,0,0,0
65,arts,salaried,transportation,93950,0,0
81,stem,self business,health,80056,1,1
41,stem,unemployed,unemployed,0,0,0
74,law,contractual,it,135825,0,0
79,arts,salaried,health,55048,1,0
45,business,contractual,engineering,42432,1,0
85,law,contractual,law,143601,1,1
44,stem,salaried,transportation,47856,1,0
79,arts,unemployed,unemployed,0,0,0
52,stem,salaried,it,46405,1,0
46,stem,self business,law,129685,0,0
82,arts,contractual,accounting,0,1,1
71,business,unemployed,unemployed,0,1,0
88,arts,self business,accounting,0,1,1
45,stem,contractual,health,42757,1,0
89,law,salaried,law,127668,1,1
74,stem,unemployed,unemployed,0,1,0
59,arts,contractual,engineering,143679,0,0
74,arts,unemployed,unemployed,140326,0,0
75,business,self business,health,121290,0,0
42,business,salaried,it,53589,0,0
69,stem,salaried,arts,118469,0,0
45,business,salaried,engineering,47832,0,0
85,business,self business,engineering,130142,1,1
48,arts,unemployed,unemployed,0,1,0
73,stem,self business,engineering,85710,1,0
89,arts,self business,arts,104260,1,1
79,arts,self business,health,92612,0,0
72,business,unemployed,unemployed,0,1,0
51,stem,salaried,it,140191,0,0
46,stem,self business,health,127121,0,0
89,law,self business,engineering,122865,1,1
60,stem,contractual,transportation,95608,0,0
74,stem,salaried,arts,92420,1,0
84,stem,contractual,transportation,87786,1,1
63,arts,self business,accounting,45788,0,0
53,business,contractual,arts,42692,1,0
83,arts,salaried,it,67210,1,1
88,stem,self business,it,139374,1,1
40,arts,self business,law,81932,1,0
51,business,unemployed,unemployed,0,1,0
88,arts,salaried,health,0,1,1
51,arts,unemployed,unemployed,0,1,0
51,stem,salaried,it,53669,0,0
62,law,self business,health,114845,0,0
62,business,self business,transportation,145831,0,0
50,arts,salaried,health,44757,0,0
83,arts,contractual,it,140634,1,1
70,business,unemployed,unemployed,119269,0,0
84,arts,contractual,arts,131836,1,1
64,stem,contractual,engineering,95470,1,0
89,stem,self business,law,44344,1,1
64,arts,salaried,engineering,69245,0,0
83,stem,contractual,transportation,70385,1,1
86,law,contractual,health,48244,1,1
45,business,unemployed,unemployed,0,0,0
44,arts,self business,it,146487,0,0
68,law,self business,transportation,63266,0,0
70,law,contractual,accounting,92329,0,0
45,arts,contractual,health,80863,1,0
78,business,contractual,law,82475,1,0
73,arts,contractual,health,148208,0,0
43,stem,salaried,it,68168,0,0
58,arts,self business,it,108819,1,0
82,stem,salaried,accounting,78930,1,1
87,stem,salaried,it,0,1,1
48,arts,contractual,law,123781,0,0
70,stem,self business,health,99500,0,0
80,law,self business,law,64813,1,1
68,law,contractual,engineering,74986,1,0
76,stem,salaried,engineering,141861,1,1
68,business,unemployed,unemployed,55682,0,0
43,stem,contractual,health,49394,0,0
57,stem,contractual,law,86596,1,0
42,arts,self business,arts,137385,0,0
63,law,unemployed,unemployed,0,1,0
81,law,salaried,engineering,65027,1,1
57,business,unemployed,unemployed,0,1,0
45,law,unemployed,unemployed,0,1,0
51,law,self business,it,116393,0,0
54,law,salaried,transportation,95595,1,0
42,stem,unemployed,unemployed,0,1,0
56,arts,salaried,transportation,93448,0,0
76,arts,salaried,law,127020,1,0
63,law,unemployed,unemployed,117992,0,0
74,stem,self business,transportation,117859,0,0
50,law,unemployed,unemployed,0,1,0
45,law,unemployed,unemployed,0,1,0
65,stem,salaried,it,89593,0,0
41,law,self business,it,116164,0,0
55,law,contractual,health,95260,1,0
42,stem,unemployed,unemployed,0,0,0
84,arts,contractual,health,128385,1,1
80,stem,salaried,arts,60589,1,1
46,business,unemployed,unemployed,0,1,0
42,law,contractual,engineering,144194,1,0
41,business,contractual,it,84877,1,0
81,stem,self business,transportation,51907,1,1
55,stem,unemployed,unemployed,0,1,0
88,law,salaried,law,0,1,1
66,business,contractual,it,120789,1,0
56,stem,unemployed,unemployed,0,0,0
83,business,contractual,health,144315,1,1
61,law,unemployed,unemployed,0,1,0
74,business,unemployed,unemployed,0,0,0
85,business,self business,transportation,123974,1,1
62,law,unemployed,unemployed,62217,1,0
46,business,unemployed,unemployed,0,1,0
42,arts,self business,it,65488,0,0
48,arts,unemployed,unemployed,0,0,0
82,arts,self business,arts,0,1,1
69,stem,self business,law,52278,0,0
84,stem,salaried,arts,135092,1,1
76,stem,self business,arts,118158,1,1
77,law,self business,health,131168,1,0
56,business,unemployed,unemployed,0,1,0
85,arts,self business,it,111288,1,1
77,stem,self business,health,97032,1,0
66,law,salaried,law,129812,1,0
63,business,unemployed,unemployed,41410,0,0
83,stem,salaried,transportation,61587,1,1
48,stem,unemployed,unemployed,98622,0,0
70,stem,contractual,it,60341,1,1
66,arts,contractual,engineering,87118,1,0
45,arts,unemployed,unemployed,0,1,0
83,law,salaried,health,41521,1,1
48,arts,contractual,accounting,131202,1,0
48,business,self business,accounting,134667,0,0
48,stem,contractual,arts,110925,0,0
48,stem,self business,arts,71380,0,0
60,stem,contractual,arts,86345,0,0
46,law,salaried,engineering,116495,0,0
47,stem,unemployed,unemployed,0,0,0
43,business,unemployed,unemployed,0,1,0
42,law,salaried,accounting,127194,1,0
48,business,salaried,engineering,69134,1,0
62,arts,salaried,arts,87825,1,0
45,arts,contractual,health,108408,0,0
81,arts,self business,it,62676,1,1
89,arts,contractual,engineering,86407,1,1
48,arts,unemployed,unemployed,0,0,0
70,law,salaried,arts,143316,0,0
85,business,salaried,health,142027,1,1
46,arts,self business,transportation,71347,0,0
84,stem,salaried,health,54776,1,1
81,arts,contractual,transportation,0,1,1
65,business,self business,accounting,75449,0,0
61,arts,unemployed,unemployed,0,0,0
80,business,unemployed,unemployed,0,1,0
88,law,contractual,accounting,126924,1,1
84,law,contractual,health,127783,1,1
66,business,contractual,it,53546,1,0
88,stem,salaried,engineering,109330,1,1
53,business,salaried,arts,91181,0,0
75,stem,unemployed,unemployed,0,0,0
43,business,contractual,health,108059,0,0
66,stem,unemployed,unemployed,0,1,0
69,arts,salaried,engineering,65543,1,0
69,stem,salaried,it,50032,0,0
40,law,contractual,law,78076,1,0
46,business,contractual,accounting,118661,1,0
64,arts,unemployed,unemployed,0,0,0
79,stem,salaried,health,41668,1,0
88,arts,contractual,accounting,147237,1,1
86,arts,self business,engineering,122736,1,1
69,arts,salaried,transportation,117826,0,0
51,business,self business,transportation,51834,0,0
48,stem,self business,arts,140961,1,0
67,stem,unemployed,unemployed,0,1,0
72,arts,salaried,transportation,139636,0,0
70,stem,unemployed,unemployed,0,1,0
50,law,self business,it,58803,0,0
51,law,contractual,it,96633,1,0
56,law,self business,engineering,60197,1,0
45,business,salaried,engineering,119618,0,0
61,law,contractual,arts,55271,1,0
56,stem,contractual,transportation,73682,1,0
61,business,unemployed,unemployed,0,1,0
61,stem,unemployed,unemployed,0,0,0
63,business,unemployed,unemployed,0,1,0
49,law,unemployed,unemployed,95003,0,0
88,law,self business,it,0,1,1
65,arts,unemployed,unemployed,107020,0,0
45,business,unemployed,unemployed,0,1,0
88,law,contractual,transportation,115337,1,1
58,arts,salaried,transportation,121919,1,0
59,law,salaried,arts,93009,1,0
88,business,self business,health,119252,1,1
87,business,self business,engineering,0,1,1
53,business,self business,engineering,52069,1,0
69,law,salaried,law,121120,0,0
88,arts,self business,transportation,126326,1,1
44,law,unemployed,unemployed,47274,1,0
59,law,unemployed,unemployed,81721,0,0
78,law,salaried,transportation,135125,0,0
87,arts,salaried,it,0,1,1
67,stem,self business,arts,92748,0,0
46,stem,contractual,accounting,94609,0,0
57,stem,unemployed,unemployed,0,1,0
42,arts,contractual,transportation,128204,0,0
54,stem,salaried,law,59565,1,0
73,arts,salaried,transportation,64881,1,0
72,arts,contractual,it,85717,1,1
66,arts,unemployed,unemployed,0,1,0
69,law,salaried,engineering,67769,1,0
53,arts,contractual,accounting,77796,0,0
57,arts,self business,transportation,90682,0,0
53,law,contractual,it,62272,1,0
84,arts,salaried,arts,142979,1,1
64,arts,contractual,it,102823,1,0
62,stem,salaried,transportation,121722,1,0
53,arts,unemployed,unemployed,0,1,0
40,arts,contractual,health,81851,0,0
89,law,self business,it,0,1,1
85,stem,contractual,transportation,87488,1,1
47,stem,unemployed,unemployed,0,0,0
68,arts,contractual,law,97896,0,0
68,arts,unemployed,unemployed,0,0,0
59,stem,salaried,transportation,116239,1,0
73,stem,salaried,transportation,45398,0,0
68,law,contractual,it,65114,1,0
48,law,unemployed,unemployed,0,1,0
81,law,contractual,law,122071,1,1
75,business,unemployed,unemployed,0,0,0
61,law,self business,accounting,94268,0,0
59,arts,unemployed,unemployed,0,1,0
64,stem,salaried,transportation,66405,1,0
63,arts,salaried,health,98006,0,0
76,arts,salaried,law,132629,0,0
74,business,self business,it,135051,1,0
69,stem,contractual,health,68784,0,0
45,law,salaried,transportation,109347,1,0
45,business,unemployed,unemployed,123407,1,0
66,stem,self business,arts,104490,0,0
52,arts,contractual,it,83665,1,0
63,arts,contractual,engineering,145296,1,0
65,arts,unemployed,unemployed,0,1,0
86,business,self business,arts,51378,1,1
54,stem,unemployed,unemployed,0,0,0
84,business,contractual,it,129713,1,1
79,stem,contractual,transportation,101342,1,0
49,stem,salaried,arts,111477,1,0
44,law,unemployed,unemployed,0,0,0
40,stem,salaried,engineering,112332,0,0
54,law,unemployed,unemployed,0,0,0
87,stem,contractual,it,0,1,1
70,arts,self business,law,97526,0,0
46,business,unemployed,unemployed,43346,0,0
63,business,unemployed,unemployed,0,1,0
60,business,contractual,law,41534,0,0
48,arts,unemployed,unemployed,0,1,0
71,arts,self business,arts,140040,1,1
40,business,unemployed,unemployed,0,1,0
48,stem,unemployed,unemployed,82440,1,0
64,law,unemployed,unemployed,121565,1,0
82,stem,contractual,it,142346,1,1
52,law,unemployed,unemployed,0,1,0
53,law,contractual,law,54833,1,0
69,stem,salaried,arts,89573,1,0
83,business,contractual,engineering,85414,1,1
89,business,contractual,engineering,55725,1,1
86,stem,contractual,arts,60642,1,1
89,business,self business,arts,133411,1,1
69,business,unemployed,unemployed,0,1,0
51,business,self business,transportation,91093,1,0
40,business,self business,health,68136,1,0
62,law,salaried,transportation,116787,0,0
65,law,contractual,engineering,61221,1,0
65,business,unemployed,unemployed,0,0,0
48,business,unemployed,unemployed,0,1,0
58,business,salaried,health,107313,1,0
78,law,contractual,it,145035,0,0
57,stem,salaried,accounting,87195,1,0
82,arts,salaried,it,141491,1,1
77,stem,unemployed,unemployed,0,0,0
73,law,salaried,accounting,103298,0,0
70,business,contractual,arts,106241,0,0
44,arts,contractual,arts,96934,0,0
73,business,contractual,it,0,1,1
61,law,unemployed,unemployed,0,0,0
86,law,contractual,accounting,145020,1,1
74,law,unemployed,unemployed,0,0,0
60,business,unemployed,unemployed,0,0,0
79,business,contractual,law,0,1,1
62,law,salaried,transportation,78605,0,0
73,law,salaried,transportation,74190,0,0
81,business,self business,arts,133590,1,1
57,arts,contractual,arts,52012,0,0
83,stem,contractual,it,88308,1,1
60,law,self business,law,132128,0,0
47,stem,self business,law,135879,1,0
89,law,salaried,engineering,66566,1,1
47,law,salaried,it,130252,1,0
77,stem,salaried,health,105046,1,0
47,arts,salaried,health,132731,1,0
84,stem,contractual,law,146693,1,1
80,stem,self business,law,85822,0,0
53,business,contractual,law,74514,0,0
50,business,self business,arts,137249,0,0
51,stem,unemployed,unemployed,0,0,0
40,law,self business,engineering,66046,0,0
71,stem,self business,health,110768,0,0
63,stem,salaried,it,88087,1,0
46,business,salaried,it,55132,1,0
78,stem,contractual,law,77137,0,0
62,law,contractual,health,91953,1,0
80,arts,unemployed,unemployed,0,0,0
53,arts,unemployed,unemployed,102755,0,0
77,stem,contractual,health,75506,0,0
45,stem,salaried,it,101288,1,0
81,stem,salaried,transportation,0,1,1
82,arts,self business,it,106432,1,1
50,business,contractual,engineering,136213,0,0
80,stem,salaried,health,105147,0,0
72,arts,unemployed,unemployed,49396,0,0
42,stem,unemployed,unemployed,0,0,0
69,law,salaried,health,78881,0,0
64,law,contractual,it,68481,1,0
80,stem,contractual,law,135705,1,0
67,law,contractual,health,43410,0,0
72,law,unemployed,unemployed,0,0,0
66,stem,unemployed,unemployed,0,1,0
79,business,contractual,transportation,111130,1,1
40,business,unemployed,unemployed,69606,0,0
53,arts,unemployed,unemployed,0,0,0
58,arts,salaried,law,131590,1,0
82,stem,contractual,law,119405,1,1
50,arts,contractual,it,55216,0,0
49,arts,unemployed,unemployed,0,0,0
84,business,self business,accounting,66331,1,1
52,arts,unemployed,unemployed,0,0,0
83,business,contractual,accounting,43912,1,1
43,business,salaried,law,60269,1,0
46,stem,unemployed,unemployed,0,1,0
49,stem,self business,arts,62224,0,0
85,stem,contractual,accounting,123495,1,1
50,arts,self business,transportation,61532,0,0
76,stem,self business,transportation,0,1,1
85,law,salaried,law,119949,1,1
49,stem,unemployed,unemployed,0,1,0
62,arts,unemployed,unemployed,55580,0,0
52,business,unemployed,unemployed,104757,1,0
60,arts,self business,arts,140818,0,0
65,arts,salaried,arts,41660,1,0
58,stem,unemployed,unemployed,0,1,0
45,stem,contractual,engineering,69173,0,0
72,law,salaried,law,98729,1,0
75,business,salaried,it,59509,1,1
75,law,unemployed,unemployed,0,1,0
57,arts,unemployed,unemployed,140385,1,0
76,business,unemployed,unemployed,0,1,0
55,business,unemployed,unemployed,0,0,0
59,stem,unemployed,unemployed,0,0,0
42,arts,unemployed,unemployed,0,1,0
85,arts,salaried,accounting,134340,1,1
45,arts,unemployed,unemployed,0,0,0
58,law,self business,accounting,114107,1,0
65,stem,self business,engineering,50081,1,0
49,stem,unemployed,unemployed,56608,1,0
82,arts,salaried,arts,0,1,1
86,arts,salaried,arts,0,1,1
41,business,unemployed,unemployed,0,0,0
86,arts,self business,transportation,0,1,1
82,law,salaried,arts,95324,1,1
63,stem,unemployed,unemployed,0,0,0
46,business,unemployed,unemployed,0,1,0
40,stem,contractual,health,70871,0,0
45,stem,self business,accounting,77940,1,0
68,business,self business,health,124567,0,0
54,law,self business,engineering,110399,1,0
49,business,contractual,arts,47299,0,0
50,arts,salaried,arts,102074,0,0
60,arts,unemployed,unemployed,0,0,0
89,arts,self business,arts,81184,1,1
58,arts,unemployed,unemployed,129566,1,0
55,stem,contractual,arts,109707,1,0
72,business,unemployed,unemployed,0,1,0
54,business,salaried,it,148225,0,0
60,stem,salaried,arts,146427,1,0
72,stem,unemployed,unemployed,0,0,0
63,arts,contractual,transportation,75008,1,0
52,stem,contractual,health,140569,1,0
50,arts,salaried,law,113718,0,0
77,law,self business,arts,0,1,1
86,business,self business,arts,127227,1,1
46,business,self business,engineering,72445,1,0
85,business,self business,law,117912,1,1
59,business,self business,engineering,115130,0,0
81,law,salaried,transportation,127548,1,1
62,business,self business,law,60360,1,0
66,arts,contractual,law,135265,1,0
89,law,contractual,it,130522,1,1
53,arts,self business,law,111801,1,0
66,stem,contractual,health,109778,1,0
70,law,contractual,health,82895,1,0
47,stem,contractual,engineering,77843,1,0
72,law,contractual,transportation,128658,0,0
79,arts,unemployed,unemployed,0,0,0
71,law,self business,accounting,140759,0,0
64,law,self business,health,95886,1,0
41,stem,self business,health,81055,0,0
44,business,contractual,it,122353,1,0
71,business,contractual,arts,81727,0,0
89,business,contractual,health,0,1,1
87,arts,salaried,engineering,101560,1,1
63,business,salaried,transportation,101732,1,0
71,stem,unemployed,unemployed,0,0,0
85,arts,salaried,health,113033,1,1
73,business,unemployed,unemployed,0,0,0
83,arts,self business,engineering,146366,1,1
49,business,unemployed,unemployed,0,0,0
62,stem,unemployed,unemployed,0,0,0
82,law,contractual,it,149470,1,1
82,stem,self business,transportation,116798,1,1
75,arts,contractual,arts,47780,1,1
50,business,unemployed,unemployed,0,1,0
80,law,self business,accounting,139276,1,1
77,stem,unemployed,unemployed,0,0,0
68,arts,self business,accounting,125005,0,0
85,stem,self business,engineering,85054,1,1
54,law,unemployed,unemployed,0,0,0
54,law,unemployed,unemployed,0,1,0
48,law,salaried,law,130797,0,0
83,business,self business,it,0,1,1
85,business,salaried,transportation,116391,1,1
65,stem,contractual,transportation,120384,0,0
87,business,salaried,engineering,85651,1,1
51,arts,unemployed,unemployed,0,0,0
86,law,self business,it,50867,1,1
58,arts,salaried,law,73759,0,0
61,law,salaried,accounting,118507,1,0
78,arts,salaried,it,75711,0,0
87,law,self business,arts,95003,1,1
80,arts,salaried,it,45638,0,0
86,arts,contractual,transportation,114442,1,1
84,stem,self business,health,88109,1,1
83,arts,contractual,accounting,92514,1,1
51,law,salaried,law,108513,0,0
68,law,salaried,arts,92764,1,0
58,stem,salaried,arts,130714,0,0
49,business,contractual,accounting,63191,1,0
84,business,contractual,health,63118,1,1
46,business,contractual,transportation,60486,1,0
68,arts,self business,law,94410,0,0
58,arts,contractual,it,127180,0,0
54,business,self business,accounting,67670,0,0
40,stem,contractual,health,46093,0,0
58,arts,unemployed,unemployed,0,0,0
66,arts,contractual,accounting,135457,1,0
77,stem,self business,it,99171,0,0
45,business,unemployed,unemployed,0,1,0
77,law,contractual,law,115257,1,0
87,law,salaried,it,66494,1,1
88,business,contractual,law,0,1,1
53,stem,unemployed,unemployed,123527,0,0
63,business,unemployed,unemployed,103987,1,0
64,business,unemployed,unemployed,0,0,0
82,business,contractual,health,74384,1,1
42,stem,self business,transportation,89397,1,0
57,arts,contractual,it,103382,0,0
69,stem,contractual,transportation,89515,0,0
69,business,self business,accounting,92955,0,0
43,arts,self business,it,99977,0,0
57,stem,self business,accounting,142715,1,0
79,arts,salaried,health,54785,0,0
71,stem,self business,engineering,48057,0,0
54,stem,unemployed,unemployed,0,1,0
52,arts,unemployed,unemployed,0,0,0
59,arts,self business,engineering,131136,1,0
51,arts,salaried,health,113974,0,0
64,law,contractual,health,68570,0,0
82,arts,self business,health,132148,1,1
52,law,salaried,it,95856,1,0
85,law,contractual,engineering,126146,1,1
87,stem,salaried,accounting,0,1,1
82,business,salaried,law,0,1,1
66,arts,unemployed,unemployed,0,0,0
44,law,unemployed,unemployed,0,1,0
85,law,contractual,it,114844,1,1
64,stem,self business,arts,45422,1,0
85,law,self business,law,118833,1,1
52,arts,unemployed,unemployed,0,1,0
63,law,unemployed,unemployed,0,0,0
80,law,self business,accounting,84257,0,0
60,business,contractual,it,128878,1,0
42,law,unemployed,unemployed,0,0,0
68,law,unemployed,unemployed,0,0,0
59,stem,contractual,health,56278,1,0
42,business,self business,it,137016,1,0
52,law,contractual,arts,43758,1,0
66,law,salaried,law,85247,0,0
50,arts,contractual,law,102690,1,0
60,stem,contractual,transportation,120377,1,0
88,stem,contractual,transportation,72645,1,1
65,stem,self business,it,138239,1,0
64,stem,unemployed,unemployed,0,0,0
78,business,self business,accounting,145049,1,0
72,stem,contractual,law,85990,0,0
76,stem,salaried,accounting,64305,1,0
82,arts,contractual,accounting,70871,1,1
82,business,salaried,transportation,0,1,1
46,arts,salaried,law,88570,0,0
53,business,salaried,transportation,129625,0,0
61,arts,unemployed,unemployed,0,0,0
76,business,unemployed,unemployed,0,0,0
79,business,unemployed,unemployed,144085,0,0
80,arts,salaried,arts,140156,1,1
79,arts,salaried,health,132493,1,0
71,stem,self business,law,52950,1,0
85,stem,salaried,law,112431,1,1
64,stem,salaried,health,101287,0,0
85,law,salaried,health,0,1,1
79,business,unemployed,unemployed,0,1,0
77,stem,contractual,arts,121908,0,0
43,law,unemployed,unemployed,0,1,0
42,stem,unemployed,unemployed,0,0,0
57,law,self business,law,56096,1,0
89,business,self business,engineering,77984,1,1
55,law,self business,law,112908,0,0
64,law,unemployed,unemployed,0,1,0
42,stem,unemployed,unemployed,103960,0,0
53,arts,unemployed,unemployed,0,0,0
61,business,unemployed,unemployed,0,1,0
66,business,self business,it,98621,1,0
88,law,salaried,health,148460,1,1
74,business,unemployed,unemployed,0,1,0
42,stem,salaried,law,57218,1,0
85,law,salaried,it,135506,1,1
56,arts,salaried,transportation,61884,0,0
87,law,salaried,accounting,141206,1,1
53,business,unemployed,unemployed,0,0,0
84,law,salaried,health,0,1,1
77,law,unemployed,unemployed,0,0,0
43,business,unemployed,unemployed,0,1,0
64,business,contractual,arts,122420,1,0
40,arts,unemployed,unemployed,0,1,0
82,business,contractual,health,0,1,1
61,stem,salaried,health,56207,1,0
55,arts,salaried,transportation,40380,0,0
46,arts,contractual,it,138347,0,0
87,stem,salaried,engineering,67638,1,1
71,law,unemployed,unemployed,0,1,0
50,law,self business,law,45462,0,0
81,business,salaried,it,73673,1,1
47,law,salaried,it,99713,0,0
63,business,self business,accounting,113876,0,0
86,arts,salaried,transportation,63152,1,1
54,law,unemployed,unemployed,0,1,0
56,stem,unemployed,unemployed,0,0,0
72,law,unemployed,unemployed,0,0,0
68,stem,unemployed,unemployed,0,0,0
65,arts,contractual,it,53043,1,0
77,stem,contractual,it,144780,1,0
59,law,self business,engineering,55952,0,0
49,law,unemployed,unemployed,0,1,0
89,business,contractual,law,0,1,1
62,law,unemployed,unemployed,86283,1,0
65,arts,unemployed,unemployed,0,1,0
83,arts,salaried,it,119474,1,1
58,law,unemployed,unemployed,64055,1,0
47,business,unemployed,unemployed,0,1,0
48,arts,salaried,it,66457,1,0
87,business,self business,it,83717,1,1
45,business,unemployed,unemployed,0,0,0
87,stem,contractual,law,130190,1,1
69,law,salaried,accounting,75087,0,0
53,law,unemployed,unemployed,0,0,0
72,arts,salaried,arts,68266,0,0
62,business,salaried,law,119627,1,0
56,business,unemployed,unemployed,59416,1,0
49,law,self business,law,108833,1,0
84,arts,salaried,health,55398,1,1
61,law,self business,health,120493,1,0
60,business,unemployed,unemployed,90301,1,0
79,business,contractual,it,110061,0,0
87,law,self business,transportation,82709,1,1
87,business,salaried,accounting,0,1,1
56,law,salaried,law,43806,0,0
78,arts,contractual,engineering,0,1,1
48,business,unemployed,unemployed,0,0,0
49,business,salaried,engineering,59532,1,0
60,business,unemployed,unemployed,138773,1,0
60,arts,self business,arts,42702,0,0
44,law,salaried,accounting,107200,1,0
55,arts,salaried,law,113999,1,0
55,stem,self business,it,144639,1,0
51,business,unemployed,unemployed,92359,1,0
78,stem,unemployed,unemployed,0,0,0
43,arts,contractual,law,133178,1,0
53,stem,self business,law,54163,0,0
75,arts,self business,arts,94984,1,0
40,arts,contractual,engineering,101189,0,0
85,stem,contractual,health,63101,1,1
55,stem,contractual,accounting,58954,0,0
84,business,salaried,health,0,1,1
63,arts,unemployed,unemployed,0,1,0
77,business,contractual,accounting,82445,0,0
45,business,self business,law,58483,1,0
59,arts,contractual,law,124944,0,0
40,stem,self business,it,87530,1,0
69,law,unemployed,unemployed,0,0,0
44,arts,self business,transportation,78985,1,0
68,law,contractual,it,43502,1,0
78,stem,unemployed,unemployed,0,0,0
83,arts,self business,accounting,65215,1,1
65,law,self business,health,69628,0,0
87,stem,salaried,health,118937,1,1
82,stem,contractual,it,0,1,1
57,stem,unemployed,unemployed,0,0,0
56,arts,unemployed,unemployed,0,1,0
72,law,self business,engineering,55762,1,1
74,stem,unemployed,unemployed,0,0,0
54,stem,contractual,it,43312,1,0
78,stem,unemployed,unemployed,0,0,0
82,stem,contractual,law,124116,1,1
61,arts,self business,transportation,65927,1,0
48,business,self business,transportation,95142,0,0
82,arts,self business,health,45822,1,1
68,stem,self business,it,47868,1,0
58,law,salaried,arts,127404,1,0
69,arts,contractual,transportation,113735,0,0
74,business,contractual,health,64374,0,0
42,business,self business,accounting,57266,0,0
50,stem,contractual,arts,89034,1,0
89,law,self business,arts,116134,1,1
89,stem,contractual,transportation,140200,1,1
46,law,unemployed,unemployed,0,1,0
85,stem,salaried,accounting,131550,1,1
51,law,contractual,health,128706,1,0
73,business,self business,arts,78563,0,0
61,arts,contractual,law,59285,0,0
89,law,self business,engineering,82144,1,1
52,stem,contractual,health,133412,0,0
59,stem,contractual,accounting,95652,1,0
64,stem,contractual,law,74163,0,0
82,business,contractual,transportation,0,1,1
44,law,unemployed,unemployed,94331,1,0
80,business,contractual,law,118946,1,0
88,arts,self business,accounting,110353,1,1
55,arts,salaried,engineering,122903,0,0
87,stem,self business,law,0,1,1
83,law,salaried,transportation,0,1,1
54,law,self business,it,119030,1,0
74,law,contractual,arts,52462,0,0
77,law,self business,arts,123196,1,1
45,business,self business,engineering,71686,0,0
56,arts,unemployed,unemployed,0,1,0
48,law,salaried,engineering,45951,0,0
53,arts,unemployed,unemployed,0,0,0
47,stem,self business,it,92872,0,0
59,stem,self business,transportation,107409,0,0
84,arts,self business,transportation,0,1,1
51,law,contractual,it,107965,0,0
42,law,unemployed,unemployed,0,1,0
83,arts,self business,transportation,122713,1,1
52,arts,unemployed,unemployed,0,1,0
48,business,unemployed,unemployed,0,1,0
88,stem,contractual,health,100029,1,1
87,stem,self business,health,66556,1,1
75,arts,self business,it,123640,1,0
60,business,unemployed,unemployed,0,0,0
49,arts,contractual,arts,47079,1,0
80,business,contractual,it,48980,1,0
53,arts,unemployed,unemployed,0,1,0
85,business,contractual,accounting,86196,1,1
79,law,self business,transportation,76427,0,0
77,arts,unemployed,unemployed,0,1,0
86,stem,contractual,accounting,87496,1,1
88,stem,contractual,engineering,125918,1,1
75,business,unemployed,unemployed,0,1,0
40,business,salaried,law,55559,0,0
67,business,self business,health,92320,1,0
61,business,contractual,arts,120487,1,0
86,arts,contractual,it,84470,1,1
79,law,salaried,transportation,109097,0,0
49,stem,contractual,accounting,93432,1,0
60,business,contractual,engineering,88371,1,0
70,business,salaried,arts,74872,1,0
44,business,self business,engineering,94635,0,0
50,law,salaried,transportation,45309,1,0
64,stem,salaried,transportation,87135,0,0
87,arts,self business,transportation,0,1,1
83,law,contractual,accounting,0,1,1
85,business,self business,it,61662,1,1
66,business,self business,it,47684,0,0
67,stem,unemployed,unemployed,0,1,0
80,law,unemployed,unemployed,86445,0,0
85,stem,salaried,law,98640,1,1
77,arts,self business,engineering,72521,0,0
80,arts,self business,transportation,142077,1,1
77,stem,salaried,accounting,145052,1,1
83,law,self business,accounting,96655,1,1
66,stem,unemployed,unemployed,0,0,0
88,stem,salaried,law,121910,1,1
87,business,salaried,law,53124,1,1
62,arts,unemployed,unemployed,0,0,0
53,stem,self business,health,99039,0,0
41,business,contractual,accounting,48020,1,0
49,stem,contractual,accounting,59004,1,0
41,arts,unemployed,unemployed,0,0,0
40,arts,self business,accounting,93158,0,0
52,law,self business,it,42359,1,0
77,business,unemployed,unemployed,111613,1,0
78,law,contractual,health,105776,1,0
85,business,salaried,it,44986,1,1
53,law,salaried,health,45046,1,0
43,stem,contractual,health,44115,0,0
70,stem,unemployed,unemployed,0,1,0
68,law,self business,transportation,82952,1,0
56,stem,salaried,it,42917,1,0
51,stem,contractual,health,46150,0,0
80,arts,salaried,engineering,80938,0,0
80,law,self business,engineering,115773,1,1
45,law,unemployed,unemployed,0,0,0
47,law,unemployed,unemployed,0,1,0
55,business,self business,health,63799,0,0
46,stem,self business,arts,127563,0,0
77,business,unemployed,unemployed,0,0,0
86,business,salaried,engineering,66960,1,1
65,business,self business,arts,76735,0,0
76,stem,self business,engineering,137791,1,1
52,stem,unemployed,unemployed,0,0,0
46,stem,salaried,law,118630,1,0
68,law,unemployed,unemployed,0,1,0
62,law,contractual,arts,46975,1,0
84,arts,self business,it,148706,1,1
66,stem,contractual,accounting,108411,0,0
88,arts,self business,transportation,101666,1,1
74,stem,unemployed,unemployed,45128,1,0
64,stem,contractual,law,104583,1,0
75,arts,salaried,transportation,58660,0,0
55,law,contractual,health,56630,0,0
73,law,salaried,transportation,75524,0,0
72,law,salaried,health,89803,0,0
84,business,contractual,engineering,41239,1,1
67,stem,salaried,accounting,83131,1,0
62,arts,contractual,it,135405,1,0
70,law,contractual,arts,120545,0,0
65,stem,unemployed,unemployed,0,0,0
87,arts,self business,law,0,1,1
63,law,unemployed,unemployed,0,0,0
66,law,self business,arts,71760,0,0
82,business,self business,transportation,141267,1,1
44,arts,salaried,it,122450,1,0
52,law,salaried,transportation,48919,0,0
58,business,contractual,engineering,42992,1,0
57,arts,contractual,health,124717,0,0
64,stem,unemployed,unemployed,0,0,0
89,arts,salaried,arts,78643,1,1
74,business,salaried,engineering,65946,0,0
82,arts,contractual,accounting,68932,1,1
84,business,self business,health,141881,1,1
54,law,contractual,transportation,112794,1,0
87,arts,self business,law,0,1,1
87,stem,contractual,health,54520,1,1
79,stem,contractual,transportation,67450,0,0
83,business,contractual,engineering,89744,1,1
49,arts,self business,engineering,70887,0,0
64,arts,salaried,law,55323,0,0
79,law,contractual,health,111723,1,0
42,stem,salaried,law,57077,0,0
53,arts,self business,health,146146,0,0
47,business,salaried,transportation,96618,1,0
50,law,contractual,transportation,127130,1,0
72,law,self business,law,128101,0,0
43,law,unemployed,unemployed,0,1,0
41,arts,self business,transportation,47481,1,0
72,arts,salaried,arts,106848,1,0
53,business,unemployed,unemployed,0,1,0
52,law,unemployed,unemployed,0,0,0
69,stem,unemployed,unemployed,0,1,0
42,law,unemployed,unemployed,0,0,0
85,stem,salaried,accounting,0,1,1
79,business,unemployed,unemployed,0,1,0
76,arts,salaried,engineering,62610,1,0
71,business,salaried,engineering,142317,0,0
55,arts,self business,engineering,56065,0,0
83,business,salaried,arts,71476,1,1
41,arts,unemployed,unemployed,0,1,0
74,business,contractual,it,52528,1,0
75,stem,salaried,law,70404,1,0
81,law,self business,arts,51737,1,1
60,arts,salaried,engineering,55576,0,0
40,business,unemployed,unemployed,0,1,0
86,law,salaried,health,49486,1,1
68,arts,self business,engineering,124269,0,0
56,arts,contractual,accounting,63088,0,0
86,business,salaried,law,86677,1,1
84,law,salaried,accounting,98658,1,1
53,law,self business,health,84927,1,0
69,business,contractual,transportation,108058,1,0
42,arts,salaried,law,111645,0,0
47,arts,salaried,health,102929,1,0
62,business,salaried,transportation,92253,1,0
82,law,self business,arts,69803,1,1
52,business,contractual,arts,125335,1,0
51,business,salaried,health,69692,1,0
76,business,self business,engineering,66122,0,0
73,stem,contractual,health,144626,1,1
88,stem,contractual,transportation,121279,1,1
77,law,unemployed,unemployed,0,0,0
59,law,contractual,engineering,51510,0,0
65,law,self business,arts,71500,1,0
89,law,contractual,accounting,70955,1,1
87,business,contractual,it,129001,1,1
85,arts,salaried,transportation,0,1,1
83,arts,contractual,engineering,66378,1,1
70,arts,unemployed,unemployed,0,1,0
67,law,unemployed,unemployed,0,0,0
87,law,contractual,accounting,94310,1,1
49,law,self business,health,95418,1,0
61,business,unemployed,unemployed,0,1,0
52,stem,salaried,law,51945,1,0
51,stem,salaried,it,118656,0,0
84,law,self business,law,0,1,1
84,law,self business,law,64346,1,1
78,law,contractual,health,143606,0,0
55,arts,unemployed,unemployed,0,0,0
48,law,self business,arts,46639,1,0
83,stem,self business,engineering,98317,1,1
59,law,contractual,transportation,117300,1,0
56,arts,contractual,engineering,98659,0,0
57,business,self business,arts,125822,0,0
76,law,unemployed,unemployed,0,0,0
40,law,salaried,accounting,70672,1,0
54,stem,contractual,accounting,136780,1,0
47,stem,salaried,accounting,136289,0,0
89,business,salaried,law,111031,1,1
52,stem,salaried,transportation,147880,0,0
70,arts,self business,accounting,82533,0,0
54,business,contractual,health,114380,0,0
75,arts,salaried,transportation,130081,0,0
73,law,unemployed,unemployed,0,1,0
79,stem,unemployed,unemployed,0,0,0
57,arts,self business,engineering,136292,1,0
78,arts,self business,law,144243,1,0
60,arts,unemployed,unemployed,0,1,0
40,business,unemployed,unemployed,115959,0,0
44,business,contractual,law,135483,1,0
41,arts,self business,arts,78463,0,0
60,stem,contractual,health,110283,1,0
54,law,unemployed,unemployed,0,1,0
57,arts,self business,engineering,129388,1,0
77,law,unemployed,unemployed,0,0,0
83,arts,salaried,it,57608,1,1
55,law,contractual,accounting,138839,0,0
59,arts,contractual,health,138795,1,0
73,business,contractual,accounting,58190,0,0
44,business,salaried,accounting,129640,1,0
62,business,unemployed,unemployed,0,0,0
85,business,salaried,transportation,0,1,1
66,law,unemployed,unemployed,0,0,0
72,arts,self business,arts,138783,1,1
84,stem,salaried,accounting,85422,1,1
82,business,self business,it,71239,1,1
87,stem,self business,accounting,98360,1,1
82,stem,salaried,accounting,0,1,1
89,law,contractual,engineering,116063,1,1
49,law,unemployed,unemployed,0,1,0
86,business,self business,transportation,79426,1,1
71,business,self business,it,99663,0,0
47,law,contractual,engineering,126670,0,0
67,business,salaried,health,112802,1,0
85,stem,salaried,arts,135421,1,1
85,arts,salaried,engineering,143449,1,1
61,arts,unemployed,unemployed,89369,1,0
85,arts,salaried,law,105507,1,1
52,law,self business,transportation,75812,1,0
40,law,salaried,accounting,77704,0,0
40,business,contractual,transportation,147667,1,0
70,stem,unemployed,unemployed,82002,0,0
68,business,salaried,health,104928,1,0
48,arts,unemployed,unemployed,73648,0,0
41,stem,unemployed,unemployed,0,0,0
74,law,self business,health,0,1,1
54,arts,salaried,it,121459,0,0
46,stem,contractual,engineering,74414,1,0
87,law,salaried,arts,50433,1,1
89,business,self business,law,0,1,1
66,law,unemployed,unemployed,0,0,0
61,business,unemployed,unemployed,52770,0,0
79,stem,salaried,engineering,48331,1,0
73,business,unemployed,unemployed,105108,0,0
65,stem,salaried,it,87974,1,0
82,business,contractual,health,40763,1,1
89,business,salaried,health,147289,1,1
80,arts,contractual,accounting,98206,0,0
81,arts,contractual,it,0,1,1
47,business,unemployed,unemployed,0,0,0
77,stem,unemployed,unemployed,0,0,0
43,stem,self business,arts,125640,1,0
44,business,salaried,engineering,142600,0,0
47,arts,salaried,health,125917,1,0
74,arts,unemployed,unemployed,0,1,0
78,arts,salaried,transportation,57141,1,0
75,arts,unemployed,unemployed,120960,0,0
85,law,salaried,arts,0,1,1
84,stem,self business,law,141755,1,1
61,law,self business,transportation,65122,1,0
54,arts,contractual,it,55744,1,0
52,business,salaried,law,63764,0,0
73,business,contractual,arts,116475,1,1
42,law,contractual,health,134124,1,0
88,business,self business,engineering,84145,1,1
58,stem,self business,law,147689,1,0
47,stem,unemployed,unemployed,0,1,0
46,business,salaried,engineering,140060,0,0
75,stem,salaried,law,68446,1,1
62,arts,self business,engineering,112161,1,0
86,business,self business,health,144744,1,1
74,stem,unemployed,unemployed,0,0,0
71,law,self business,law,45583,1,1
40,stem,salaried,transportation,122977,1,0
55,business,unemployed,unemployed,0,0,0
44,business,salaried,it,46176,0,0
55,law,unemployed,unemployed,0,0,0
65,business,unemployed,unemployed,0,1,0
84,law,contractual,law,131980,1,1
81,stem,contractual,transportation,142275,1,1
88,arts,contractual,health,40941,1,1
71,stem,unemployed,unemployed,0,1,0
89,law,self business,law,74264,1,1
62,law,contractual,arts,73848,1,0
60,business,contractual,law,125939,0,0
86,business,self business,accounting,67839,1,1
58,arts,salaried,it,117960,0,0
51,law,contractual,law,90051,1,0
69,arts,self business,health,112845,1,0
88,business,self business,engineering,86510,1,1
55,arts,salaried,accounting,100847,0,0
82,law,self business,arts,118327,1,1
69,law,self business,law,112885,0,0
85,arts,salaried,accounting,0,1,1
75,stem,self business,transportation,126123,1,1
70,business,salaried,transportation,90479,0,0
49,arts,salaried,law,116057,1,0
86,arts,contractual,law,100203,1,1
69,stem,unemployed,unemployed,0,1,0
69,law,unemployed,unemployed,0,0,0
70,arts,self business,health,105505,1,0
44,stem,contractual,it,122497,0,0
86,arts,salaried,engineering,106956,1,1
59,stem,unemployed,unemployed,0,0,0
55,stem,contractual,it,73480,0,0
61,stem,salaried,law,67739,1,0
64,arts,unemployed,unemployed,0,0,0
52,law,unemployed,unemployed,0,1,0
48,business,self business,law,102770,0,0
45,arts,salaried,it,113401,0,0
65,stem,salaried,law,115854,1,0
58,arts,salaried,it,140212,1,0
71,law,self business,accounting,132078,1,1
75,arts,unemployed,unemployed,0,1,0
62,stem,unemployed,unemployed,74582,1,0
79,law,unemployed,unemployed,0,1,0
81,stem,salaried,health,109020,1,1
43,law,contractual,accounting,52896,0,0
75,business,self business,engineering,81938,0,0
72,arts,unemployed,unemployed,60411,1,0
88,arts,contractual,it,136906,1,1
66,business,salaried,arts,53470,1,0
66,business,unemployed,unemployed,0,1,0
80,stem,self business,arts,147402,1,0
50,arts,unemployed,unemployed,137239,1,0
46,law,salaried,transportation,54522,0,0
69,business,self business,health,140656,1,0
43,business,contractual,engineering,111635,1,0
50,arts,self business,engineering,63892,0,0
54,business,unemployed,unemployed,0,1,0
64,stem,self business,law,51013,0,0
82,law,self business,engineering,45977,1,1
70,arts,unemployed,unemployed,42498,1,0
62,stem,self business,arts,90333,1,0
89,stem,contractual,arts,0,1,1
74,arts,contractual,law,124630,1,0
59,arts,self business,engineering,103830,1,0
86,law,contractual,transportation,125725,1,1
84,law,contractual,health,62687,1,1
44,business,self business,it,130909,0,0
46,stem,contractual,accounting,125884,0,0
60,business,contractual,arts,41553,1,0
88,arts,self business,law,116506,1,1
66,business,unemployed,unemployed,111854,0,0
85,business,self business,it,0,1,1
88,business,self business,health,46704,1,1
45,business,unemployed,unemployed,0,1,0
62,law,contractual,engineering,68044,0,0
70,law,self business,law,112768,0,0
52,stem,unemployed,unemployed,44949,1,0
84,law,contractual,it,141391,1,1
47,arts,contractual,health,40355,1,0
89,business,self business,health,103342,1,1
88,business,self business,accounting,144951,1,1
64,law,self business,health,63416,1,0
54,arts,salaried,accounting,44920,1,0
74,arts,salaried,health,149528,1,0
76,law,self business,transportation,48519,1,0
55,arts,salaried,transportation,50232,0,0
67,arts,salaried,it,130404,1,0
69,law,self business,law,84803,1,0
70,law,salaried,health,146580,0,0
61,stem,self business,accounting,120771,0,0
85,law,contractual,health,98209,1,1
43,arts,contractual,law,109993,0,0
65,stem,self business,accounting,146037,0,0
65,arts,salaried,law,130818,0,0
89,law,self business,transportation,101440,1,1
58,law,self business,arts,72654,1,0
54,stem,self business,transportation,114500,0,0
42,business,salaried,law,45200,0,0
67,arts,salaried,accounting,92228,1,0
74,stem,self business,engineering,102061,1,1
55,stem,unemployed,unemployed,0,0,0
59,law,salaried,it,94859,0,0
68,stem,salaried,health,65002,1,0
57,stem,unemployed,unemployed,0,1,0
51,arts,salaried,transportation,47113,0,0
56,stem,unemployed,unemployed,0,1,0
50,arts,unemployed,unemployed,0,0,0
77,law,self business,accounting,125181,0,0
42,law,self business,arts,149572,1,0
60,arts,unemployed,unemployed,0,0,0
52,arts,salaried,accounting,53766,0,0
59,business,salaried,accounting,44786,1,0
86,arts,salaried,engineering,111656,1,1
46,law,self business,accounting,60549,0,0
72,stem,contractual,transportation,135048,1,0
83,stem,contractual,arts,84761,1,1
83,arts,salaried,health,0,1,1
46,business,salaried,health,94504,1,0
54,business,self business,engineering,94889,1,0
78,stem,self business,accounting,0,1,1
58,business,salaried,engineering,43067,0,0
43,arts,self business,engineering,44649,0,0
55,stem,unemployed,unemployed,123818,0,0
54,arts,unemployed,unemployed,0,0,0
88,stem,contractual,transportation,103511,1,1
76,arts,self business,health,113619,0,0
59,arts,contractual,health,123722,1,0
77,stem,unemployed,unemployed,40379,1,0
82,business,salaried,transportation,80623,1,1
41,business,unemployed,unemployed,0,0,0
88,arts,self business,arts,0,1,1
60,law,salaried,arts,49990,0,0
78,business,contractual,health,85298,1,0
55,stem,contractual,arts,114673,1,0
82,law,self business,transportation,0,1,1
47,stem,salaried,engineering,148377,0,0
45,stem,contractual,health,143518,0,0
62,law,contractual,arts,65847,1,0
88,arts,salaried,health,66863,1,1
44,law,unemployed,unemployed,0,0,0
54,law,salaried,it,105337,1,0
47,law,self business,law,102072,0,0
89,business,salaried,it,124385,1,1
76,business,self business,health,75633,0,0
51,stem,salaried,arts,121504,0,0
62,law,salaried,engineering,94026,0,0
52,arts,self business,transportation,127295,0,0
52,arts,self business,law,42304,1,0
70,business,unemployed,unemployed,88395,0,0
60,business,contractual,transportation,135895,0,0
84,law,self business,transportation,64455,1,1
77,business,unemployed,unemployed,0,0,0
75,arts,unemployed,unemployed,0,1,0
77,business,unemployed,unemployed,0,0,0
72,law,self business,health,99337,0,0
64,arts,contractual,it,142275,1,0
77,arts,salaried,law,117739,1,1
51,law,unemployed,unemployed,0,0,0
79,law,contractual,it,41428,0,0
50,stem,salaried,arts,123978,1,0
74,arts,contractual,transportation,47232,1,1
46,business,salaried,accounting,101081,0,0
42,business,salaried,law,63169,1,0
58,law,self business,law,147568,1,0
77,law,salaried,it,50109,1,0
63,business,unemployed,unemployed,0,1,0
65,law,salaried,arts,124752,1,0
60,business,contractual,arts,118009,0,0
49,arts,salaried,health,56372,1,0
74,stem,contractual,accounting,67795,0,0
45,stem,self business,accounting,87599,1,0
63,law,salaried,engineering,86299,0,0
87,law,self business,health,68974,1,1
80,law,contractual,transportation,104593,1,0
53,arts,salaried,law,119991,0,0
52,arts,unemployed,unemployed,0,0,0
55,business,contractual,accounting,94389,1,0
74,stem,unemployed,unemployed,0,1,0
63,arts,unemployed,unemployed,0,0,0
64,law,contractual,arts,140277,1,0
78,law,contractual,health,128098,1,0
53,arts,salaried,transportation,116852,0,0
59,arts,unemployed,unemployed,0,0,0
43,business,contractual,engineering,111102,1,0
69,arts,salaried,law,50224,0,0
47,business,salaried,transportation,149664,1,0
49,law,self business,law,56889,1,0
42,stem,self business,engineering,57506,0,0
87,law,contractual,law,136940,1,1
77,stem,salaried,transportation,108708,0,0
67,arts,unemployed,unemployed,0,1,0
77,arts,unemployed,unemployed,0,1,0
82,arts,salaried,law,0,1,1
51,law,unemployed,unemployed,0,0,0
51,business,unemployed,unemployed,0,0,0
41,law,contractual,it,132821,1,0
80,business,contractual,arts,70844,1,1
82,stem,contractual,health,107342,1,1
70,business,self business,transportation,58010,0,0
76,arts,self business,health,131309,0,0
83,law,self business,engineering,0,1,1
53,arts,unemployed,unemployed,0,0,0
71,law,unemployed,unemployed,0,1,0
69,arts,salaried,transportation,47626,0,0
84,law,contractual,arts,42770,1,1
85,stem,self business,it,119508,1,1
83,arts,contractual,engineering,136045,1,1
84,business,salaried,arts,109495,1,1
83,law,salaried,it,114044,1,1
48,business,salaried,law,66180,0,0
54,law,unemployed,unemployed,0,0,0
55,business,salaried,arts,57356,1,0
63,arts,salaried,engineering,82646,0,0
68,arts,unemployed,unemployed,0,0,0
40,stem,contractual,arts,142655,1,0
76,business,salaried,engineering,51221,0,0
63,arts,self business,arts,54487,0,0
68,stem,unemployed,unemployed,0,1,0
73,stem,unemployed,unemployed,140451,1,0
49,stem,salaried,engineering,96333,1,0
74,law,contractual,it,118440,0,0
62,law,salaried,law,74307,0,0
74,stem,self business,arts,117637,0,0
56,stem,unemployed,unemployed,0,0,0
50,law,self business,transportation,99336,1,0
68,arts,unemployed,unemployed,0,1,0
72,stem,unemployed,unemployed,0,0,0
46,business,unemployed,unemployed,0,0,0
85,business,contractual,it,81705,1,1
44,law,self business,accounting,122320,1,0
65,stem,contractual,transportation,113392,0,0
61,stem,self business,transportation,119394,1,0
40,arts,salaried,law,48180,0,0
60,law,unemployed,unemployed,0,0,0
56,law,salaried,health,64957,1,0
69,stem,self business,arts,108245,1,0
75,stem,contractual,health,47428,0,0
86,law,self business,it,79508,1,1
51,stem,unemployed,unemployed,110219,0,0
72,business,contractual,law,135158,0,0
67,business,self business,transportation,75692,0,0
58,law,salaried,engineering,120291,0,0
74,arts,self business,law,0,1,1
79,business,unemployed,unemployed,65456,1,0
58,law,unemployed,unemployed,0,1,0
85,business,self business,accounting,0,1,1
43,stem,unemployed,unemployed,77399,0,0
43,stem,contractual,transportation,73004,0,0
51,business,contractual,it,132456,0,0
58,law,contractual,accounting,96714,1,0
79,stem,salaried,engineering,137182,1,1
67,business,salaried,transportation,110745,0,0
50,stem,self business,engineering,146846,0,0
62,business,salaried,engineering,147698,1,0
76,stem,self business,engineering,100791,0,0
76,stem,unemployed,unemployed,47714,1,0
68,arts,unemployed,unemployed,133241,0,0
64,law,salaried,it,76365,0,0
44,business,unemployed,unemployed,76667,0,0
51,business,contractual,law,72699,0,0
58,business,contractual,engineering,51816,0,0
50,business,contractual,engineering,83712,1,0
54,stem,unemployed,unemployed,0,0,0
86,business,salaried,transportation,106481,1,1
51,arts,contractual,engineering,85666,0,0
45,law,unemployed,unemployed,0,1,0
44,law,unemployed,unemployed,0,1,0
81,business,salaried,health,42416,1,1
51,business,self business,transportation,142950,0,0
43,business,salaried,transportation,64870,0,0
43,arts,salaried,accounting,86171,1,0
53,arts,unemployed,unemployed,0,1,0
70,stem,self business,transportation,141587,0,0
45,arts,unemployed,unemployed,0,0,0
73,stem,unemployed,unemployed,0,0,0
57,law,contractual,accounting,138747,0,0
71,business,unemployed,unemployed,63318,1,0
70,arts,self business,law,0,1,1
49,law,salaried,accounting,146126,1,0
87,law,self business,health,127414,1,1
45,law,unemployed,unemployed,0,1,0
64,stem,salaried,transportation,120068,0,0
76,law,unemployed,unemployed,0,0,0
57,law,self business,law,143133,0,0
41,stem,unemployed,unemployed,0,0,0
69,arts,contractual,law,83817,1,0
69,stem,salaried,it,84195,1,0
50,stem,contractual,it,88594,0,0
58,business,salaried,it,96371,1,0
77,law,salaried,accounting,122174,0,0
67,arts,salaried,arts,140653,1,0
59,business,self business,health,63712,0,0
41,arts,salaried,it,41419,1,0
48,stem,unemployed,unemployed,0,0,0
85,stem,self business,transportation,47919,1,1
89,stem,salaried,it,80544,1,1
50,stem,salaried,engineering,126475,0,0
52,arts,unemployed,unemployed,0,0,0
74,business,unemployed,unemployed,91678,1,0
40,law,self business,arts,48088,1,0
42,stem,unemployed,unemployed,0,1,0
52,arts,contractual,it,85046,1,0
72,arts,unemployed,unemployed,0,1,0
56,arts,contractual,transportation,116260,1,0
81,business,self business,law,89023,1,1
83,law,contractual,it,142901,1,1
55,stem,contractual,accounting,92631,0,0
68,arts,self business,arts,72898,0,0
44,arts,unemployed,unemployed,0,1,0
61,business,unemployed,unemployed,0,1,0
86,business,contractual,law,113351,1,1
80,business,self business,accounting,111437,1,1
49,arts,self business,it,112041,1,0
84,law,contractual,it,93197,1,1
50,stem,self business,law,115050,0,0
61,arts,unemployed,unemployed,0,1,0
58,business,self business,arts,48957,0,0
67,law,salaried,it,99523,0,0
89,law,salaried,arts,120210,1,1
42,business,unemployed,unemployed,0,1,0
59,law,unemployed,unemployed,129120,0,0
53,law,self business,law,78168,0,0
61,stem,contractual,health,121420,0,0
89,law,self business,law,0,1,1
68,law,unemployed,unemployed,87209,0,0
47,stem,self business,health,134202,0,0
46,arts,unemployed,unemployed,0,0,0
72,stem,self business,engineering,63822,1,0
71,business,contractual,it,74676,1,1
88,arts,self business,arts,126816,1,1
87,law,contractual,it,145735,1,1
58,business,contractual,transportation,129667,1,0
79,stem,unemployed,unemployed,71240,0,0
67,stem,salaried,health,105706,1,0
79,stem,contractual,law,91287,0,0
71,business,salaried,transportation,104513,1,1
80,law,contractual,accounting,125986,1,0
61,business,self business,engineering,42426,0,0
75,law,salaried,engineering,144621,1,1
64,stem,unemployed,unemployed,75077,1,0
78,law,self business,health,95073,1,0
47,stem,unemployed,unemployed,0,0,0
43,law,salaried,it,59983,0,0
52,stem,self business,it,142471,1,0
72,business,self business,health,85578,1,0
81,business,contractual,it,42287,1,1
87,law,contractual,arts,45716,1,1
83,arts,salaried,engineering,98441,1,1
53,arts,contractual,transportation,87416,1,0
51,arts,unemployed,unemployed,0,0,0
77,arts,contractual,transportation,111681,0,0
83,business,contractual,arts,112052,1,1
44,stem,self business,it,143692,1,0
68,business,self business,transportation,47735,1,0
52,arts,self business,health,84683,0,0
74,stem,unemployed,unemployed,0,0,0
81,stem,salaried,health,138897,1,1
42,stem,unemployed,unemployed,114546,1,0
87,arts,contractual,accounting,0,1,1
58,law,contractual,engineering,69350,0,0
41,business,contractual,accounting,77820,0,0
40,arts,unemployed,unemployed,92784,1,0
59,law,self business,transportation,116990,1,0
86,law,salaried,arts,123377,1,1
80,business,salaried,it,145379,1,1
85,law,contractual,engineering,52440,1,1
48,stem,self business,accounting,124451,1,0
66,stem,unemployed,unemployed,0,1,0
65,arts,unemployed,unemployed,0,0,0
87,law,self business,arts,134476,1,1
73,arts,self business,transportation,104786,1,0
64,law,unemployed,unemployed,141503,0,0
44,business,contractual,arts,129030,0,0
46,stem,unemployed,unemployed,0,0,0
73,business,contractual,health,64626,0,0
44,arts,unemployed,unemployed,144477,1,0
43,business,self business,it,143354,0,0
56,law,salaried,accounting,87609,0,0
72,arts,salaried,health,44366,1,0
89,business,self business,arts,0,1,1
72,stem,contractual,it,145043,1,1
58,arts,unemployed,unemployed,0,0,0
56,arts,unemployed,unemployed,0,0,0
83,business,salaried,law,130189,1,1
57,stem,contractual,accounting,93853,0,0
82,arts,self business,engineering,0,1,1
89,arts,contractual,transportation,112345,1,1
68,arts,self business,accounting,113429,0,0
68,arts,salaried,law,95946,0,0
40,stem,self business,engineering,139239,1,0
66,business,unemployed,unemployed,0,1,0
45,stem,unemployed,unemployed,98001,0,0
85,business,contractual,it,0,1,1
62,stem,self business,it,68519,0,0
43,arts,salaried,law,102816,0,0
83,arts,salaried,arts,0,1,1
55,stem,unemployed,unemployed,0,1,0
82,business,self business,engineering,112795,1,1
81,business,contractual,law,119080,1,1
64,law,unemployed,unemployed,0,0,0
42,arts,salaried,law,147170,0,0
43,stem,contractual,arts,55025,1,0
83,arts,self business,law,41949,1,1
86,business,self business,transportation,0,1,1
78,arts,salaried,transportation,137726,0,0
60,arts,contractual,accounting,102611,1,0
62,stem,contractual,law,98945,0,0
87,business,self business,engineering,143460,1,1
81,arts,salaried,it,76326,1,1
79,arts,unemployed,unemployed,0,1,0
88,arts,contractual,it,0,1,1
62,arts,salaried,accounting,127715,1,0
53,business,salaried,health,127269,1,0
88,arts,salaried,engineering,79451,1,1
59,stem,unemployed,unemployed,0,1,0
41,arts,self business,engineering,98145,0,0
75,stem,unemployed,unemployed,0,1,0
55,law,contractual,accounting,53499,0,0
73,business,contractual,law,146419,0,0
88,stem,self business,it,45933,1,1
57,arts,unemployed,unemployed,0,0,0
77,stem,self business,it,40823,0,0
65,stem,contractual,arts,146504,1,0
87,law,contractual,transportation,120247,1,1
82,business,salaried,health,0,1,1
45,law,self business,health,86206,0,0
76,arts,unemployed,unemployed,0,1,0
43,stem,self business,engineering,62069,0,0
65,business,self business,it,84842,1,0
68,business,contractual,law,63735,0,0
55,law,unemployed,unemployed,94395,1,0
61,arts,unemployed,unemployed,0,0,0
85,business,salaried,arts,48008,1,1
56,arts,contractual,arts,129355,1,0
66,business,self business,engineering,99987,1,0
66,stem,contractual,law,123654,1,0
88,business,contractual,arts,60045,1,1
46,business,self business,arts,119423,1,0
54,arts,self business,arts,84452,1,0
58,stem,salaried,health,129910,0,0
66,arts,self business,transportation,61805,1,0
82,arts,salaried,engineering,124503,1,1
51,law,contractual,health,76813,0,0
48,law,unemployed,unemployed,0,1,0
75,stem,contractual,engineering,118944,0,0
69,law,contractual,arts,117976,1,0
87,law,contractual,arts,0,1,1
49,law,contractual,transportation,123353,1,0
75,arts,salaried,accounting,86661,1,0
46,stem,salaried,it,129487,1,0
50,stem,salaried,engineering,75369,1,0
65,business,self business,health,139886,0,0
55,stem,self business,law,77283,1,0
59,arts,self business,transportation,58746,1,0
40,business,unemployed,unemployed,0,1,0
63,law,salaried,it,133907,0,0
68,law,self business,arts,96768,0,0
59,law,self business,law,133825,0,0
71,law,self business,accounting,96369,1,1
43,business,unemployed,unemployed,0,1,0
86,law,self business,law,0,1,1
62,law,unemployed,unemployed,0,0,0
47,law,unemployed,unemployed,0,0,0
74,law,unemployed,unemployed,0,1,0
48,arts,unemployed,unemployed,128241,0,0
42,law,unemployed,unemployed,0,1,0
53,business,unemployed,unemployed,0,1,0
70,arts,self business,transportation,102384,1,1
45,arts,contractual,transportation,137423,1,0
46,law,unemployed,unemployed,0,1,0
80,arts,unemployed,unemployed,0,0,0
59,arts,self business,law,47399,0,0
47,law,unemployed,unemployed,0,1,0
72,arts,contractual,law,61538,1,1
84,arts,contractual,accounting,98599,1,1
84,stem,self business,engineering,70782,1,1
64,arts,unemployed,unemployed,0,0,0
72,arts,contractual,health,74339,0,0
45,law,self business,transportation,75860,0,0
87,business,contractual,health,102757,1,1
85,business,self business,transportation,58223,1,1
87,law,contractual,health,49682,1,1
77,business,contractual,engineering,40468,0,0
78,law,unemployed,unemployed,0,0,0
78,business,unemployed,unemployed,68595,1,0
49,stem,contractual,transportation,54352,0,0
81,business,contractual,accounting,142473,1,1
55,business,salaried,accounting,63521,0,0
57,stem,unemployed,unemployed,0,0,0
53,business,self business,arts,67269,1,0
87,arts,self business,health,60954,1,1
68,arts,unemployed,unemployed,50205,0,0
79,arts,contractual,it,106032,1,1
61,law,self business,engineering,67554,0,0
52,stem,salaried,engineering,127944,0,0
49,business,contractual,health,146980,1,0
44,law,contractual,health,143408,0,0
83,stem,self business,arts,132887,1,1
40,stem,salaried,arts,103599,0,0
86,arts,contractual,transportation,68600,1,1
59,arts,salaried,transportation,72093,0,0
57,law,contractual,transportation,97830,0,0
52,business,salaried,health,81216,0,0
56,arts,unemployed,unemployed,0,0,0
87,law,contractual,transportation,76267,1,1
49,law,salaried,law,44776,1,0
59,arts,contractual,health,83135,1,0
49,stem,contractual,accounting,67308,1,0
57,business,contractual,engineering,112693,0,0
60,law,salaried,accounting,148545,0,0
64,law,unemployed,unemployed,48193,1,0
86,law,contractual,accounting,98256,1,1
77,arts,contractual,engineering,67143,1,0
57,stem,contractual,engineering,99821,0,0
53,law,unemployed,unemployed,83722,0,0
87,business,contractual,it,84184,1,1
53,law,unemployed,unemployed,0,1,0
82,stem,salaried,law,120431,1,1
41,stem,contractual,accounting,65935,0,0
63,arts,salaried,arts,120043,1,0
89,arts,contractual,transportation,75191,1,1
54,business,contractual,health,60900,1,0
85,arts,salaried,health,0,1,1
84,business,contractual,accounting,116437,1,1
53,arts,contractual,arts,138414,0,0
57,stem,salaried,health,44975,0,0
81,stem,contractual,engineering,125910,1,1
87,arts,contractual,accounting,119638,1,1
68,law,self business,arts,107605,0,0
54,business,unemployed,unemployed,0,0,0
43,stem,self business,engineering,60653,1,0
78,law,contractual,law,49517,0,0
45,business,contractual,law,90340,1,0
44,business,salaried,health,127008,1,0
59,arts,unemployed,unemployed,0,1,0
87,stem,self business,accounting,136658,1,1
60,stem,unemployed,unemployed,42609,0,0
61,business,salaried,law,128553,0,0
89,business,salaried,law,88040,1,1
54,business,self business,accounting,73648,0,0
45,stem,contractual,accounting,57374,1,0
53,business,contractual,law,125547,0,0
67,business,salaried,accounting,64908,0,0
40,arts,unemployed,unemployed,0,0,0
75,arts,salaried,transportation,136526,1,1
76,stem,salaried,engineering,96835,0,0
74,business,self business,arts,56219,1,0
65,stem,contractual,it,86636,1,0
85,law,salaried,transportation,0,1,1
88,business,salaried,law,0,1,1
76,law,self business,health,72976,1,0
79,arts,self business,transportation,0,1,1
74,arts,self business,law,0,1,1
71,law,unemployed,unemployed,0,1,0
46,arts,salaried,it,85813,1,0
58,stem,unemployed,unemployed,42036,1,0
42,stem,contractual,it,45132,1,0
87,business,contractual,transportation,71149,1,1
71,law,self business,law,108006,0,0
65,stem,unemployed,unemployed,0,0,0
73,business,salaried,accounting,109806,1,1
73,arts,self business,law,146523,1,0
77,law,salaried,arts,47092,1,0
70,law,unemployed,unemployed,0,1,0
83,stem,self business,law,114204,1,1
55,stem,contractual,law,135525,0,0
85,stem,salaried,engineering,63013,1,1
85,business,salaried,transportation,59740,1,1
76,stem,self business,health,124898,0,0
74,law,self business,engineering,107211,0,0
61,stem,salaried,law,82070,1,0
42,law,self business,health,146221,0,0
84,arts,salaried,it,127635,1,1
86,business,contractual,law,137107,1,1
87,law,self business,arts,73126,1,1
74,law,salaried,transportation,74629,0,0
54,stem,unemployed,unemployed,112705,0,0
87,arts,self business,accounting,148549,1,1
74,stem,unemployed,unemployed,0,0,0
45,business,unemployed,unemployed,0,1,0
89,law,salaried,law,136422,1,1
63,stem,contractual,it,130959,1,0
86,business,salaried,health,121581,1,1
68,stem,unemployed,unemployed,0,0,0
69,business,contractual,it,142016,0,0
78,law,self business,transportation,120953,1,0
64,stem,salaried,health,122859,0,0
54,stem,unemployed,unemployed,0,0,0
55,law,salaried,accounting,63953,0,0
58,business,self business,accounting,93654,0,0
84,arts,self business,transportation,95237,1,1
70,arts,contractual,it,46832,0,0
64,law,contractual,it,93315,0,0
61,stem,unemployed,unemployed,0,1,0
59,arts,self business,transportation,45186,1,0
57,law,salaried,law,86740,1,0
44,business,self business,arts,101413,1,0
51,business,unemployed,unemployed,59248,1,0
81,arts,contractual,accounting,136337,1,1
61,arts,salaried,law,48675,1,0
63,business,contractual,law,61319,1,0
53,business,unemployed,unemployed,0,1,0
43,business,contractual,transportation,145099,1,0
42,arts,self business,law,76202,0,0
72,law,self business,engineering,145986,0,0
67,arts,self business,transportation,143189,0,0
52,law,unemployed,unemployed,0,0,0
41,stem,contractual,engineering,41935,0,0
41,business,unemployed,unemployed,0,0,0
52,business,salaried,transportation,107384,0,0
71,arts,unemployed,unemployed,132820,1,0
47,law,unemployed,unemployed,0,1,0
64,law,unemployed,unemployed,0,0,0
40,law,salaried,transportation,105257,0,0
82,business,contractual,transportation,135125,1,1
59,stem,contractual,transportation,107771,0,0
72,arts,salaried,it,78679,0,0
60,law,contractual,arts,58903,1,0
61,stem,unemployed,unemployed,0,0,0
56,stem,salaried,health,64783,1,0
77,law,self business,transportation,63605,0,0
49,law,unemployed,unemployed,114092,0,0
73,arts,salaried,arts,0,1,1
71,business,contractual,law,128735,1,1
68,law,self business,engineering,58340,1,0
83,stem,contractual,engineering,149046,1,1
50,stem,salaried,law,81422,1,0
45,business,salaried,arts,143208,1,0
77,business,contractual,engineering,66093,1,1
60,arts,self business,law,88566,0,0
72,business,unemployed,unemployed,0,1,0
53,law,contractual,engineering,97201,0,0
89,business,self business,accounting,103773,1,1
89,arts,contractual,transportation,59382,1,1
78,arts,salaried,arts,146859,1,0
52,law,unemployed,unemployed,0,0,0
88,arts,contractual,transportation,88415,1,1
64,business,contractual,accounting,85546,1,0
44,business,contractual,arts,51305,1,0
44,business,unemployed,unemployed,0,1,0
88,business,self business,engineering,0,1,1
80,stem,unemployed,unemployed,74008,0,0
83,stem,salaried,transportation,61638,1,1
58,stem,salaried,engineering,129862,0,0
47,stem,unemployed,unemployed,0,1,0
64,stem,contractual,transportation,119562,1,0
88,arts,salaried,accounting,126980,1,1
81,business,contractual,health,104264,1,1
58,law,unemployed,unemployed,0,1,0
86,law,salaried,transportation,44646,1,1
56,law,unemployed,unemployed,0,0,0
58,stem,salaried,it,112799,0,0
61,law,salaried,health,61069,1,0
52,stem,self business,accounting,59206,1,0
65,business,contractual,transportation,138757,0,0
50,arts,contractual,accounting,41524,0,0
54,business,unemployed,unemployed,0,0,0
63,law,contractual,arts,48951,0,0
78,law,contractual,health,85797,0,0
78,business,unemployed,unemployed,99588,0,0
48,stem,salaried,engineering,141958,0,0
80,business,unemployed,unemployed,0,0,0
89,law,salaried,law,113276,1,1
41,law,contractual,engineering,41619,0,0
66,stem,unemployed,unemployed,0,0,0
46,business,unemployed,unemployed,113912,1,0
85,arts,salaried,it,80291,1,1
84,law,salaried,it,88969,1,1
79,arts,salaried,transportation,113319,0,0
57,business,self business,transportation,45754,0,0
83,arts,salaried,transportation,49887,1,1
67,arts,salaried,health,89379,0,0
81,business,contractual,health,124307,1,1
40,arts,salaried,accounting,46745,0,0
74,arts,unemployed,unemployed,0,0,0
57,stem,salaried,accounting,108268,0,0
86,business,salaried,arts,118437,1,1
76,stem,salaried,law,75287,0,0
42,stem,salaried,it,91007,0,0
51,arts,salaried,accounting,130163,1,0
48,stem,contractual,law,149764,0,0
43,business,unemployed,unemployed,0,1,0
51,stem,unemployed,unemployed,0,1,0
63,stem,contractual,law,149016,0,0
46,arts,self business,engineering,103845,0,0
62,stem,unemployed,unemployed,67579,1,0
79,stem,unemployed,unemployed,0,1,0
65,arts,contractual,transportation,66758,1,0
85,business,salaried,accounting,138731,1,1
85,business,salaried,it,0,1,1
52,law,unemployed,unemployed,0,1,0
59,arts,unemployed,unemployed,0,0,0
81,business,salaried,law,58495,1,1
71,business,self business,law,93399,0,0
44,law,unemployed,unemployed,0,0,0
72,arts,contractual,law,60047,1,0
71,business,salaried,health,102385,0,0
40,arts,self business,accounting,79916,1,0
67,law,self business,law,107003,0,0
80,arts,self business,arts,0,1,1
83,business,contractual,accounting,0,1,1
60,stem,self business,law,148768,0,0
71,law,self business,engineering,59902,1,1
85,business,salaried,engineering,109466,1,1
68,stem,salaried,accounting,130642,0,0
51,stem,salaried,it,149836,0,0
67,law,contractual,law,53235,0,0
59,stem,salaried,health,58615,0,0
79,stem,contractual,transportation,0,1,1
64,arts,self business,transportation,140576,0,0
56,law,unemployed,unemployed,0,1,0
76,law,salaried,it,132802,1,1
42,stem,salaried,arts,120193,1,0
86,business,self business,transportation,64414,1,1
71,arts,self business,accounting,109623,1,1
47,arts,salaried,health,53880,1,0
51,arts,salaried,engineering,81531,0,0
70,stem,unemployed,unemployed,0,0,0
69,business,contractual,arts,109929,0,0
75,law,unemployed,unemployed,0,0,0
82,law,self business,accounting,52374,1,1
77,arts,contractual,health,0,1,1
46,business,self business,health,45906,1,0
78,stem,contractual,law,52536,1,1
71,law,contractual,arts,108496,0,0
53,business,contractual,accounting,73909,0,0
46,business,unemployed,unemployed,0,0,0
40,stem,unemployed,unemployed,0,0,0
48,business,unemployed,unemployed,0,0,0
65,stem,unemployed,unemployed,0,1,0
66,stem,contractual,arts,75006,0,0
67,arts,salaried,it,84384,1,0
86,business,salaried,engineering,90348,1,1
56,business,contractual,transportation,70255,0,0
49,arts,salaried,transportation,116945,1,0
81,law,salaried,law,117112,1,1
81,arts,self business,engineering,70740,1,1
55,law,unemployed,unemployed,0,0,0
82,arts,salaried,it,88597,1,1
50,stem,salaried,transportation,48397,1,0
50,law,unemployed,unemployed,0,0,0
75,stem,self business,health,102686,1,1
40,business,salaried,law,60032,1,0
58,arts,unemployed,unemployed,0,0,0
46,stem,contractual,law,127671,0,0
59,arts,unemployed,unemployed,86124,0,0
82,stem,contractual,law,48755,1,1
74,arts,self business,arts,129534,1,1
73,stem,contractual,engineering,45103,0,0
76,arts,self business,engineering,103549,1,1
59,arts,salaried,it,50802,0,0
64,stem,contractual,law,131574,1,0
54,stem,unemployed,unemployed,0,1,0
64,arts,unemployed,unemployed,0,1,0
65,stem,contractual,accounting,81674,0,0
62,arts,unemployed,unemployed,0,1,0
85,arts,contractual,transportation,80285,1,1
75,law,contractual,law,122094,1,0
70,arts,unemployed,unemployed,0,0,0
52,stem,self business,law,139420,0,0
81,law,self business,health,139127,1,1
86,business,salaried,arts,0,1,1
53,business,unemployed,unemployed,0,0,0
89,stem,self business,accounting,60117,1,1
80,arts,contractual,engineering,74958,0,0
85,arts,self business,health,0,1,1
70,law,self business,arts,117241,0,0
42,business,self business,accounting,69082,1,0
48,business,unemployed,unemployed,0,1,0
65,business,salaried,law,109132,0,0
62,law,contractual,accounting,124505,1,0
64,arts,contractual,engineering,126147,0,0
60,stem,contractual,engineering,74047,1,0
65,law,salaried,transportation,96822,0,0
63,business,salaried,it,82443,0,0
77,arts,self business,health,63353,0,0
66,business,salaried,arts,141093,0,0
74,business,self business,it,93607,1,0
44,law,salaried,it,80619,1,0
81,arts,self business,engineering,59651,1,1
67,business,contractual,engineering,116926,1,0
83,law,salaried,accounting,101509,1,1
48,law,unemployed,unemployed,0,0,0
52,business,unemployed,unemployed,0,1,0
89,business,contractual,health,129306,1,1
47,business,unemployed,unemployed,140149,0,0
59,business,salaried,it,85209,1,0
80,business,salaried,it,138333,0,0
68,law,unemployed,unemployed,68659,0,0
75,stem,contractual,engineering,142558,0,0
50,stem,salaried,accounting,45322,0,0
60,stem,unemployed,unemployed,0,1,0
53,arts,salaried,transportation,144623,1,0
49,law,unemployed,unemployed,106653,0,0
72,business,salaried,it,102058,1,1
49,law,unemployed,unemployed,0,0,0
65,law,unemployed,unemployed,0,0,0
87,law,salaried,accounting,49328,1,1
44,business,unemployed,unemployed,0,0,0
61,arts,contractual,accounting,42687,0,0
50,law,contractual,health,69371,1,0
83,business,salaried,law,102795,1,1
64,stem,salaried,law,104725,0,0
85,stem,salaried,accounting,0,1,1
63,law,unemployed,unemployed,0,1,0
42,arts,contractual,arts,131427,1,0
74,law,self business,accounting,134664,1,0
40,business,unemployed,unemployed,0,1,0
52,stem,unemployed,unemployed,0,0,0
89,arts,salaried,transportation,79843,1,1
84,business,contractual,it,146547,1,1
62,stem,unemployed,unemployed,0,1,0
48,arts,contractual,engineering,112035,0,0
67,business,salaried,transportation,120250,1,0
70,business,contractual,arts,42203,0,0
52,stem,self business,arts,122683,0,0
65,arts,contractual,engineering,60677,1,0
86,arts,contractual,it,72052,1,1
70,business,contractual,engineering,76955,1,0
55,arts,self business,accounting,42494,0,0
49,business,self business,engineering,65331,0,0
53,stem,unemployed,unemployed,82735,0,0
85,law,salaried,engineering,65815,1,1
84,stem,salaried,accounting,0,1,1
73,stem,contractual,accounting,40800,1,0
44,stem,unemployed,unemployed,0,1,0
58,stem,unemployed,unemployed,126573,0,0
57,law,contractual,arts,54432,0,0
46,law,salaried,transportation,87152,0,0
89,law,self business,engineering,84760,1,1
69,arts,contractual,it,107089,1,0
40,business,contractual,accounting,43825,0,0
49,business,salaried,accounting,146750,1,0
75,stem,unemployed,unemployed,77240,0,0
88,arts,contractual,law,0,1,1
52,law,self business,law,119728,1,0
52,law,unemployed,unemployed,0,0,0
66,stem,salaried,it,109495,1,0
45,law,contractual,accounting,56099,1,0
54,arts,salaried,transportation,149227,1,0
65,law,salaried,health,46615,0,0
68,business,self business,arts,142643,1,0
44,business,salaried,health,121070,1,0
55,arts,unemployed,unemployed,0,1,0
88,law,salaried,arts,0,1,1
52,stem,salaried,transportation,75440,1,0
44,arts,unemployed,unemployed,0,0,0
66,business,self business,transportation,130067,0,0
69,business,self business,it,56126,1,0
67,arts,self business,transportation,67929,1,0
86,stem,self business,it,85820,1,1
82,stem,salaried,law,103702,1,1
80,stem,salaried,arts,88481,1,1
84,law,salaried,arts,79158,1,1
67,law,salaried,engineering,76168,1,0
67,stem,contractual,it,130363,0,0
77,business,self business,arts,45365,1,1
46,business,unemployed,unemployed,142327,1,0
52,stem,salaried,transportation,128912,1,0
60,arts,contractual,accounting,55155,1,0
48,stem,unemployed,unemployed,0,0,0
58,law,salaried,health,132143,0,0
89,law,self business,it,109206,1,1
43,business,contractual,engineering,113059,1,0
85,business,self business,it,93179,1,1
42,law,unemployed,unemployed,0,0,0
68,arts,salaried,it,85579,1,0
81,stem,self business,transportation,62469,1,1
57,law,contractual,accounting,85852,1,0
43,stem,unemployed,unemployed,0,0,0
70,arts,salaried,it,0,1,1
66,stem,self business,engineering,96239,1,0
44,business,unemployed,unemployed,142611,0,0
84,law,salaried,accounting,112394,1,1
63,stem,salaried,health,133262,1,0
76,business,self business,law,118012,0,0
77,business,unemployed,unemployed,0,0,0
84,stem,salaried,transportation,117677,1,1
51,business,contractual,transportation,103639,1,0
61,stem,contractual,it,57074,1,0
60,law,contractual,transportation,83519,0,0
77,arts,contractual,law,147674,1,0
75,business,contractual,health,148376,0,0
76,law,contractual,health,103863,1,0
50,law,salaried,engineering,47643,0,0
68,law,unemployed,unemployed,0,1,0
66,stem,contractual,accounting,102699,1,0
87,law,contractual,accounting,0,1,1
47,business,contractual,arts,72098,1,0
79,business,salaried,it,75108,0,0
75,law,unemployed,unemployed,0,1,0
58,law,contractual,transportation,148316,0,0
41,law,salaried,arts,80133,0,0
69,law,contractual,accounting,119920,1,0
86,stem,contractual,accounting,40381,1,1
79,arts,contractual,it,111072,1,0
77,business,self business,health,52819,1,0
78,law,contractual,health,119590,1,1
56,arts,salaried,accounting,134868,0,0
85,law,contractual,law,136969,1,1
79,stem,salaried,it,127436,0,0
55,stem,unemployed,unemployed,0,0,0
66,law,unemployed,unemployed,0,1,0
55,arts,contractual,engineering,147052,0,0
52,arts,salaried,arts,134086,1,0
54,stem,unemployed,unemployed,0,1,0
71,stem,self business,arts,149546,1,0
62,law,self business,health,75736,0,0
88,arts,contractual,transportation,65760,1,1
62,arts,salaried,it,108218,0,0
52,law,unemployed,unemployed,134488,0,0
77,arts,contractual,arts,149716,0,0
52,arts,unemployed,unemployed,0,0,0
58,business,unemployed,unemployed,0,0,0
41,business,contractual,arts,58270,1,0
88,stem,self business,it,0,1,1
82,stem,self business,health,148795,1,1
65,law,unemployed,unemployed,0,1,0
43,arts,salaried,transportation,45702,0,0
81,arts,self business,arts,115166,1,1
60,arts,contractual,health,64595,0,0
74,stem,salaried,engineering,116659,1,0
70,law,unemployed,unemployed,0,0,0
70,stem,salaried,engineering,66011,1,1
61,arts,unemployed,unemployed,0,1,0
55,stem,self business,law,139368,0,0
88,stem,salaried,it,0,1,1
73,business,unemployed,unemployed,0,0,0
85,stem,salaried,law,123679,1,1
88,business,contractual,transportation,138448,1,1
43,business,self business,law,130682,0,0
87,business,salaried,law,0,1,1
54,law,self business,arts,102965,1,0
75,law,unemployed,unemployed,0,1,0
59,law,unemployed,unemployed,0,1,0
63,stem,unemployed,unemployed,0,1,0
53,arts,salaried,accounting,146764,0,0
44,law,unemployed,unemployed,0,0,0
61,arts,unemployed,unemployed,91416,0,0
71,business,unemployed,unemployed,0,1,0
76,arts,unemployed,unemployed,0,1,0
50,arts,contractual,accounting,133961,0,0
44,law,salaried,engineering,52311,1,0
51,arts,self business,accounting,147789,0,0
78,business,salaried,arts,42876,0,0
85,law,contractual,engineering,71540,1,1
87,law,contractual,arts,0,1,1
41,business,contractual,engineering,103283,1,0
69,law,unemployed,unemployed,0,0,0
85,stem,contractual,accounting,122508,1,1
69,law,self business,engineering,44038,0,0
81,business,self business,engineering,124903,1,1
66,law,contractual,health,53616,1,0
41,law,self business,law,136130,0,0
72,stem,salaried,health,137494,1,0
87,stem,self business,arts,83370,1,1
42,law,salaried,transportation,141298,0,0
84,business,contractual,law,106571,1,1
85,arts,self business,health,42826,1,1
60,business,contractual,engineering,110186,1,0
57,arts,salaried,it,138863,0,0
78,law,unemployed,unemployed,0,1,0
46,law,salaried,health,98451,1,0
84,arts,contractual,transportation,91657,1,1
51,stem,unemployed,unemployed,0,0,0
78,stem,contractual,accounting,109779,1,1
70,stem,unemployed,unemployed,105586,0,0
89,arts,self business,it,103189,1,1
77,business,contractual,it,54012,1,0
57,arts,salaried,accounting,93535,0,0
73,arts,contractual,accounting,127000,1,0
79,business,self business,engineering,115055,1,1
68,law,self business,it,88703,1,0
41,law,salaried,arts,46738,1,0
74,business,salaried,health,48885,1,1
43,law,contractual,law,67296,1,0
74,stem,contractual,law,107680,0,0
86,business,salaried,health,47166,1,1
74,arts,self business,arts,75050,1,0
61,stem,salaried,law,53184,0,0
54,law,contractual,transportation,112796,0,0
85,business,salaried,law,132827,1,1
52,stem,self business,arts,99842,0,0
70,business,salaried,transportation,66629,0,0
81,business,salaried,accounting,111093,1,1
52,arts,contractual,engineering,60470,0,0
48,arts,unemployed,unemployed,0,0,0
82,business,self business,health,62458,1,1
64,stem,salaried,it,91394,1,0
75,law,self business,law,80217,1,0
72,business,salaried,accounting,87883,1,1
48,law,unemployed,unemployed,0,1,0
82,stem,self business,it,110146,1,1
43,stem,salaried,accounting,115783,1,0
81,law,contractual,transportation,101528,1,1
53,stem,contractual,arts,134136,1,0
54,stem,unemployed,unemployed,0,0,0
88,arts,self business,law,0,1,1
61,stem,contractual,health,134725,1,0
86,stem,salaried,health,106757,1,1
46,law,self business,engineering,129360,1,0
58,arts,unemployed,unemployed,0,0,0
82,law,contractual,accounting,123274,1,1
55,business,salaried,accounting,63783,1,0
53,law,self business,law,45944,1,0
72,arts,contractual,transportation,76870,0,0
74,law,unemployed,unemployed,0,1,0
82,arts,salaried,accounting,105455,1,1
71,arts,salaried,accounting,50812,1,1
67,law,contractual,law,131977,1,0
47,law,self business,engineering,54649,1,0
76,law,self business,it,98083,1,1
78,law,self business,health,45578,1,0
81,arts,salaried,arts,135306,1,1
62,law,unemployed,unemployed,0,1,0
45,stem,contractual,health,144818,1,0
80,business,contractual,health,48635,0,0
82,stem,salaried,health,139953,1,1
74,business,unemployed,unemployed,143780,0,0
54,stem,unemployed,unemployed,0,1,0
49,arts,contractual,health,148635,1,0
87,business,self business,engineering,118328,1,1
63,arts,self business,engineering,68229,1,0
43,arts,salaried,health,100888,0,0
79,stem,self business,arts,128209,1,0
84,law,salaried,health,135773,1,1
40,stem,contractual,arts,52987,0,0
56,arts,contractual,health,123675,1,0
59,law,unemployed,unemployed,0,1,0
77,arts,contractual,arts,116447,0,0
70,business,self business,law,63057,1,0
60,business,self business,health,112994,0,0
84,arts,self business,health,59392,1,1
43,stem,contractual,arts,99024,0,0
44,law,contractual,it,101606,1,0
74,arts,contractual,arts,102019,0,0
82,arts,salaried,it,78948,1,1
71,business,contractual,law,102359,0,0
56,arts,contractual,accounting,40718,0,0
84,law,contractual,transportation,81073,1,1
50,business,contractual,health,53156,0,0
78,law,salaried,it,128780,0,0
80,arts,salaried,health,64705,1,1
75,arts,unemployed,unemployed,0,1,0
76,arts,contractual,transportation,82086,0,0
74,business,self business,health,130568,0,0
51,law,contractual,health,142723,0,0
80,law,contractual,it,0,1,1
63,stem,unemployed,unemployed,0,0,0
65,stem,unemployed,unemployed,0,0,0
45,stem,contractual,it,136398,0,0
67,stem,salaried,law,64231,1,0
86,arts,self business,health,57205,1,1
57,arts,salaried,it,142649,1,0
60,law,unemployed,unemployed,0,0,0
60,business,contractual,law,142737,1,0
79,arts,contractual,arts,103244,0,0
52,law,self business,it,51990,0,0
56,arts,contractual,engineering,80650,1,0
79,stem,unemployed,unemployed,0,1,0
87,arts,contractual,transportation,61669,1,1
54,arts,contractual,arts,112171,1,0
84,law,contractual,arts,65637,1,1
45,stem,salaried,it,40731,1,0
89,business,salaried,transportation,74498,1,1
49,law,unemployed,unemployed,128944,1,0
51,arts,unemployed,unemployed,0,1,0
54,arts,contractual,arts,142037,1,0
61,business,self business,health,126935,1,0
83,law,contractual,transportation,0,1,1
71,business,contractual,arts,49199,1,1
49,business,salaried,accounting,67424,1,0
49,business,unemployed,unemployed,101207,1,0
50,law,contractual,arts,98486,0,0
73,arts,salaried,health,144215,0,0
55,law,contractual,engineering,90826,0,0
42,law,salaried,transportation,101226,1,0
70,stem,salaried,engineering,120799,1,1
54,stem,unemployed,unemployed,0,1,0
64,arts,unemployed,unemployed,82334,0,0
74,stem,unemployed,unemployed,52118,0,0
70,law,self business,it,85436,1,1
58,business,contractual,it,54016,0,0
68,law,unemployed,unemployed,0,0,0
81,arts,contractual,accounting,0,1,1
80,law,contractual,transportation,67067,1,0
72,law,self business,accounting,59032,0,0
50,law,self business,health,132167,0,0
66,law,unemployed,unemployed,0,1,0
60,business,unemployed,unemployed,130717,1,0
67,arts,self business,it,60820,0,0
62,stem,salaried,law,64006,1,0
71,arts,salaried,arts,0,1,1
65,business,self business,health,119187,0,0
67,business,contractual,accounting,110656,0,0
63,stem,self business,accounting,52705,0,0
83,law,contractual,accounting,0,1,1
50,business,self business,transportation,114921,0,0
55,business,contractual,engineering,106104,1,0
46,arts,salaried,it,137317,0,0
59,stem,contractual,engineering,111133,0,0
64,law,contractual,it,144289,1,0
68,business,contractual,transportation,62975,0,0
43,law,unemployed,unemployed,0,1,0
81,law,self business,health,68925,1,1
57,business,salaried,transportation,145690,1,0
54,business,contractual,law,119829,1,0
58,business,self business,law,92228,1,0
79,business,unemployed,unemployed,0,1,0
85,arts,self business,accounting,0,1,1
56,stem,self business,law,50263,1,0
64,business,unemployed,unemployed,0,0,0
41,business,contractual,accounting,94111,1,0
64,business,contractual,law,76553,0,0
82,arts,salaried,transportation,0,1,1
89,stem,salaried,accounting,89556,1,1
86,business,contractual,accounting,109771,1,1
41,business,contractual,accounting,60433,1,0
81,business,self business,accounting,0,1,1
89,business,salaried,law,0,1,1
67,law,contractual,it,47001,0,0
73,stem,salaried,arts,124113,0,0
44,business,salaried,transportation,90241,0,0
58,business,self business,law,123104,1,0
45,stem,salaried,it,92204,1,0
53,stem,unemployed,unemployed,0,1,0
82,law,contractual,transportation,40176,1,1
68,law,unemployed,unemployed,126855,0,0
75,stem,salaried,it,64665,1,0
81,business,contractual,engineering,129484,1,1
62,business,salaried,transportation,94812,1,0
83,stem,self business,arts,103978,1,1
54,law,salaried,arts,61993,1,0
68,business,unemployed,unemployed,52556,1,0
59,stem,contractual,law,141673,1,0
56,arts,self business,accounting,149554,1,0
40,stem,salaried,law,100365,0,0
85,business,self business,law,0,1,1
66,law,self business,law,100420,0,0
79,business,self business,it,101822,0,0
83,stem,self business,engineering,78558,1,1
58,business,unemployed,unemployed,0,0,0
74,law,self business,engineering,108577,0,0
69,business,self business,accounting,80677,1,0
79,arts,unemployed,unemployed,0,1,0
60,arts,salaried,accounting,68869,0,0
53,business,self business,accounting,126928,1,0
58,arts,unemployed,unemployed,0,0,0
43,stem,unemployed,unemployed,0,0,0
70,business,salaried,transportation,59533,1,1
49,business,contractual,it,63751,1,0
68,arts,salaried,engineering,109184,1,0
86,law,contractual,it,98094,1,1
89,arts,contractual,accounting,121951,1,1
45,stem,self business,law,93630,1,0
81,arts,salaried,law,97832,1,1
41,business,unemployed,unemployed,0,1,0
79,stem,unemployed,unemployed,0,0,0
62,law,unemployed,unemployed,0,0,0
77,business,unemployed,unemployed,0,1,0
45,stem,self business,accounting,125813,1,0
75,stem,unemployed,unemployed,0,1,0
68,law,self business,engineering,80331,1,0
40,stem,contractual,it,128387,1,0
70,business,unemployed,unemployed,0,0,0
82,stem,salaried,accounting,81334,1,1
89,arts,self business,it,79896,1,1
64,arts,salaried,transportation,64281,1,0
62,business,self business,it,65205,1,0
44,arts,contractual,engineering,89556,0,0
72,business,unemployed,unemployed,0,1,0
50,arts,contractual,accounting,145630,0,0
74,stem,unemployed,unemployed,0,0,0
84,arts,self business,health,0,1,1
53,law,self business,engineering,143445,1,0
69,law,unemployed,unemployed,110786,1,0
41,law,contractual,accounting,79363,0,0
81,arts,salaried,engineering,0,1,1
69,business,self business,law,120648,0,0
63,stem,contractual,law,95907,0,0
55,business,salaried,health,90189,1,0
86,arts,salaried,accounting,0,1,1
82,stem,contractual,transportation,104056,1,1
53,business,unemployed,unemployed,0,1,0
77,arts,unemployed,unemployed,0,0,0
89,stem,contractual,it,70848,1,1
50,stem,salaried,law,78270,0,0
68,business,salaried,transportation,43331,1,0
40,business,self business,law,105364,1,0
66,arts,salaried,it,87692,0,0
61,law,contractual,arts,92705,1,0
48,arts,self business,arts,132963,1,0
86,arts,salaried,transportation,71773,1,1
86,law,salaried,law,0,1,1
48,arts,unemployed,unemployed,98957,0,0
64,law,self business,law,128248,0,0
45,arts,unemployed,unemployed,0,1,0
68,stem,unemployed,unemployed,72534,0,0
42,business,salaried,transportation,127127,0,0
88,law,salaried,accounting,104256,1,1
79,law,self business,arts,57781,0,0
47,stem,contractual,accounting,134286,0,0
64,business,unemployed,unemployed,0,0,0
55,law,unemployed,unemployed,0,1,0
48,arts,self business,health,108850,1,0
60,law,salaried,health,96488,0,0
81,business,self business,law,119275,1,1
89,law,contractual,it,0,1,1
85,arts,self business,health,106841,1,1
66,law,self business,arts,138218,0,0
74,stem,unemployed,unemployed,0,0,0
53,arts,unemployed,unemployed,0,1,0
76,arts,contractual,engineering,135439,1,0
58,business,unemployed,unemployed,51182,1,0
84,arts,self business,engineering,97167,1,1
72,stem,self business,law,57245,1,1
45,business,unemployed,unemployed,0,0,0
49,arts,unemployed,unemployed,0,0,0
89,law,contractual,it,0,1,1
69,arts,contractual,transportation,46952,1,0
59,law,self business,transportation,45303,1,0
63,arts,self business,arts,106113,1,0
40,stem,unemployed,unemployed,0,0,0
78,business,salaried,transportation,115820,1,0
60,stem,salaried,engineering,93519,0,0
78,arts,salaried,engineering,51243,1,1
70,business,self business,health,97873,1,1
64,stem,unemployed,unemployed,0,1,0
56,business,self business,health,112786,1,0
83,business,contractual,engineering,0,1,1
77,stem,contractual,it,60159,1,0
46,law,self business,engineering,68959,1,0
79,law,unemployed,unemployed,148455,1,0
76,arts,contractual,transportation,122239,1,1
69,arts,contractual,transportation,52861,0,0
69,arts,self business,health,140955,1,0
59,stem,unemployed,unemployed,0,0,0
57,business,contractual,accounting,55541,1,0
85,law,self business,law,129265,1,1
83,arts,salaried,arts,101701,1,1
86,stem,salaried,law,79619,1,1
89,business,salaried,law,108358,1,1
69,stem,self business,it,63656,0,0
48,law,unemployed,unemployed,70363,1,0
85,business,salaried,transportation,55664,1,1
80,stem,contractual,arts,114002,1,0
69,stem,salaried,law,46543,1,0
51,arts,contractual,transportation,73999,1,0
54,business,self business,health,148646,1,0
86,stem,salaried,accounting,125424,1,1
70,business,salaried,health,86978,0,0
72,arts,unemployed,unemployed,0,1,0
73,business,unemployed,unemployed,63736,1,0
49,business,salaried,engineering,135287,0,0
54,arts,unemployed,unemployed,0,0,0
78,law,unemployed,unemployed,0,0,0
43,law,unemployed,unemployed,0,0,0
79,arts,salaried,accounting,112935,0,0
61,arts,self business,law,72833,1,0
47,business,unemployed,unemployed,0,1,0
70,law,self business,law,138620,0,0
65,law,salaried,transportation,68980,1,0
85,arts,self business,it,148130,1,1
77,stem,contractual,accounting,103277,1,0
70,business,unemployed,unemployed,0,0,0
65,arts,unemployed,unemployed,0,1,0
77,stem,contractual,accounting,0,1,1
89,stem,contractual,accounting,58705,1,1
89,business,contractual,law,0,1,1
67,stem,unemployed,unemployed,83767,0,0
67,law,unemployed,unemployed,0,1,0
56,business,self business,accounting,83198,0,0
40,business,salaried,arts,123976,1,0
48,arts,unemployed,unemployed,0,0,0
85,business,salaried,engineering,56239,1,1
55,law,salaried,accounting,102282,0,0
73,business,contractual,accounting,67680,0,0
55,arts,contractual,engineering,137964,1,0
46,business,contractual,accounting,105654,0,0
72,arts,self business,engineering,137312,1,0
77,arts,unemployed,unemployed,0,0,0
76,business,self business,accounting,0,1,1
65,arts,self business,accounting,107009,1,0
77,law,unemployed,unemployed,0,1,0
55,arts,unemployed,unemployed,0,0,0
83,law,salaried,accounting,66288,1,1
41,law,contractual,transportation,76764,1,0
42,arts,salaried,engineering,96327,0,0
78,stem,unemployed,unemployed,0,0,0
80,law,contractual,law,45804,0,0
66,stem,self business,it,72608,0,0
89,law,contractual,it,91543,1,1
84,arts,salaried,arts,52114,1,1
66,arts,salaried,it,87379,1,0
54,business,salaried,transportation,117483,0,0
63,arts,unemployed,unemployed,0,0,0
77,law,contractual,accounting,129853,0,0
76,business,unemployed,unemployed,124814,0,0
76,business,unemployed,unemployed,0,1,0
46,stem,self business,health,107868,1,0
79,law,unemployed,unemployed,0,0,0
68,business,contractual,engineering,118309,0,0
87,law,contractual,arts,0,1,1
88,arts,contractual,engineering,67234,1,1
47,law,unemployed,unemployed,0,1,0
40,arts,salaried,health,56282,0,0
42,arts,self business,engineering,53612,0,0
61,business,salaried,law,61404,0,0
50,stem,salaried,transportation,136887,0,0
87,law,salaried,transportation,87638,1,1
74,law,unemployed,unemployed,0,0,0
57,law,unemployed,unemployed,0,1,0
89,business,contractual,accounting,59856,1,1
73,law,salaried,law,86098,1,0
80,arts,self business,health,121435,1,1
56,business,contractual,it,92881,1,0
67,arts,unemployed,unemployed,0,0,0
44,arts,self business,law,116283,0,0
61,stem,self business,law,89369,1,0
50,business,self business,arts,57445,1,0
51,law,unemployed,unemployed,0,0,0
81,arts,self business,it,0,1,1
62,business,unemployed,unemployed,0,1,0
52,arts,self business,accounting,119239,0,0
42,business,contractual,engineering,74511,1,0
74,business,contractual,it,149566,0,0
82,law,salaried,transportation,133980,1,1
66,law,self business,transportation,87006,0,0
86,law,contractual,transportation,138094,1,1
85,arts,contractual,accounting,62466,1,1
63,stem,salaried,law,149699,0,0
72,stem,salaried,accounting,72784,1,0
48,law,salaried,it,145334,1,0
47,arts,self business,accounting,129669,0,0
84,arts,contractual,engineering,0,1,1
66,arts,unemployed,unemployed,0,0,0
62,arts,contractual,health,131264,0,0
85,business,salaried,health,99138,1,1
46,stem,self business,it,81566,0,0
74,stem,unemployed,unemployed,0,0,0
47,stem,contractual,health,149388,0,0
49,law,unemployed,unemployed,89595,1,0
86,law,self business,it,128882,1,1
72,stem,contractual,arts,109894,0,0
67,business,unemployed,unemployed,0,0,0
73,stem,contractual,health,95817,1,0
41,law,self business,it,112013,1,0
86,business,contractual,health,0,1,1
59,law,unemployed,unemployed,0,0,0
42,stem,salaried,transportation,83074,1,0
51,business,contractual,health,102848,1,0
89,stem,contractual,arts,93277,1,1
75,arts,unemployed,unemployed,0,0,0
80,stem,salaried,it,78364,0,0
62,law,unemployed,unemployed,0,1,0
48,arts,salaried,health,127234,0,0
77,business,unemployed,unemployed,79451,0,0
50,arts,unemployed,unemployed,0,1,0
76,law,salaried,it,96045,0,0
66,law,salaried,law,63777,0,0
71,business,unemployed,unemployed,0,1,0
76,law,unemployed,unemployed,0,0,0
73,arts,salaried,law,80368,1,0
84,stem,contractual,engineering,0,1,1
86,arts,self business,health,0,1,1
75,law,salaried,accounting,142746,1,0
49,stem,salaried,engineering,129672,1,0
84,law,salaried,accounting,98412,1,1
86,law,contractual,arts,0,1,1
61,law,contractual,transportation,103837,0,0
50,business,contractual,it,113285,0,0
66,arts,unemployed,unemployed,108986,1,0
58,stem,unemployed,unemployed,0,0,0
43,law,unemployed,unemployed,0,0,0
62,stem,salaried,accounting,138689,0,0
69,stem,unemployed,unemployed,0,1,0
56,business,salaried,accounting,47088,1,0
59,arts,self business,law,69893,1,0
68,arts,self business,engineering,127349,0,0
63,law,contractual,it,136564,0,0
67,stem,contractual,health,100777,0,0
46,stem,unemployed,unemployed,0,1,0
66,arts,unemployed,unemployed,0,1,0
67,law,unemployed,unemployed,0,1,0
57,business,self business,arts,71916,0,0
58,law,salaried,it,48207,0,0
52,law,self business,health,75705,0,0
46,stem,salaried,transportation,147586,0,0
87,law,salaried,arts,142137,1,1
44,stem,self business,it,105348,0,0
85,business,salaried,health,147060,1,1
66,arts,self business,engineering,109399,1,0
62,business,unemployed,unemployed,0,0,0
83,law,salaried,law,58234,1,1
88,business,self business,engineering,0,1,1
52,business,self business,it,64354,0,0
86,arts,salaried,accounting,78799,1,1
56,business,contractual,health,133208,0,0
56,stem,unemployed,unemployed,0,0,0
78,arts,salaried,accounting,88269,0,0
50,business,contractual,health,111348,0,0
74,law,self business,it,53051,1,0
83,stem,salaried,law,63293,1,1
42,law,salaried,accounting,85137,0,0
74,stem,unemployed,unemployed,0,0,0
72,business,salaried,engineering,89124,0,0
49,stem,contractual,transportation,84986,1,0
76,stem,contractual,it,143964,1,0
41,stem,self business,transportation,56131,1,0
70,arts,contractual,accounting,59042,1,1
52,law,self business,arts,69327,0,0
69,arts,salaried,arts,109758,0,0
44,law,contractual,engineering,47143,1,0
89,arts,contractual,accounting,105275,1,1
51,stem,unemployed,unemployed,68768,1,0
53,stem,contractual,health,72895,1,0
67,stem,unemployed,unemployed,54989,0,0
83,business,contractual,health,40236,1,1
49,stem,contractual,health,111365,1,0
86,law,salaried,health,0,1,1
77,business,contractual,it,126699,0,0
51,business,unemployed,unemployed,0,0,0
75,arts,self business,accounting,143464,1,0
42,law,contractual,law,106935,1,0
73,business,salaried,transportation,124811,1,0
44,law,salaried,arts,40396,1,0
45,stem,salaried,accounting,130146,0,0
75,law,self business,arts,106817,1,0
76,law,unemployed,unemployed,0,1,0
66,business,self business,arts,124910,1,0
73,business,unemployed,unemployed,0,0,0
60,law,self business,transportation,109683,1,0
45,business,self business,engineering,81509,1,0
48,business,self business,health,125678,1,0
56,stem,salaried,transportation,92303,0,0
42,law,self business,health,131869,0,0
65,law,self business,accounting,125424,1,0
45,law,contractual,engineering,135239,0,0
49,law,salaried,engineering,43303,0,0
61,stem,self business,arts,86383,0,0
77,law,salaried,it,65545,1,0
78,business,salaried,transportation,97001,1,1
60,law,unemployed,unemployed,0,1,0
42,arts,contractual,health,145953,1,0
71,arts,unemployed,unemployed,0,1,0
46,stem,contractual,transportation,88803,0,0
68,law,salaried,law,40541,0,0
72,arts,unemployed,unemployed,0,1,0
47,stem,contractual,accounting,134490,1,0
59,business,self business,it,90653,0,0
52,business,contractual,arts,105527,1,0
61,law,self business,engineering,108513,0,0
40,law,self business,arts,88917,0,0
88,business,contractual,it,97286,1,1
73,business,contractual,health,108494,0,0
55,arts,salaried,arts,63557,0,0
82,business,salaried,law,97684,1,1
45,business,salaried,engineering,129763,0,0
47,arts,salaried,transportation,129731,0,0
53,business,contractual,transportation,57469,1,0
68,business,self business,engineering,97894,0,0
67,arts,self business,law,140161,1,0
53,stem,contractual,health,74781,0,0
74,business,unemployed,unemployed,0,0,0
62,business,salaried,it,68655,1,0
85,law,salaried,arts,99492,1,1
41,stem,contractual,engineering,65687,0,0
80,stem,salaried,law,105069,1,0
82,law,salaried,arts,101082,1,1
40,stem,contractual,law,102554,1,0
57,law,unemployed,unemployed,0,1,0
46,law,unemployed,unemployed,0,0,0
66,business,contractual,accounting,100145,1,0
69,law,contractual,health,126517,0,0
69,stem,unemployed,unemployed,77812,0,0
61,arts,salaried,health,51650,1,0
76,business,contractual,transportation,112445,0,0
71,business,self business,accounting,88049,0,0
73,law,salaried,arts,65441,1,0
79,business,self business,health,65947,1,1
87,business,self business,health,77317,1,1
75,business,contractual,law,59143,1,0
87,stem,self business,transportation,92423,1,1
79,business,salaried,health,123975,1,0
54,business,self business,engineering,73159,0,0
42,stem,contractual,law,77679,0,0
69,business,unemployed,unemployed,0,0,0
44,arts,contractual,accounting,143973,1,0
77,law,contractual,accounting,132321,1,1
89,law,contractual,transportation,0,1,1
59,law,unemployed,unemployed,0,0,0
84,law,salaried,transportation,58312,1,1
71,arts,contractual,arts,106482,1,0
45,arts,unemployed,unemployed,0,0,0
67,law,self business,accounting,139532,1,0
84,business,self business,health,129527,1,1
41,arts,self business,it,53638,1,0
73,business,salaried,arts,51044,0,0
55,stem,salaried,health,43393,1,0
58,law,unemployed,unemployed,123179,1,0
71,business,unemployed,unemployed,123251,0,0
79,business,contractual,engineering,51516,0,0
63,stem,salaried,arts,77582,1,0
62,business,unemployed,unemployed,127463,0,0
43,law,self business,transportation,54860,1,0
63,arts,self business,law,101251,1,0
78,stem,salaried,transportation,78076,0,0
57,stem,contractual,engineering,83900,0,0
76,business,contractual,engineering,0,1,1
54,law,self business,it,149177,0,0
87,business,self business,engineering,139589,1,1
75,business,contractual,engineering,111992,1,1
73,arts,contractual,law,65194,1,1
55,law,unemployed,unemployed,0,0,0
75,stem,contractual,engineering,76507,0,0
60,law,salaried,health,80376,0,0
82,arts,salaried,engineering,0,1,1
63,business,contractual,law,96622,1,0
82,arts,contractual,health,65944,1,1
84,stem,contractual,arts,81790,1,1
45,stem,unemployed,unemployed,0,0,0
82,business,salaried,engineering,77763,1,1
55,arts,salaried,law,115934,0,0
75,arts,self business,transportation,125445,1,1
62,business,contractual,accounting,137480,0,0
77,arts,self business,accounting,133107,0,0
48,business,unemployed,unemployed,0,1,0
88,arts,self business,transportation,0,1,1
68,arts,unemployed,unemployed,0,0,0
58,business,unemployed,unemployed,0,0,0
68,stem,contractual,health,146712,0,0
81,business,salaried,it,67588,1,1
67,arts,self business,law,67050,1,0
69,stem,self business,transportation,91247,0,0
87,stem,self business,arts,42009,1,1
80,arts,self business,accounting,0,1,1
49,stem,self business,arts,101995,1,0
74,business,contractual,accounting,0,1,1
56,arts,unemployed,unemployed,0,0,0
71,business,unemployed,unemployed,0,1,0
70,stem,self business,engineering,58338,0,0
59,business,self business,health,136581,1,0
49,stem,contractual,law,130188,1,0
43,arts,salaried,accounting,122328,0,0
52,arts,self business,transportation,104279,1,0
55,business,unemployed,unemployed,0,0,0
47,business,unemployed,unemployed,0,1,0
76,law,salaried,arts,118110,0,0
84,arts,self business,law,93235,1,1
44,law,self business,engineering,139176,0,0
54,business,unemployed,unemployed,0,0,0
76,business,self business,engineering,123703,1,0
58,stem,contractual,engineering,49332,0,0
82,business,self business,accounting,77785,1,1
74,business,self business,health,75567,1,1
71,business,contractual,transportation,60692,1,0
51,arts,salaried,transportation,44443,1,0
64,stem,unemployed,unemployed,0,0,0
40,arts,salaried,transportation,49464,1,0
71,arts,unemployed,unemployed,100142,0,0
72,business,contractual,arts,88502,1,0
57,business,salaried,transportation,119086,0,0
88,law,self business,accounting,141221,1,1
54,law,unemployed,unemployed,0,0,0
69,business,salaried,arts,72979,0,0
57,arts,salaried,transportation,77119,0,0
49,business,self business,transportation,138298,0,0
59,business,self business,it,49694,1,0
74,stem,contractual,arts,60946,0,0
75,business,salaried,transportation,73277,0,0
55,stem,self business,accounting,81813,1,0
63,law,unemployed,unemployed,0,0,0
89,arts,salaried,transportation,92937,1,1
58,law,unemployed,unemployed,0,0,0
80,business,self business,health,129059,1,0
66,stem,contractual,health,126131,0,0
76,law,unemployed,unemployed,0,1,0
85,stem,salaried,it,46454,1,1
45,law,self business,accounting,111635,1,0
78,business,salaried,arts,143150,1,1
64,arts,unemployed,unemployed,107095,1,0
68,law,salaried,arts,135985,1,0
87,business,contractual,it,134605,1,1
86,law,salaried,arts,122609,1,1
84,stem,self business,transportation,121205,1,1
41,arts,self business,it,128967,0,0
71,business,contractual,law,119355,0,0
76,business,contractual,law,76468,1,1
56,arts,contractual,law,147395,1,0
79,stem,salaried,it,63287,1,0
54,arts,self business,accounting,120263,1,0
63,business,unemployed,unemployed,122101,1,0
86,business,salaried,health,131757,1,1
75,business,self business,arts,50751,0,0
65,arts,unemployed,unemployed,133653,1,0
57,arts,self business,law,62341,0,0
51,arts,salaried,transportation,69475,1,0
48,arts,salaried,health,127788,0,0
59,business,self business,health,144557,0,0
86,law,salaried,it,0,1,1
76,law,contractual,accounting,0,1,1
42,stem,self business,engineering,78004,0,0
86,arts,contractual,transportation,78784,1,1
89,law,salaried,arts,103611,1,1
82,business,self business,engineering,49619,1,1
61,stem,contractual,health,112437,0,0
87,business,salaried,law,85177,1,1
71,business,self business,transportation,118337,0,0
87,law,self business,law,0,1,1
84,law,contractual,law,0,1,1
79,business,self business,accounting,78481,0,0
76,law,contractual,law,94853,0,0
61,business,unemployed,unemployed,0,1,0
74,business,salaried,law,0,1,1
89,business,contractual,law,53298,1,1
57,arts,unemployed,unemployed,0,0,0
71,business,unemployed,unemployed,0,0,0
77,law,contractual,engineering,85718,0,0
66,business,unemployed,unemployed,0,0,0
89,arts,salaried,arts,0,1,1
89,stem,salaried,it,0,1,1
67,arts,contractual,health,120044,1,0
80,law,self business,accounting,130579,1,0
71,law,contractual,accounting,41526,0,0
65,business,salaried,engineering,147149,1,0
49,arts,unemployed,unemployed,0,0,0
44,arts,salaried,accounting,78647,1,0
79,stem,unemployed,unemployed,0,0,0
47,arts,salaried,engineering,112720,1,0
74,stem,unemployed,unemployed,0,1,0
42,arts,self business,arts,133956,0,0
57,stem,salaried,transportation,69858,0,0
84,stem,contractual,it,108582,1,1
59,business,salaried,health,48138,0,0
73,arts,self business,transportation,126256,0,0
82,arts,contractual,it,101855,1,1
71,law,self business,law,117497,1,0
66,business,self business,law,109334,1,0
47,business,unemployed,unemployed,0,1,0
89,business,salaried,transportation,81625,1,1
89,law,salaried,accounting,0,1,1
85,law,salaried,arts,140295,1,1
61,arts,self business,arts,95362,1,0
54,law,unemployed,unemployed,73225,1,0
50,law,unemployed,unemployed,0,1,0
77,stem,salaried,transportation,89864,0,0
88,business,self business,accounting,127832,1,1
47,business,unemployed,unemployed,44725,1,0
86,arts,self business,engineering,118367,1,1
76,arts,self business,law,53046,1,1
48,arts,salaried,transportation,66768,0,0
71,law,salaried,accounting,134103,1,1
87,stem,self business,accounting,112217,1,1
84,law,salaried,law,131386,1,1
44,business,unemployed,unemployed,0,0,0
54,arts,self business,health,94521,0,0
89,law,contractual,accounting,129944,1,1
63,business,unemployed,unemployed,0,0,0
82,stem,self business,it,121941,1,1
86,law,salaried,it,49512,1,1
65,business,salaried,it,144386,0,0
72,arts,salaried,engineering,107191,1,0
52,stem,self business,accounting,50728,0,0
87,law,salaried,health,44734,1,1
45,law,salaried,arts,124264,1,0
42,stem,self business,arts,139932,0,0
83,law,contractual,accounting,122134,1,1
46,law,contractual,engineering,45326,0,0
62,business,unemployed,unemployed,0,0,0
80,stem,unemployed,unemployed,0,1,0
71,law,salaried,law,0,1,1
86,law,salaried,engineering,62756,1,1
88,stem,contractual,law,76692,1,1
63,stem,unemployed,unemployed,0,1,0
70,business,self business,transportation,73320,0,0
49,business,salaried,transportation,101050,0,0
43,business,salaried,arts,84893,1,0
59,arts,contractual,health,88258,0,0
49,arts,unemployed,unemployed,141120,1,0
56,business,self business,health,139109,0,0
76,arts,unemployed,unemployed,0,0,0
88,business,self business,it,149586,1,1
87,business,salaried,accounting,75696,1,1
64,law,salaried,accounting,78075,1,0
56,stem,salaried,health,46059,0,0
75,law,unemployed,unemployed,0,0,0
63,law,self business,law,81851,1,0
54,arts,self business,engineering,129510,0,0
43,business,self business,accounting,132491,1,0
54,arts,unemployed,unemployed,52351,0,0
43,stem,salaried,law,134993,0,0
48,law,contractual,accounting,88189,0,0
82,business,self business,arts,0,1,1
63,stem,salaried,transportation,118284,0,0
79,business,salaried,arts,54334,1,0
60,stem,salaried,transportation,82840,1,0
83,arts,contractual,accounting,121681,1,1
53,business,self business,transportation,121035,0,0
51,arts,salaried,engineering,64663,0,0
42,business,self business,accounting,97421,1,0
40,law,unemployed,unemployed,0,1,0
67,stem,self business,transportation,149218,0,0
49,law,salaried,it,117318,1,0
81,business,contractual,engineering,146244,1,1
73,law,salaried,engineering,103709,1,0
78,law,contractual,arts,148807,0,0
56,law,self business,health,123712,1,0
71,stem,salaried,law,71638,1,0
83,stem,self business,health,144853,1,1
85,stem,contractual,arts,137288,1,1
65,stem,self business,arts,54890,0,0
63,stem,salaried,arts,100339,0,0
53,arts,contractual,it,55131,1,0
83,law,self business,it,98439,1,1
88,stem,salaried,transportation,0,1,1
44,business,salaried,engineering,75636,1,0
77,business,salaried,transportation,70032,1,0
62,business,unemployed,unemployed,40225,1,0
54,stem,self business,law,67207,1,0
77,arts,unemployed,unemployed,0,1,0
55,law,salaried,transportation,105507,1,0
65,stem,self business,it,89456,1,0
69,arts,contractual,law,148963,1,0
50,stem,contractual,accounting,133414,1,0
75,business,contractual,health,86770,0,0
40,stem,contractual,law,64487,1,0
82,law,contractual,arts,61392,1,1
64,business,unemployed,unemployed,0,1,0
73,business,self business,accounting,77598,1,1
78,law,salaried,law,60195,1,0
56,law,unemployed,unemployed,0,1,0
89,law,salaried,law,0,1,1
86,arts,self business,health,77644,1,1
69,stem,salaried,accounting,75314,0,0
52,business,contractual,accounting,126394,0,0
63,business,contractual,accounting,77692,1,0
73,stem,self business,it,86780,1,0
86,business,salaried,health,132052,1,1
70,business,contractual,health,70880,1,1
59,law,salaried,transportation,40359,0,0
50,stem,salaried,transportation,77061,1,0
74,stem,unemployed,unemployed,0,1,0
48,law,self business,transportation,109628,1,0
77,stem,unemployed,unemployed,0,1,0
65,stem,contractual,law,51649,0,0
64,business,salaried,it,95872,1,0
44,arts,unemployed,unemployed,0,1,0
57,business,unemployed,unemployed,0,0,0
84,stem,self business,law,56772,1,1
74,stem,unemployed,unemployed,0,1,0
46,business,contractual,it,90705,1,0
69,stem,unemployed,unemployed,0,1,0
85,law,salaried,accounting,0,1,1
46,stem,self business,it,83263,0,0
57,stem,contractual,health,112833,1,0
65,stem,salaried,accounting,62236,1,0
46,arts,contractual,law,53183,1,0
60,law,salaried,transportation,65392,0,0
68,law,self business,it,88961,0,0
71,arts,salaried,law,139137,1,0
73,arts,unemployed,unemployed,0,0,0
62,law,salaried,arts,112004,1,0
83,business,salaried,accounting,47159,1,1
89,stem,salaried,law,105179,1,1
42,business,contractual,engineering,117781,1,0
83,business,contractual,transportation,141122,1,1
57,business,unemployed,unemployed,0,1,0
54,law,salaried,transportation,127808,1,0
54,business,self business,accounting,67135,1,0
63,law,self business,health,133744,1,0
89,stem,salaried,accounting,60422,1,1
47,law,self business,accounting,130241,0,0
83,law,salaried,accounting,146700,1,1
40,arts,unemployed,unemployed,0,0,0
53,law,self business,accounting,117603,1,0
71,business,contractual,health,51176,1,1
69,arts,contractual,accounting,113416,1,0
81,stem,self business,health,0,1,1
81,stem,self business,engineering,78444,1,1
86,stem,contractual,it,45094,1,1
77,business,contractual,transportation,47597,1,1
76,stem,salaried,accounting,74836,1,0
88,stem,salaried,law,50223,1,1
52,law,unemployed,unemployed,0,0,0
89,arts,self business,accounting,0,1,1
40,stem,self business,it,76823,0,0
62,law,unemployed,unemployed,0,0,0
74,stem,self business,law,100142,0,0
76,stem,unemployed,unemployed,0,0,0
53,stem,self business,arts,106338,1,0
67,law,self business,accounting,88729,1,0
75,stem,unemployed,unemployed,73566,0,0
83,stem,contractual,health,81201,1,1
87,stem,self business,transportation,0,1,1
51,arts,unemployed,unemployed,0,1,0
65,stem,unemployed,unemployed,0,1,0
87,business,contractual,law,138845,1,1
53,stem,self business,transportation,145508,0,0
51,arts,salaried,engineering,90637,0,0
81,arts,salaried,transportation,85148,1,1
78,arts,unemployed,unemployed,0,0,0
82,stem,self business,engineering,91828,1,1
77,business,salaried,health,67612,1,1
60,law,contractual,it,60950,0,0
52,law,salaried,accounting,140178,1,0
76,arts,unemployed,unemployed,0,0,0
57,arts,salaried,accounting,130746,1,0
71,law,unemployed,unemployed,0,0,0
65,arts,unemployed,unemployed,0,1,0
57,business,contractual,it,42048,1,0
60,law,unemployed,unemployed,0,0,0
61,business,salaried,transportation,112682,0,0
83,law,contractual,arts,0,1,1
64,law,unemployed,unemployed,0,0,0
42,stem,self business,law,49512,0,0
43,arts,contractual,transportation,96805,1,0
68,stem,unemployed,unemployed,0,1,0
79,stem,contractual,it,41780,1,1
89,law,salaried,health,88685,1,1
69,stem,unemployed,unemployed,0,1,0
88,business,self business,law,149330,1,1
55,law,self business,health,138642,0,0
64,law,unemployed,unemployed,87923,1,0
73,arts,unemployed,unemployed,130504,0,0
42,law,unemployed,unemployed,120597,0,0
89,law,contractual,transportation,135346,1,1
67,law,salaried,engineering,45395,1,0
85,arts,contractual,engineering,142566,1,1
80,stem,unemployed,unemployed,0,1,0
88,stem,contractual,law,78077,1,1
86,business,salaried,it,49583,1,1
48,business,salaried,accounting,111447,0,0
80,arts,contractual,accounting,133165,0,0
63,law,unemployed,unemployed,0,0,0
59,business,self business,law,45336,0,0
55,business,unemployed,unemployed,0,0,0
59,stem,contractual,engineering,78004,0,0
50,law,contractual,accounting,53762,0,0
88,law,salaried,accounting,0,1,1
43,business,unemployed,unemployed,142833,1,0
75,law,salaried,accounting,50213,1,0
70,business,unemployed,unemployed,0,1,0
79,arts,self business,arts,133410,1,1
63,stem,unemployed,unemployed,47247,1,0
80,business,self business,arts,63507,0,0
74,law,unemployed,unemployed,0,1,0
53,business,salaried,arts,118581,0,0
48,law,contractual,health,103571,1,0
40,arts,unemployed,unemployed,0,0,0
40,arts,self business,accounting,61560,1,0
60,law,contractual,arts,115142,1,0
67,stem,contractual,accounting,127737,1,0
75,business,contractual,accounting,48853,1,1
53,law,unemployed,unemployed,112842,1,0
51,stem,contractual,it,40664,0,0
73,stem,unemployed,unemployed,41066,1,0
63,arts,salaried,engineering,95446,0,0
54,stem,salaried,transportation,146662,1,0
46,law,salaried,health,84728,1,0
66,law,unemployed,unemployed,0,1,0
71,business,salaried,transportation,69853,0,0
64,stem,self business,arts,112771,1,0
67,arts,unemployed,unemployed,45410,0,0
89,law,contractual,accounting,0,1,1
58,stem,unemployed,unemployed,80969,0,0
78,arts,self business,it,94909,0,0
64,law,contractual,arts,53533,0,0
48,stem,unemployed,unemployed,55600,0,0
56,law,contractual,it,49780,1,0
49,arts,contractual,engineering,140117,0,0
82,law,salaried,it,55273,1,1
67,stem,self business,engineering,134739,0,0
78,stem,self business,it,109817,1,1
55,business,unemployed,unemployed,0,1,0
52,arts,salaried,arts,86212,1,0
77,law,self business,arts,0,1,1
79,business,self business,law,115203,1,1
55,stem,unemployed,unemployed,0,0,0
85,law,contractual,law,112532,1,1
63,arts,salaried,it,134653,0,0
62,arts,self business,transportation,119772,1,0
71,arts,salaried,accounting,97582,1,1
86,stem,salaried,accounting,40637,1,1
53,arts,self business,accounting,143444,0,0
81,arts,contractual,arts,56951,1,1
78,law,salaried,it,141408,0,0
44,stem,self business,it,70598,0,0
51,law,self business,transportation,46790,0,0
69,law,unemployed,unemployed,0,1,0
44,arts,unemployed,unemployed,43608,0,0
53,business,salaried,transportation,135379,0,0
55,stem,salaried,law,70616,0,0
46,law,contractual,accounting,98212,1,0
42,law,unemployed,unemployed,120164,1,0
80,stem,unemployed,unemployed,0,1,0
68,law,self business,it,60751,0,0
83,law,contractual,it,136118,1,1
86,stem,salaried,health,76687,1,1
77,law,self business,arts,87964,1,0
75,stem,salaried,transportation,66551,0,0
44,law,contractual,it,108960,0,0
55,stem,self business,it,83356,0,0
67,arts,unemployed,unemployed,0,0,0
68,arts,unemployed,unemployed,0,0,0
42,business,unemployed,unemployed,0,1,0
53,law,contractual,it,101279,1,0
80,stem,unemployed,unemployed,67251,1,0
82,business,self business,arts,78647,1,1
63,law,salaried,arts,112126,1,0
43,law,unemployed,unemployed,0,0,0
82,law,self business,health,120995,1,1
76,law,contractual,accounting,40794,0,0
43,law,unemployed,unemployed,0,0,0
75,arts,unemployed,unemployed,115164,1,0
51,law,unemployed,unemployed,52607,1,0
68,law,unemployed,unemployed,0,0,0
77,arts,contractual,it,107897,0,0
51,arts,contractual,arts,100777,0,0
49,arts,unemployed,unemployed,0,0,0
59,arts,contractual,it,64068,1,0
74,law,contractual,accounting,147701,0,0
50,stem,salaried,engineering,137002,0,0
51,stem,unemployed,unemployed,0,0,0
71,stem,self business,engineering,0,1,1
65,business,salaried,accounting,70319,1,0
59,business,salaried,law,66669,0,0
63,law,salaried,law,83027,0,0
76,arts,salaried,transportation,124283,1,0
44,business,unemployed,unemployed,0,1,0
44,arts,salaried,law,122187,0,0
76,law,unemployed,unemployed,61568,1,0
68,arts,salaried,transportation,137019,0,0
53,business,contractual,transportation,75758,0,0
72,stem,salaried,accounting,61276,1,0
48,stem,salaried,it,144620,0,0
87,stem,contractual,it,54491,1,1
63,stem,contractual,transportation,122764,1,0
44,business,salaried,engineering,133491,1,0
83,business,self business,law,106699,1,1
85,law,contractual,it,91443,1,1
84,law,salaried,health,0,1,1
43,stem,contractual,accounting,135327,1,0
56,arts,salaried,law,99803,0,0
58,stem,unemployed,unemployed,0,0,0
65,law,salaried,health,43850,1,0
56,stem,contractual,arts,112657,1,0
80,business,salaried,accounting,95191,0,0
67,stem,unemployed,unemployed,0,0,0
69,arts,unemployed,unemployed,0,0,0
85,stem,contractual,health,99092,1,1
73,arts,unemployed,unemployed,0,0,0
79,law,unemployed,unemployed,0,0,0
44,arts,unemployed,unemployed,0,0,0
56,law,self business,accounting,95696,1,0
79,business,self business,health,52233,1,0
48,arts,unemployed,unemployed,0,0,0
43,stem,self business,law,88640,1,0
67,stem,salaried,accounting,80087,1,0
45,stem,contractual,health,83807,1,0
62,law,salaried,transportation,112649,0,0
73,law,self business,transportation,88995,1,1
81,stem,self business,transportation,103442,1,1
75,law,self business,accounting,0,1,1
71,arts,unemployed,unemployed,0,1,0
49,arts,self business,accounting,54622,1,0
66,arts,self business,accounting,75708,0,0
75,business,contractual,law,135679,1,1
43,stem,unemployed,unemployed,0,0,0
59,business,salaried,engineering,70737,1,0
44,stem,contractual,arts,128111,1,0
54,stem,contractual,accounting,41593,0,0
82,arts,contractual,arts,106558,1,1
51,law,unemployed,unemployed,72496,1,0
63,law,salaried,transportation,118873,1,0
64,stem,unemployed,unemployed,47573,1,0
83,arts,self business,health,40517,1,1
82,law,self business,it,111067,1,1
88,business,self business,transportation,93610,1,1
48,business,contractual,transportation,102495,1,0
42,arts,contractual,health,128968,1,0
43,arts,unemployed,unemployed,0,1,0
50,stem,unemployed,unemployed,0,1,0
59,business,unemployed,unemployed,0,1,0
68,law,self business,transportation,71347,0,0
49,law,contractual,transportation,125574,0,0
85,arts,salaried,it,45656,1,1
63,stem,unemployed,unemployed,0,1,0
67,law,salaried,transportation,135217,1,0
89,business,contractual,accounting,136512,1,1
51,business,unemployed,unemployed,0,1,0
72,stem,self business,it,45328,1,0
75,arts,contractual,it,130376,1,0
87,business,self business,transportation,73305,1,1
79,law,self business,engineering,122430,0,0
62,arts,contractual,accounting,125742,0,0
54,arts,unemployed,unemployed,105454,1,0
58,arts,unemployed,unemployed,99655,1,0
47,arts,unemployed,unemployed,0,0,0
72,law,salaried,health,89198,0,0
41,arts,salaried,accounting,61703,0,0
88,stem,salaried,arts,0,1,1
88,stem,contractual,health,57118,1,1
49,law,unemployed,unemployed,0,0,0
51,stem,unemployed,unemployed,0,1,0
79,law,unemployed,unemployed,0,0,0
75,law,unemployed,unemployed,0,1,0
42,arts,salaried,transportation,96536,1,0
84,law,self business,engineering,108491,1,1
81,arts,salaried,transportation,0,1,1
53,law,salaried,arts,90340,0,0
75,stem,unemployed,unemployed,0,1,0
72,stem,unemployed,unemployed,0,1,0
77,arts,salaried,engineering,57781,1,1
47,arts,self business,transportation,69721,0,0
42,stem,unemployed,unemployed,0,0,0
58,business,contractual,it,103771,0,0
81,law,contractual,law,0,1,1
52,arts,unemployed,unemployed,0,1,0
49,business,contractual,law,145763,0,0
42,law,unemployed,unemployed,0,1,0
48,law,self business,arts,68099,0,0
70,arts,self business,law,145028,1,1
69,arts,unemployed,unemployed,0,1,0
63,arts,salaried,engineering,82022,1,0
43,stem,contractual,it,59372,1,0
71,law,unemployed,unemployed,0,0,0
85,stem,salaried,arts,133649,1,1
80,business,unemployed,unemployed,0,1,0
52,business,salaried,health,127025,0,0
87,law,contractual,health,114532,1,1
84,law,self business,it,137888,1,1
74,business,contractual,law,132575,1,1
83,stem,salaried,engineering,79091,1,1
65,stem,self business,engineering,41649,1,0
77,business,self business,transportation,146462,1,1
88,law,contractual,arts,45697,1,1
40,arts,unemployed,unemployed,146703,1,0
52,stem,contractual,accounting,73170,0,0
77,arts,salaried,arts,126320,1,0
44,arts,self business,arts,137598,1,0
56,business,salaried,engineering,56867,0,0
61,arts,salaried,health,49604,0,0
72,business,self business,transportation,63717,0,0
73,stem,salaried,arts,114009,1,1
88,business,contractual,engineering,0,1,1
56,arts,unemployed,unemployed,60832,0,0
86,stem,contractual,accounting,0,1,1
87,business,salaried,arts,0,1,1
78,business,unemployed,unemployed,0,0,0
65,business,contractual,law,108328,0,0
48,law,self business,engineering,106388,0,0
53,stem,contractual,transportation,148152,1,0
81,law,salaried,law,40939,1,1
86,arts,salaried,engineering,54567,1,1
70,law,self business,engineering,101199,1,1
55,business,contractual,arts,142369,0,0
50,law,self business,arts,98541,0,0
61,arts,self business,transportation,67572,0,0
47,arts,self business,health,87836,0,0
43,law,contractual,engineering,96518,1,0
85,arts,self business,accounting,103250,1,1
67,business,self business,health,134068,0,0
63,arts,contractual,accounting,120590,1,0
88,law,self business,transportation,0,1,1
64,law,salaried,accounting,137391,0,0
62,arts,self business,arts,89368,1,0
75,stem,self business,law,60435,1,0
66,law,unemployed,unemployed,0,0,0
44,law,salaried,it,64456,1,0
59,business,unemployed,unemployed,95226,1,0
46,stem,contractual,transportation,42137,0,0
51,stem,contractual,law,130626,1,0
88,arts,self business,it,90584,1,1
86,law,contractual,law,0,1,1
86,law,contractual,transportation,135766,1,1
71,stem,contractual,transportation,133377,1,0
82,stem,self business,law,112848,1,1
47,arts,self business,it,140842,0,0
74,business,unemployed,unemployed,0,1,0
75,law,salaried,arts,125410,1,0
63,stem,unemployed,unemployed,0,0,0
59,stem,unemployed,unemployed,0,0,0
75,stem,self business,health,123831,0,0
61,business,self business,accounting,53218,0,0
44,law,self business,health,74935,1,0
88,stem,salaried,health,128982,1,1
70,business,self business,it,0,1,1
73,arts,unemployed,unemployed,0,0,0
61,business,unemployed,unemployed,0,1,0
65,stem,unemployed,unemployed,0,1,0
67,law,unemployed,unemployed,99292,1,0
87,law,contractual,engineering,48765,1,1
76,arts,self business,transportation,0,1,1
58,stem,unemployed,unemployed,0,1,0
77,stem,salaried,it,106042,1,1
81,stem,self business,it,56953,1,1
57,business,contractual,health,83782,1,0
62,stem,unemployed,unemployed,0,1,0
76,stem,self business,accounting,50913,0,0
65,law,unemployed,unemployed,0,0,0
57,business,self business,it,68550,1,0
77,business,self business,law,59735,1,0
60,business,contractual,it,46185,0,0
63,business,self business,it,146521,1,0
74,law,salaried,transportation,50114,0,0
52,arts,unemployed,unemployed,0,0,0
71,stem,self business,it,126926,0,0
50,arts,self business,law,105382,0,0
79,arts,salaried,transportation,90709,0,0
59,arts,salaried,arts,76737,0,0
63,arts,unemployed,unemployed,71237,1,0
76,business,salaried,health,85633,0,0
42,arts,contractual,transportation,141632,0,0
67,arts,contractual,arts,104850,1,0
84,stem,contractual,it,61867,1,1
41,arts,contractual,health,95382,1,0
51,business,contractual,law,129589,0,0
41,stem,salaried,engineering,47080,0,0
84,stem,contractual,accounting,109586,1,1
78,law,contractual,engineering,80440,0,0
62,stem,contractual,health,81754,1,0
58,law,self business,engineering,144497,1,0
53,arts,self business,law,148575,0,0
46,arts,salaried,health,54318,0,0
60,arts,unemployed,unemployed,0,1,0
56,law,salaried,law,123822,0,0
68,business,unemployed,unemployed,0,1,0
45,law,salaried,it,113651,0,0
62,arts,self business,law,40065,0,0
53,business,salaried,engineering,59543,1,0
78,arts,unemployed,unemployed,0,1,0
47,law,unemployed,unemployed,62739,0,0
85,law,salaried,engineering,145946,1,1
47,stem,contractual,engineering,113580,0,0
81,stem,salaried,health,0,1,1
84,arts,salaried,engineering,81651,1,1
62,law,contractual,engineering,42614,0,0
43,law,salaried,arts,99220,1,0
45,stem,salaried,accounting,126855,1,0
78,stem,unemployed,unemployed,0,1,0
71,arts,self business,health,113275,1,1
56,law,unemployed,unemployed,0,1,0
63,law,salaried,arts,62676,0,0
51,arts,salaried,transportation,105045,0,0
65,law,unemployed,unemployed,0,0,0
49,business,contractual,accounting,63614,0,0
51,stem,unemployed,unemployed,0,1,0
53,business,contractual,transportation,89056,0,0
87,law,self business,law,56483,1,1
64,business,contractual,engineering,52073,0,0
69,business,self business,law,91759,0,0
72,law,self business,it,0,1,1
47,arts,self business,it,90888,1,0
42,law,salaried,law,69987,1,0
89,law,contractual,it,65065,1,1
54,law,unemployed,unemployed,0,1,0
52,stem,contractual,it,149547,0,0
63,business,unemployed,unemployed,0,1,0
65,stem,unemployed,unemployed,0,1,0
89,business,self business,arts,45607,1,1
76,arts,self business,engineering,108705,1,0
69,law,salaried,arts,67486,0,0
88,business,self business,accounting,62908,1,1
48,law,self business,arts,44718,1,0
75,stem,unemployed,unemployed,0,0,0
55,stem,salaried,it,65876,0,0
56,stem,contractual,transportation,98233,0,0
76,business,unemployed,unemployed,0,0,0
54,stem,salaried,it,113284,0,0
56,law,salaried,engineering,40218,0,0
80,arts,self business,law,63089,0,0
81,arts,self business,it,93968,1,1
73,law,contractual,it,82726,1,0
63,business,unemployed,unemployed,0,0,0
55,arts,salaried,arts,133670,0,0
79,stem,contractual,it,86677,0,0
82,arts,salaried,health,47305,1,1
54,stem,self business,law,100453,0,0
40,stem,salaried,engineering,108932,1,0
50,stem,self business,accounting,146032,0,0
61,stem,unemployed,unemployed,0,0,0
46,arts,self business,accounting,93675,0,0
73,stem,salaried,transportation,108275,0,0
43,business,self business,transportation,102979,0,0
53,business,salaried,engineering,71544,0,0
48,law,unemployed,unemployed,0,0,0
45,law,unemployed,unemployed,0,0,0
61,business,self business,arts,141662,0,0
66,law,contractual,health,78083,0,0
89,law,self business,arts,101356,1,1
63,stem,contractual,engineering,129581,0,0
72,stem,unemployed,unemployed,0,1,0
41,arts,unemployed,unemployed,0,0,0
68,stem,contractual,transportation,105056,0,0
62,stem,self business,accounting,81996,0,0
46,stem,contractual,health,51541,0,0
56,stem,unemployed,unemployed,0,1,0
56,stem,salaried,engineering,75454,0,0
46,business,unemployed,unemployed,0,0,0
75,stem,self business,transportation,67648,0,0
59,law,unemployed,unemployed,90666,1,0
59,business,unemployed,unemployed,66901,0,0
61,business,salaried,engineering,87820,1,0
81,law,self business,transportation,137165,1,1
79,stem,unemployed,unemployed,0,1,0
77,arts,unemployed,unemployed,0,1,0
81,business,contractual,engineering,0,1,1
57,business,unemployed,unemployed,0,1,0
60,stem,unemployed,unemployed,0,0,0
87,arts,contractual,law,134633,1,1
82,arts,contractual,accounting,60174,1,1
74,law,contractual,engineering,59312,0,0
56,arts,unemployed,unemployed,0,1,0
82,law,self business,transportation,126849,1,1
66,stem,contractual,law,129651,1,0
49,arts,contractual,it,99771,0,0
40,stem,self business,accounting,136755,1,0
79,law,contractual,engineering,78543,0,0
77,business,self business,law,101774,1,0
66,business,unemployed,unemployed,0,1,0
64,business,self business,accounting,60597,0,0
45,stem,unemployed,unemployed,122491,0,0
88,arts,contractual,law,91655,1,1
76,law,self business,transportation,116735,1,0
63,stem,self business,health,128571,0,0
83,law,contractual,arts,148073,1,1
49,arts,unemployed,unemployed,0,0,0
66,arts,contractual,it,136449,0,0
51,business,salaried,transportation,58858,0,0
42,stem,salaried,engineering,93812,0,0
42,business,contractual,accounting,49794,0,0
75,stem,unemployed,unemployed,0,0,0
70,stem,unemployed,unemployed,0,0,0
62,stem,contractual,law,109428,1,0
62,stem,unemployed,unemployed,0,1,0
80,law,self business,engineering,107911,0,0
59,stem,contractual,accounting,121264,1,0
75,law,unemployed,unemployed,0,0,0
82,law,contractual,health,54648,1,1
48,law,salaried,health,76302,1,0
45,stem,unemployed,unemployed,0,1,0
62,law,salaried,engineering,82012,1,0
46,law,unemployed,unemployed,0,0,0
59,stem,unemployed,unemployed,0,0,0
71,business,unemployed,unemployed,0,0,0
79,business,unemployed,unemployed,0,1,0
89,stem,contractual,accounting,43535,1,1
78,law,self business,health,121769,1,0
71,law,unemployed,unemployed,0,1,0
41,business,unemployed,unemployed,0,0,0
72,law,unemployed,unemployed,0,0,0
44,stem,self business,accounting,89078,1,0
86,stem,self business,health,133334,1,1
76,arts,unemployed,unemployed,0,0,0
68,arts,salaried,transportation,41225,1,0
53,law,self business,accounting,88968,1,0
89,business,self business,law,85672,1,1
88,arts,salaried,transportation,42782,1,1
83,business,contractual,accounting,106592,1,1
87,business,contractual,accounting,0,1,1
41,arts,contractual,law,95287,0,0
44,arts,contractual,transportation,43524,1,0
80,stem,contractual,health,100621,1,1
61,law,contractual,law,137017,1,0
82,arts,contractual,accounting,99479,1,1
80,business,unemployed,unemployed,0,1,0
46,law,unemployed,unemployed,0,0,0
57,business,unemployed,unemployed,0,0,0
55,business,self business,it,130277,1,0
45,arts,unemployed,unemployed,0,1,0
84,law,salaried,it,130045,1,1
84,arts,contractual,engineering,70276,1,1
41,law,self business,arts,85878,0,0
83,business,salaried,engineering,125077,1,1
48,business,contractual,arts,104182,0,0
61,business,contractual,arts,63614,1,0
40,arts,unemployed,unemployed,0,1,0
67,business,contractual,engineering,62619,0,0
87,arts,self business,accounting,42547,1,1
58,arts,self business,accounting,42276,1,0
61,stem,unemployed,unemployed,0,0,0
71,law,self business,accounting,138265,0,0
46,law,unemployed,unemployed,0,1,0
47,law,contractual,arts,108358,1,0
63,arts,salaried,it,124844,0,0
64,business,unemployed,unemployed,0,0,0
87,business,contractual,accounting,131443,1,1
84,law,salaried,it,81576,1,1
42,business,contractual,transportation,146960,1,0
55,law,unemployed,unemployed,0,0,0
46,business,self business,transportation,72507,0,0
73,arts,unemployed,unemployed,0,1,0
81,business,salaried,transportation,43626,1,1
76,business,contractual,engineering,70985,1,0
89,arts,salaried,engineering,98887,1,1
51,stem,unemployed,unemployed,0,1,0
74,law,salaried,law,110758,1,1
47,stem,unemployed,unemployed,0,1,0
59,stem,unemployed,unemployed,0,1,0
59,law,contractual,transportation,119787,1,0
83,arts,contractual,accounting,94364,1,1
48,business,contractual,arts,48823,1,0
65,business,self business,arts,52304,1,0
78,arts,contractual,transportation,120504,1,1
82,business,salaried,it,139078,1,1
73,law,unemployed,unemployed,0,1,0
76,arts,salaried,arts,93748,0,0
54,arts,unemployed,unemployed,48797,1,0
73,business,contractual,law,122809,1,1
58,business,contractual,engineering,93324,1,0
55,stem,salaried,health,87389,1,0
74,stem,unemployed,unemployed,106697,0,0
46,law,contractual,accounting,45321,0,0
88,arts,self business,engineering,89977,1,1
89,business,contractual,it,130616,1,1
57,arts,unemployed,unemployed,0,0,0
89,business,self business,engineering,127589,1,1
50,business,unemployed,unemployed,50023,0,0
48,business,unemployed,unemployed,0,0,0
59,business,salaried,health,135786,0,0
75,stem,unemployed,unemployed,0,1,0
79,law,unemployed,unemployed,0,1,0
77,law,self business,health,138822,1,0
43,business,unemployed,unemployed,141196,0,0
75,law,contractual,transportation,128455,1,0
84,arts,self business,health,142320,1,1
69,stem,unemployed,unemployed,0,1,0
56,law,contractual,transportation,61517,1,0
73,law,salaried,law,72689,1,0
42,business,unemployed,unemployed,101295,0,0
58,law,unemployed,unemployed,0,1,0
52,arts,salaried,transportation,144053,1,0
84,stem,salaried,accounting,0,1,1
86,business,contractual,arts,0,1,1
82,business,contractual,law,0,1,1
80,arts,unemployed,unemployed,0,1,0
71,stem,salaried,law,122223,1,0
71,arts,self business,law,128706,1,0
81,law,self business,transportation,75135,1,1
60,arts,self business,it,131035,1,0
50,stem,salaried,it,103421,0,0
56,business,salaried,accounting,65446,0,0
42,business,contractual,accounting,84247,1,0
72,business,unemployed,unemployed,0,0,0
64,stem,unemployed,unemployed,0,0,0
89,law,salaried,it,92390,1,1
85,arts,salaried,it,86817,1,1
51,business,salaried,arts,137629,0,0
84,business,contractual,health,84297,1,1
55,stem,salaried,accounting,122972,0,0
54,law,contractual,engineering,107513,0,0
67,law,contractual,law,74067,1,0
88,stem,salaried,it,46016,1,1
86,stem,salaried,engineering,90134,1,1
53,stem,contractual,engineering,96807,1,0
87,stem,contractual,law,58394,1,1
43,law,unemployed,unemployed,0,1,0
87,law,contractual,health,0,1,1
48,arts,unemployed,unemployed,0,0,0
76,law,self business,accounting,82083,1,0
88,stem,salaried,transportation,41750,1,1
66,law,salaried,health,112863,0,0
70,stem,unemployed,unemployed,0,0,0
78,law,self business,accounting,139106,1,1
57,law,unemployed,unemployed,0,0,0
58,stem,self business,law,106432,0,0
47,law,contractual,law,50074,0,0
65,arts,unemployed,unemployed,0,1,0
55,stem,unemployed,unemployed,0,0,0
84,business,contractual,health,58776,1,1
74,stem,contractual,engineering,134007,1,0
62,law,contractual,it,118993,0,0
48,business,salaried,arts,77666,1,0
86,business,salaried,engineering,57951,1,1
60,arts,self business,law,126277,0,0
72,arts,unemployed,unemployed,0,0,0
86,law,self business,arts,69266,1,1
43,business,self business,transportation,146870,1,0
50,law,unemployed,unemployed,0,1,0
85,stem,self business,it,51597,1,1
82,arts,contractual,engineering,82079,1,1
80,stem,salaried,law,103197,0,0
73,business,contractual,arts,113408,1,0
68,business,contractual,accounting,84086,1,0
70,arts,self business,arts,132816,1,0
84,law,salaried,it,52611,1,1
78,business,self business,health,125496,1,0
63,law,salaried,health,118641,0,0
75,stem,salaried,transportation,56432,0,0
50,arts,contractual,arts,117432,1,0
68,arts,self business,arts,133520,0,0
60,stem,self business,law,82391,0,0
73,business,unemployed,unemployed,142717,0,0
43,business,unemployed,unemployed,41673,0,0
60,law,unemployed,unemployed,0,0,0
75,stem,unemployed,unemployed,0,1,0
73,law,salaried,accounting,117388,1,1
71,stem,self business,law,0,1,1
59,law,unemployed,unemployed,0,1,0
66,law,salaried,engineering,82570,1,0
53,stem,unemployed,unemployed,0,1,0
57,stem,unemployed,unemployed,0,0,0
57,law,salaried,law,124013,0,0
46,law,unemployed,unemployed,0,0,0
80,business,contractual,arts,126554,1,0
89,arts,contractual,health,124419,1,1
55,business,unemployed,unemployed,0,0,0
66,stem,salaried,accounting,57350,0,0
48,law,contractual,law,99818,0,0
67,law,salaried,law,135035,1,0
49,business,unemployed,unemployed,0,1,0
80,stem,contractual,transportation,0,1,1
66,business,salaried,arts,121733,0,0
48,law,contractual,accounting,129310,0,0
81,stem,salaried,law,108071,1,1
89,stem,salaried,engineering,67156,1,1
87,business,self business,health,119842,1,1
81,law,self business,it,72009,1,1
63,stem,contractual,law,103747,0,0
81,business,salaried,transportation,0,1,1
88,business,contractual,arts,68986,1,1
58,stem,unemployed,unemployed,0,0,0
44,law,self business,health,139000,1,0
75,business,salaried,health,92942,0,0
85,stem,salaried,it,124873,1,1
56,arts,unemployed,unemployed,0,1,0
53,law,self business,engineering,108515,0,0
58,business,unemployed,unemployed,136860,1,0
46,arts,unemployed,unemployed,0,0,0
43,stem,unemployed,unemployed,124421,1,0
84,business,self business,health,44141,1,1
62,arts,unemployed,unemployed,0,0,0
58,stem,self business,accounting,41207,0,0
78,arts,salaried,law,109898,0,0
52,business,self business,law,111797,0,0
43,law,salaried,law,85314,1,0
59,stem,salaried,arts,146422,1,0
80,stem,self business,law,147595,0,0
52,law,contractual,arts,40487,1,0
64,arts,contractual,arts,133150,1,0
76,business,salaried,arts,130827,1,1
66,law,self business,health,109445,0,0
57,stem,self business,health,81346,0,0
74,law,self business,law,69165,0,0
67,business,contractual,accounting,133605,1,0
42,business,salaried,engineering,40710,0,0
76,stem,contractual,transportation,149767,0,0
58,arts,self business,transportation,45133,1,0
77,business,unemployed,unemployed,0,1,0
51,stem,unemployed,unemployed,0,1,0
72,law,contractual,transportation,110918,1,0
50,stem,salaried,accounting,113787,0,0
63,business,contractual,health,83357,1,0
78,law,contractual,health,89720,0,0
50,stem,salaried,health,60979,1,0
43,business,salaried,law,127463,0,0
54,law,self business,transportation,55547,0,0
78,law,contractual,law,55408,1,1
69,business,contractual,engineering,128676,1,0
83,stem,salaried,transportation,78152,1,1
50,stem,salaried,accounting,92663,1,0
83,law,contractual,law,0,1,1
45,business,contractual,accounting,67834,0,0
60,business,salaried,law,99925,0,0
87,business,contractual,it,142848,1,1
49,law,unemployed,unemployed,0,1,0
45,stem,self business,health,103852,1,0
64,law,self business,arts,58584,0,0
71,stem,unemployed,unemployed,0,1,0
55,stem,contractual,it,60545,0,0
81,law,self business,accounting,111204,1,1
63,business,salaried,accounting,107918,1,0
48,law,salaried,law,140256,1,0
42,law,self business,law,115498,0,0
56,business,unemployed,unemployed,0,1,0
47,business,self business,law,46677,0,0
70,business,salaried,accounting,60074,1,1
53,stem,unemployed,unemployed,40929,1,0
52,business,self business,it,44499,0,0
86,stem,salaried,transportation,134988,1,1
62,law,contractual,health,121235,1,0
63,stem,contractual,it,42426,0,0
53,business,self business,it,131251,0,0
84,law,self business,transportation,0,1,1
84,arts,self business,transportation,76015,1,1
55,law,unemployed,unemployed,0,1,0
86,law,contractual,it,130742,1,1
80,stem,contractual,arts,105888,1,0
64,law,contractual,it,71760,1,0
47,law,unemployed,unemployed,0,0,0
51,business,self business,arts,121470,0,0
87,business,contractual,accounting,0,1,1
40,arts,self business,engineering,139639,0,0
73,law,unemployed,unemployed,0,1,0
74,stem,unemployed,unemployed,0,0,0
54,business,unemployed,unemployed,0,0,0
44,business,unemployed,unemployed,117345,1,0
40,business,salaried,engineering,148495,0,0
68,law,self business,transportation,94701,1,0
44,business,contractual,law,122772,0,0
61,law,unemployed,unemployed,0,0,0
60,arts,salaried,it,42008,0,0
69,law,unemployed,unemployed,0,0,0
85,stem,contractual,health,68783,1,1
68,law,unemployed,unemployed,0,1,0
84,stem,self business,law,46166,1,1
43,law,unemployed,unemployed,0,1,0
41,business,salaried,transportation,55031,0,0
61,arts,self business,arts,76453,1,0
57,arts,contractual,arts,119686,0,0
68,law,salaried,it,63043,0,0
86,arts,salaried,law,141056,1,1
89,law,salaried,it,91087,1,1
59,arts,salaried,transportation,47327,0,0
41,arts,unemployed,unemployed,104596,0,0
49,business,self business,law,104302,1,0
86,business,salaried,health,76740,1,1
63,stem,unemployed,unemployed,59483,1,0
85,law,contractual,transportation,84419,1,1
57,arts,salaried,transportation,92035,1,0
66,arts,unemployed,unemployed,0,0,0
65,stem,unemployed,unemployed,0,1,0
76,business,self business,accounting,74460,1,0
58,arts,contractual,transportation,135714,1,0
79,business,unemployed,unemployed,125106,1,0
81,stem,self business,law,0,1,1
43,stem,contractual,it,116914,1,0
42,law,self business,engineering,130906,0,0
40,law,unemployed,unemployed,0,0,0
65,arts,unemployed,unemployed,113278,1,0
49,law,salaried,accounting,58475,0,0
62,law,salaried,transportation,76703,1,0
53,business,self business,engineering,51817,1,0
56,law,self business,law,99059,0,0
52,stem,unemployed,unemployed,0,0,0
54,law,salaried,arts,82651,0,0
86,law,contractual,it,40560,1,1
59,stem,unemployed,unemployed,0,1,0
85,arts,self business,health,101893,1,1
76,business,salaried,law,0,1,1
59,stem,unemployed,unemployed,0,1,0
67,law,unemployed,unemployed,112736,1,0
57,law,unemployed,unemployed,0,0,0
85,business,salaried,transportation,112942,1,1
45,law,unemployed,unemployed,0,1,0
47,law,contractual,arts,139757,0,0
48,arts,unemployed,unemployed,0,1,0
40,arts,contractual,arts,68932,0,0
54,business,salaried,health,47722,0,0
52,business,unemployed,unemployed,0,1,0
85,stem,self business,transportation,0,1,1
82,stem,salaried,it,0,1,1
59,arts,self business,engineering,52215,0,0
50,stem,contractual,health,64570,1,0
73,law,salaried,transportation,53747,1,1
60,law,self business,engineering,101193,1,0
47,arts,unemployed,unemployed,0,1,0
40,stem,contractual,transportation,137800,1,0
84,stem,contractual,transportation,0,1,1
42,arts,unemployed,unemployed,0,1,0
62,law,salaried,accounting,54850,0,0
89,business,self business,health,85432,1,1
53,arts,self business,it,73060,0,0
89,stem,self business,law,82850,1,1
79,business,self business,accounting,128367,0,0
82,arts,self business,accounting,69833,1,1
72,law,contractual,arts,83731,0,0
88,law,contractual,arts,114540,1,1
44,arts,contractual,health,139741,0,0
61,arts,salaried,engineering,124520,0,0
72,law,unemployed,unemployed,0,1,0
85,law,salaried,engineering,101461,1,1
71,business,self business,transportation,62793,1,0
66,arts,self business,engineering,130938,1,0
86,arts,salaried,transportation,138364,1,1
47,law,salaried,law,45971,1,0
87,law,self business,law,0,1,1
44,stem,unemployed,unemployed,0,1,0
65,stem,self business,it,40678,0,0
77,arts,contractual,arts,124787,0,0
69,arts,contractual,arts,105367,1,0
46,stem,unemployed,unemployed,0,1,0
69,business,unemployed,unemployed,86014,1,0
61,law,unemployed,unemployed,83568,1,0
55,business,contractual,engineering,73379,0,0
86,arts,salaried,it,105787,1,1
62,arts,unemployed,unemployed,0,1,0
41,stem,self business,law,115177,1,0
68,law,unemployed,unemployed,0,0,0
59,arts,contractual,engineering,88825,0,0
54,arts,salaried,transportation,125849,1,0
72,law,self business,arts,65243,0,0
53,law,contractual,health,82418,1,0
60,arts,unemployed,unemployed,0,1,0
62,law,unemployed,unemployed,0,0,0
63,stem,contractual,health,116021,1,0
42,arts,self business,health,105922,0,0
79,arts,unemployed,unemployed,0,0,0
42,business,self business,it,88280,0,0
59,business,unemployed,unemployed,0,1,0
77,stem,unemployed,unemployed,0,1,0
44,business,unemployed,unemployed,40399,0,0
58,business,contractual,transportation,136929,0,0
79,law,self business,accounting,98857,0,0
89,stem,salaried,it,75024,1,1
83,law,salaried,accounting,0,1,1
79,stem,contractual,transportation,68348,0,0
56,law,salaried,health,85317,1,0
55,business,unemployed,unemployed,0,1,0
85,business,salaried,engineering,112743,1,1
64,stem,unemployed,unemployed,0,0,0
56,arts,unemployed,unemployed,0,1,0
66,business,self business,engineering,141144,1,0
53,law,unemployed,unemployed,132209,1,0
54,business,salaried,arts,120162,0,0
60,arts,self business,arts,127173,0,0
53,law,contractual,engineering,92842,1,0
60,arts,unemployed,unemployed,0,1,0
40,law,unemployed,unemployed,0,1,0
83,business,self business,engineering,67763,1,1
75,law,contractual,transportation,116852,1,1
61,stem,salaried,it,79232,1,0
51,business,self business,arts,53602,1,0
70,law,self business,health,75950,0,0
40,law,self business,health,126600,0,0
53,law,self business,arts,107658,1,0
80,law,contractual,accounting,148656,1,1
43,business,contractual,it,134975,0,0
63,law,self business,accounting,68431,0,0
40,stem,unemployed,unemployed,0,0,0
89,stem,salaried,health,98522,1,1
65,arts,unemployed,unemployed,0,1,0
70,business,unemployed,unemployed,0,0,0
42,business,unemployed,unemployed,138052,0,0
75,arts,unemployed,unemployed,0,0,0
50,business,self business,it,77904,0,0
61,arts,salaried,transportation,88302,0,0
81,arts,self business,health,147017,1,1
76,law,unemployed,unemployed,0,0,0
53,business,contractual,transportation,41404,0,0
67,business,unemployed,unemployed,0,1,0
66,law,unemployed,unemployed,0,0,0
87,law,self business,it,0,1,1
70,law,unemployed,unemployed,0,1,0
57,stem,unemployed,unemployed,0,0,0
77,stem,self business,it,149131,1,1
82,arts,salaried,transportation,0,1,1
44,business,salaried,engineering,140763,1,0
51,business,salaried,accounting,112435,0,0
63,law,self business,it,119592,0,0
55,arts,self business,law,110437,0,0
61,stem,salaried,it,111153,1,0
70,law,self business,transportation,0,1,1
51,stem,self business,engineering,90878,1,0
82,business,self business,law,0,1,1
78,law,contractual,arts,73218,1,0
52,stem,self business,engineering,127475,1,0
87,business,self business,law,0,1,1
48,stem,unemployed,unemployed,0,1,0
73,stem,salaried,arts,42253,1,0
83,stem,contractual,transportation,115520,1,1
80,stem,unemployed,unemployed,0,1,0
76,arts,salaried,transportation,103411,1,1
61,stem,contractual,it,44361,0,0
68,arts,self business,health,107822,1,0
89,stem,self business,arts,71356,1,1
82,law,self business,law,140219,1,1
47,arts,self business,accounting,149333,0,0
82,arts,contractual,transportation,95272,1,1
57,arts,salaried,transportation,123131,1,0
59,business,self business,health,139221,1,0
86,arts,salaried,arts,71154,1,1
82,law,salaried,accounting,68892,1,1
78,law,self business,health,108969,0,0
56,arts,contractual,health,84731,1,0
54,law,unemployed,unemployed,0,1,0
85,law,contractual,engineering,80244,1,1
54,law,unemployed,unemployed,0,1,0
49,business,salaried,health,135363,0,0
86,stem,contractual,it,101708,1,1
76,law,unemployed,unemployed,0,0,0
88,stem,contractual,accounting,63278,1,1
88,law,self business,health,59121,1,1
44,law,salaried,arts,62509,1,0
82,business,self business,health,111142,1,1
40,law,salaried,transportation,61603,0,0
66,business,unemployed,unemployed,0,1,0
48,business,unemployed,unemployed,117366,1,0
69,stem,unemployed,unemployed,0,0,0
67,law,unemployed,unemployed,56025,0,0
89,stem,self business,accounting,0,1,1
42,business,contractual,it,54359,0,0
46,stem,contractual,health,123500,0,0
54,arts,salaried,law,136223,0,0
63,stem,unemployed,unemployed,0,1,0
59,stem,contractual,health,54197,0,0
61,arts,unemployed,unemployed,0,0,0
80,law,unemployed,unemployed,0,1,0
74,law,unemployed,unemployed,0,0,0
65,law,contractual,engineering,133007,1,0
74,law,self business,law,145773,1,0
82,law,contractual,law,0,1,1
51,arts,unemployed,unemployed,0,0,0
46,business,contractual,health,130625,1,0
71,stem,unemployed,unemployed,0,1,0
43,arts,contractual,it,44117,0,0
86,stem,contractual,transportation,63835,1,1
83,business,self business,transportation,93833,1,1
42,stem,salaried,it,55809,1,0
89,arts,contractual,accounting,111241,1,1
67,business,self business,it,50554,0,0
46,business,contractual,arts,118649,0,0
44,arts,self business,health,88959,1,0
41,business,contractual,engineering,121038,0,0
70,stem,contractual,health,82433,1,1
84,stem,salaried,it,0,1,1
85,stem,self business,transportation,68112,1,1
74,business,contractual,transportation,104406,1,1
55,arts,unemployed,unemployed,0,0,0
70,law,unemployed,unemployed,0,0,0
57,stem,contractual,law,109769,0,0
54,law,self business,it,114451,0,0
83,stem,self business,accounting,62518,1,1
57,arts,salaried,law,136852,0,0
66,business,unemployed,unemployed,0,0,0
47,stem,contractual,arts,77503,0,0
78,arts,contractual,health,40439,1,0
46,law,self business,transportation,124366,1,0
55,law,self business,arts,47744,1,0
61,business,salaried,it,43652,0,0
55,stem,salaried,arts,56922,1,0
74,law,contractual,arts,88559,1,1
70,business,salaried,accounting,146916,0,0
84,arts,self business,engineering,91755,1,1
49,law,self business,law,67957,0,0
73,arts,self business,accounting,106791,0,0
71,arts,self business,transportation,0,1,1
88,business,self business,it,86438,1,1
61,stem,self business,accounting,131295,1,0
76,law,self business,it,138783,0,0
86,arts,contractual,engineering,0,1,1
77,law,self business,engineering,108139,1,0
79,law,unemployed,unemployed,0,0,0
74,arts,salaried,engineering,136847,0,0
50,stem,salaried,law,147313,1,0
43,law,contractual,accounting,147926,0,0
63,stem,self business,health,99529,1,0
65,business,unemployed,unemployed,0,0,0
58,arts,salaried,law,69121,0,0
81,stem,contractual,engineering,83181,1,1
65,law,salaried,law,139701,0,0
69,business,salaried,it,120016,1,0
72,stem,unemployed,unemployed,74178,0,0
71,arts,unemployed,unemployed,0,0,0
83,arts,contractual,accounting,0,1,1
76,law,unemployed,unemployed,59845,0,0
75,law,unemployed,unemployed,0,1,0
80,arts,contractual,accounting,66792,1,0
80,law,self business,it,57286,1,0
65,law,unemployed,unemployed,0,1,0
80,law,salaried,health,130460,0,0
81,law,contractual,accounting,0,1,1
81,stem,salaried,health,126229,1,1
65,stem,salaried,engineering,130156,0,0
81,business,self business,accounting,88544,1,1
51,arts,unemployed,unemployed,100285,0,0
64,stem,salaried,accounting,66950,1,0
41,arts,unemployed,unemployed,130460,1,0
52,business,salaried,engineering,104641,0,0
88,arts,salaried,arts,0,1,1
63,business,contractual,law,118753,1,0
79,business,unemployed,unemployed,0,0,0
62,law,contractual,law,122161,0,0
46,stem,unemployed,unemployed,0,1,0
45,business,self business,accounting,46226,0,0
48,law,salaried,law,49122,1,0
75,business,contractual,transportation,117646,1,0
66,arts,self business,arts,88415,0,0
75,business,self business,arts,61229,1,0
53,business,self business,engineering,121393,0,0
50,arts,unemployed,unemployed,0,1,0
81,business,contractual,health,134332,1,1
56,arts,salaried,it,41695,1,0
82,business,salaried,law,64128,1,1
64,law,salaried,engineering,119052,0,0
53,arts,self business,health,43658,0,0
55,law,unemployed,unemployed,0,1,0
69,stem,contractual,arts,122227,0,0
51,law,contractual,health,63376,0,0
45,business,contractual,arts,86210,1,0
68,business,salaried,it,51883,1,0
78,arts,unemployed,unemployed,0,1,0
68,business,salaried,law,106789,0,0
83,law,contractual,health,122969,1,1
55,law,self business,engineering,116580,1,0
81,arts,salaried,it,0,1,1
49,law,unemployed,unemployed,0,1,0
70,law,self business,engineering,46465,1,0
68,law,salaried,accounting,99785,0,0
54,arts,unemployed,unemployed,0,1,0
72,business,unemployed,unemployed,0,0,0
59,law,salaried,accounting,70137,0,0
79,business,unemployed,unemployed,0,1,0
85,arts,salaried,it,0,1,1
49,arts,unemployed,unemployed,141077,1,0
78,law,contractual,law,0,1,1
42,business,unemployed,unemployed,0,0,0
43,stem,self business,law,128699,1,0
51,business,self business,arts,83386,1,0
60,law,self business,transportation,74855,0,0
67,stem,contractual,health,64796,1,0
66,business,self business,transportation,114615,0,0
62,law,unemployed,unemployed,0,1,0
60,law,salaried,engineering,96752,1,0
77,law,contractual,accounting,95453,1,1
79,arts,contractual,it,137298,1,1
81,business,salaried,health,102768,1,1
57,business,contractual,arts,123005,0,0
43,business,unemployed,unemployed,0,1,0
44,law,contractual,accounting,52455,1,0
80,business,contractual,engineering,133334,0,0
48,stem,self business,it,57311,1,0
44,arts,salaried,engineering,101453,1,0
86,business,salaried,health,80270,1,1
71,business,unemployed,unemployed,0,0,0
58,law,salaried,arts,94580,1,0
88,stem,contractual,law,74291,1,1
47,business,self business,accounting,86293,0,0
72,law,salaried,transportation,124472,0,0
57,arts,contractual,law,121903,1,0
68,stem,salaried,transportation,94322,1,0
66,arts,contractual,it,116454,0,0
69,business,salaried,engineering,73997,0,0
83,stem,self business,law,49409,1,1
44,law,unemployed,unemployed,0,1,0
69,business,self business,health,80482,0,0
79,business,salaried,health,141409,1,0
81,law,contractual,law,137777,1,1
48,law,unemployed,unemployed,0,1,0
86,arts,contractual,engineering,140109,1,1
78,arts,contractual,it,0,1,1
69,business,unemployed,unemployed,0,0,0
75,law,salaried,engineering,54882,1,1
55,stem,salaried,law,109199,1,0
46,business,salaried,arts,59984,1,0
77,business,contractual,health,111260,0,0
88,arts,salaried,health,126524,1,1
53,law,salaried,accounting,120648,0,0
40,law,salaried,engineering,49558,0,0
42,business,unemployed,unemployed,0,0,0
80,business,contractual,engineering,125087,1,0
43,stem,self business,health,73941,0,0
45,stem,contractual,law,77361,0,0
64,law,contractual,engineering,102800,0,0
56,stem,unemployed,unemployed,0,1,0
53,arts,self business,engineering,57202,1,0
49,business,contractual,it,55749,1,0
85,business,contractual,transportation,143173,1,1
67,arts,salaried,accounting,43161,0,0
54,business,contractual,accounting,147820,0,0
85,law,self business,health,42362,1,1
78,stem,contractual,accounting,82682,0,0
45,arts,salaried,accounting,141583,1,0
84,law,self business,it,52114,1,1
57,business,salaried,arts,68035,1,0
53,arts,self business,arts,130523,0,0
45,business,contractual,it,143665,1,0
82,stem,self business,arts,0,1,1
81,arts,salaried,engineering,0,1,1
62,arts,contractual,law,108482,1,0
84,arts,salaried,transportation,96703,1,1
74,law,salaried,transportation,54458,1,0
51,stem,salaried,law,132928,0,0
64,law,self business,arts,54280,0,0
72,law,unemployed,unemployed,0,0,0
75,business,unemployed,unemployed,0,1,0
78,business,unemployed,unemployed,0,1,0
45,business,contractual,transportation,146082,1,0
45,law,contractual,law,98482,1,0
80,stem,unemployed,unemployed,0,0,0
72,arts,contractual,health,138042,1,1
44,arts,salaried,arts,132065,0,0
71,stem,contractual,health,111869,1,0
70,arts,salaried,law,97477,1,1
67,stem,unemployed,unemployed,80791,0,0
83,stem,self business,it,145513,1,1
51,law,unemployed,unemployed,78363,1,0
79,law,unemployed,unemployed,0,1,0
88,law,salaried,accounting,0,1,1
48,business,self business,accounting,72096,0,0
80,law,self business,it,144560,1,1
47,business,self business,transportation,115371,0,0
60,arts,salaried,it,135702,1,0
41,law,self business,arts,122222,1,0
88,stem,contractual,arts,42668,1,1
72,business,contractual,transportation,68859,1,0
55,business,salaried,health,55802,1,0
79,stem,contractual,engineering,103808,1,0
79,stem,unemployed,unemployed,93577,0,0
82,arts,salaried,it,123078,1,1
41,stem,self business,law,104857,1,0
47,law,self business,arts,119503,0,0
69,stem,self business,engineering,146226,0,0
79,business,contractual,transportation,62900,0,0
88,business,contractual,law,127851,1,1
44,stem,contractual,transportation,81547,1,0
52,law,unemployed,unemployed,0,1,0
73,business,self business,law,119900,0,0
48,business,salaried,health,52312,1,0
40,arts,salaried,engineering,129487,0,0
49,stem,contractual,accounting,139966,0,0
62,business,unemployed,unemployed,0,1,0
71,law,contractual,accounting,66824,1,1
84,business,self business,law,97748,1,1
80,law,unemployed,unemployed,0,1,0
85,arts,salaried,transportation,147217,1,1
71,stem,self business,it,141683,1,1
84,business,salaried,it,51819,1,1
60,law,salaried,engineering,137329,1,0
43,arts,contractual,health,133440,0,0
72,law,self business,transportation,40813,0,0
73,business,contractual,arts,51660,1,0
67,business,unemployed,unemployed,0,1,0
78,arts,salaried,engineering,61841,1,1
75,stem,unemployed,unemployed,0,1,0
63,arts,unemployed,unemployed,0,0,0
87,arts,salaried,health,0,1,1
67,arts,salaried,health,51783,1,0
52,arts,unemployed,unemployed,124505,0,0
45,law,self business,health,148526,0,0
67,business,self business,engineering,113010,0,0
87,stem,salaried,accounting,79893,1,1
51,arts,salaried,law,109711,1,0
81,business,self business,transportation,46837,1,1
74,business,unemployed,unemployed,59977,1,0
85,law,contractual,law,109934,1,1
79,law,contractual,it,44547,1,1
65,business,self business,accounting,115285,1,0
78,stem,salaried,transportation,65534,1,0
70,arts,contractual,law,46298,0,0
62,stem,salaried,law,134485,0,0
72,arts,self business,law,125984,0,0
74,law,contractual,transportation,47805,1,1
67,arts,self business,it,145967,0,0
86,business,self business,engineering,101321,1,1
73,stem,self business,transportation,60364,0,0
57,stem,unemployed,unemployed,0,0,0
81,stem,salaried,law,93601,1,1
47,stem,unemployed,unemployed,104266,1,0
57,stem,self business,health,91908,0,0
74,law,self business,law,93995,1,0
52,stem,contractual,transportation,110373,1,0
50,arts,self business,arts,126557,0,0
81,business,self business,engineering,0,1,1
74,arts,contractual,arts,0,1,1
72,stem,salaried,health,148848,1,1
41,business,contractual,transportation,121381,0,0
44,arts,unemployed,unemployed,0,1,0
57,law,salaried,law,126910,0,0
55,stem,unemployed,unemployed,0,0,0
50,law,unemployed,unemployed,0,0,0
81,law,salaried,transportation,120522,1,1
51,business,salaried,arts,145907,0,0
70,stem,salaried,it,67420,1,0
46,business,salaried,accounting,91308,0,0
84,arts,self business,arts,144877,1,1
83,arts,salaried,accounting,86592,1,1
77,law,salaried,it,70509,1,0
84,business,salaried,arts,104381,1,1
78,arts,salaried,transportation,92479,1,0
86,law,self business,accounting,0,1,1
57,law,salaried,accounting,130470,0,0
58,stem,unemployed,unemployed,110671,1,0
51,law,unemployed,unemployed,0,0,0
40,arts,self business,it,44762,0,0
66,stem,salaried,engineering,135053,1,0
60,law,unemployed,unemployed,55275,1,0
55,law,self business,transportation,47724,1,0
55,stem,unemployed,unemployed,0,1,0
49,law,salaried,accounting,81826,0,0
87,business,self business,transportation,55544,1,1
87,arts,salaried,it,58419,1,1
41,arts,self business,it,40519,1,0
47,stem,salaried,it,46366,1,0
69,business,unemployed,unemployed,0,0,0
65,arts,salaried,it,55940,1,0
47,arts,contractual,law,108264,0,0
50,arts,unemployed,unemployed,0,0,0
89,arts,salaried,transportation,120512,1,1
81,arts,salaried,engineering,82934,1,1
66,law,unemployed,unemployed,0,0,0
81,stem,contractual,it,148164,1,1
83,stem,contractual,engineering,0,1,1
65,business,unemployed,unemployed,0,1,0
53,arts,unemployed,unemployed,0,1,0
72,business,unemployed,unemployed,0,0,0
84,law,self business,accounting,142025,1,1
75,arts,contractual,health,66030,0,0
44,business,contractual,it,75462,1,0
75,business,unemployed,unemployed,0,0,0
58,arts,unemployed,unemployed,0,1,0
57,business,self business,arts,71930,1,0
61,law,self business,arts,106700,0,0
83,business,salaried,engineering,112232,1,1
47,law,self business,engineering,41729,1,0
51,business,self business,accounting,107537,0,0
74,business,unemployed,unemployed,132728,1,0
73,business,self business,arts,96564,1,0
69,arts,self business,transportation,81684,1,0
89,law,salaried,engineering,0,1,1
86,stem,salaried,engineering,86923,1,1
40,business,unemployed,unemployed,0,0,0
49,law,unemployed,unemployed,138830,0,0
85,business,self business,arts,106083,1,1
72,arts,contractual,law,79284,1,1
83,stem,contractual,transportation,61798,1,1
46,stem,unemployed,unemployed,47451,1,0
70,law,unemployed,unemployed,0,1,0
64,stem,contractual,transportation,55695,1,0
83,arts,self business,it,40080,1,1
84,business,contractual,law,60284,1,1
56,business,self business,health,42163,1,0
48,stem,salaried,law,87199,0,0
47,stem,unemployed,unemployed,0,0,0
84,arts,self business,accounting,0,1,1
66,arts,contractual,transportation,77416,0,0
66,stem,contractual,accounting,66998,0,0
53,stem,unemployed,unemployed,121346,1,0
65,arts,unemployed,unemployed,0,0,0
54,business,contractual,accounting,146331,1,0
70,law,self business,arts,138682,1,1
68,law,contractual,engineering,146248,0,0
80,arts,self business,arts,93775,1,0
67,business,unemployed,unemployed,0,0,0
49,business,contractual,accounting,68300,0,0
84,law,self business,health,148047,1,1
48,arts,contractual,arts,41215,0,0
74,arts,unemployed,unemployed,0,0,0
55,stem,self business,engineering,59005,0,0
52,stem,unemployed,unemployed,0,0,0
43,arts,unemployed,unemployed,0,0,0
77,stem,salaried,it,82244,1,0
48,arts,unemployed,unemployed,0,1,0
54,law,salaried,engineering,71067,1,0
51,arts,unemployed,unemployed,0,0,0
71,business,unemployed,unemployed,87084,1,0
50,law,unemployed,unemployed,0,1,0
67,arts,self business,accounting,129027,0,0
67,stem,contractual,law,137884,1,0
69,business,self business,engineering,87326,1,0
61,law,contractual,law,48399,0,0
60,stem,salaried,engineering,147894,0,0
76,business,unemployed,unemployed,0,1,0
43,stem,unemployed,unemployed,0,1,0
77,arts,salaried,health,61201,0,0
79,stem,unemployed,unemployed,0,0,0
59,stem,self business,health,108818,0,0
88,law,self business,accounting,51659,1,1
79,arts,contractual,engineering,76128,0,0
61,business,unemployed,unemployed,0,1,0
82,business,self business,health,138858,1,1
43,business,salaried,accounting,93247,0,0
52,law,self business,law,69689,1,0
49,law,unemployed,unemployed,0,1,0
50,business,unemployed,unemployed,0,1,0
65,business,contractual,transportation,79913,0,0
52,stem,unemployed,unemployed,0,0,0
72,law,self business,it,53592,1,0
69,arts,contractual,engineering,105490,1,0
72,business,salaried,transportation,113298,1,0
40,stem,contractual,arts,72824,1,0
71,stem,self business,transportation,60837,1,0
87,law,self business,law,85695,1,1
64,stem,self business,engineering,56843,1,0
81,law,contractual,transportation,0,1,1
86,business,contractual,health,46220,1,1
49,arts,unemployed,unemployed,0,0,0
81,business,self business,it,88704,1,1
55,law,unemployed,unemployed,0,0,0
60,arts,unemployed,unemployed,0,0,0
61,business,unemployed,unemployed,0,0,0
76,law,salaried,transportation,95162,1,1
81,law,self business,health,144501,1,1
47,business,self business,it,122881,1,0
83,arts,salaried,accounting,107780,1,1
49,arts,unemployed,unemployed,0,1,0
75,stem,contractual,health,122540,0,0
50,law,unemployed,unemployed,0,0,0
74,law,contractual,it,110592,1,0
58,stem,unemployed,unemployed,0,0,0
72,arts,contractual,engineering,130311,1,0
52,arts,contractual,transportation,115832,0,0
59,arts,salaried,arts,98704,0,0
59,stem,salaried,accounting,98766,1,0
88,law,self business,health,119895,1,1
40,law,self business,it,52129,0,0
54,stem,salaried,accounting,81613,0,0
58,law,salaried,it,79422,1,0
46,law,self business,law,77850,0,0
56,law,unemployed,unemployed,0,0,0
67,law,self business,transportation,94269,0,0
40,stem,contractual,law,87988,1,0
52,stem,salaried,accounting,62051,0,0
78,stem,unemployed,unemployed,0,1,0
40,business,self business,engineering,103437,0,0
70,stem,contractual,health,59076,1,1
41,arts,contractual,law,61859,1,0
52,law,unemployed,unemployed,0,1,0
80,stem,self business,it,105689,1,0
79,law,unemployed,unemployed,0,0,0
73,law,contractual,transportation,69932,1,1
83,stem,salaried,law,104163,1,1
77,arts,salaried,transportation,142838,0,0
69,arts,salaried,engineering,103119,1,0
70,law,unemployed,unemployed,0,0,0
85,stem,salaried,engineering,86967,1,1
58,law,salaried,it,133313,0,0
58,arts,self business,health,107630,1,0
60,business,unemployed,unemployed,0,0,0
88,law,salaried,law,64141,1,1
66,law,self business,health,48384,0,0
76,business,salaried,arts,66733,0,0
87,business,self business,health,0,1,1
52,business,salaried,engineering,88521,1,0
66,stem,self business,it,93910,1,0
70,stem,salaried,it,127611,0,0
72,arts,unemployed,unemployed,102841,0,0
44,stem,contractual,health,50849,1,0
66,stem,salaried,transportation,60164,1,0
62,stem,unemployed,unemployed,0,1,0
63,law,unemployed,unemployed,67808,0,0
66,business,contractual,it,102151,1,0
47,arts,contractual,engineering,99279,0,0
52,arts,self business,engineering,95265,1,0
63,law,self business,arts,108771,1,0
47,business,unemployed,unemployed,0,1,0
87,arts,self business,arts,0,1,1
79,arts,contractual,law,87123,0,0
64,business,unemployed,unemployed,60315,0,0
47,arts,unemployed,unemployed,0,0,0
50,law,salaried,health,111418,0,0
70,business,contractual,arts,84281,0,0
51,law,unemployed,unemployed,0,1,0
47,stem,self business,it,99277,0,0
49,stem,contractual,law,65211,1,0
63,arts,unemployed,unemployed,96303,1,0
72,business,salaried,arts,108522,1,1
59,arts,unemployed,unemployed,0,0,0
68,business,salaried,law,105799,1,0
44,law,unemployed,unemployed,0,0,0
43,business,contractual,health,97536,1,0
74,business,contractual,arts,120060,1,1
63,law,unemployed,unemployed,0,0,0
59,law,self business,transportation,111990,0,0
82,stem,salaried,it,42871,1,1
57,law,self business,engineering,130893,1,0
76,arts,salaried,accounting,114049,1,1
51,law,self business,health,74149,0,0
84,business,self business,transportation,135743,1,1
47,law,unemployed,unemployed,0,1,0
48,arts,contractual,engineering,66175,1,0
55,arts,self business,transportation,144853,1,0
55,arts,self business,it,59992,0,0
67,law,salaried,law,120418,0,0
77,law,salaried,accounting,122547,0,0
53,law,self business,arts,132739,0,0
74,stem,unemployed,unemployed,96781,1,0
74,arts,contractual,arts,105909,1,0
54,business,salaried,arts,81808,1,0
48,arts,self business,arts,41622,0,0
72,arts,unemployed,unemployed,0,1,0
41,business,salaried,engineering,101467,0,0
89,business,salaried,arts,79151,1,1
47,arts,unemployed,unemployed,56486,0,0
73,law,unemployed,unemployed,138212,1,0
86,law,contractual,transportation,103965,1,1
70,law,unemployed,unemployed,57411,1,0
47,arts,contractual,accounting,81753,1,0
77,business,self business,it,128097,0,0
54,arts,unemployed,unemployed,0,1,0
50,law,unemployed,unemployed,0,0,0
61,arts,self business,health,77137,0,0
48,stem,contractual,arts,127504,1,0
45,arts,self business,it,105756,1,0
53,business,salaried,engineering,140214,1,0
62,law,contractual,accounting,120930,1,0
51,business,unemployed,unemployed,0,0,0
47,business,contractual,health,62145,0,0
72,law,contractual,engineering,95778,0,0
64,law,contractual,health,122542,0,0
63,law,contractual,arts,114883,1,0
66,arts,unemployed,unemployed,0,1,0
47,business,contractual,transportation,117310,1,0
69,business,contractual,arts,134122,1,0
79,law,contractual,arts,115696,1,0
50,arts,contractual,transportation,90627,0,0
45,arts,self business,engineering,114811,1,0
61,law,contractual,law,57463,1,0
71,arts,contractual,engineering,50668,1,0
52,arts,unemployed,unemployed,0,0,0
40,stem,unemployed,unemployed,0,0,0
80,stem,unemployed,unemployed,75570,0,0
89,law,self business,engineering,70950,1,1
56,arts,contractual,transportation,64688,1,0
53,stem,salaried,law,56216,0,0
55,law,self business,it,129767,1,0
49,law,self business,accounting,128814,0,0
46,arts,self business,arts,104978,1,0
68,business,unemployed,unemployed,0,0,0
52,business,salaried,accounting,49721,1,0
43,arts,contractual,health,73182,1,0
51,law,salaried,it,44572,1,0
59,stem,self business,transportation,72173,0,0
57,arts,unemployed,unemployed,149787,1,0
57,law,self business,law,111231,1,0
81,business,salaried,transportation,47904,1,1
66,stem,self business,accounting,106668,0,0
52,business,unemployed,unemployed,0,1,0
59,law,salaried,law,43195,0,0
89,arts,contractual,it,42252,1,1
79,arts,unemployed,unemployed,0,0,0
46,business,salaried,engineering,84756,1,0
74,arts,unemployed,unemployed,0,0,0
74,business,self business,law,107340,1,0
86,arts,salaried,it,108450,1,1
60,business,unemployed,unemployed,0,1,0
83,stem,contractual,accounting,85823,1,1
79,business,contractual,transportation,51316,0,0
72,arts,salaried,it,55573,1,1
46,law,contractual,arts,104742,0,0
46,arts,unemployed,unemployed,0,1,0
67,stem,salaried,it,99806,0,0
79,law,contractual,it,117923,1,0
73,law,self business,it,99682,1,1
46,business,unemployed,unemployed,0,0,0
72,business,self business,law,99819,0,0
81,law,self business,engineering,113109,1,1
52,law,unemployed,unemployed,0,0,0
74,business,salaried,law,66806,1,0
62,law,unemployed,unemployed,117511,0,0
56,law,contractual,transportation,121713,0,0
74,stem,unemployed,unemployed,80015,1,0
49,business,contractual,law,126690,0,0
44,law,salaried,engineering,71203,1,0
55,business,self business,health,141905,0,0
67,law,contractual,accounting,120795,0,0
69,stem,salaried,law,49947,0,0
45,arts,unemployed,unemployed,71358,0,0
64,arts,unemployed,unemployed,0,0,0
52,law,contractual,accounting,51524,0,0
45,arts,salaried,arts,116465,0,0
68,arts,salaried,law,80848,0,0
50,arts,unemployed,unemployed,0,0,0
44,law,salaried,it,64361,0,0
48,stem,unemployed,unemployed,0,1,0
89,business,contractual,law,69984,1,1
47,law,self business,health,123844,1,0
80,law,self business,health,77312,1,1
76,law,salaried,accounting,97498,0,0
51,stem,unemployed,unemployed,0,1,0
53,law,self business,engineering,101301,0,0
82,stem,contractual,engineering,60455,1,1
42,stem,self business,engineering,105524,1,0
87,arts,self business,law,44060,1,1
88,arts,salaried,accounting,0,1,1
78,law,contractual,accounting,58946,0,0
52,business,salaried,health,82685,0,0
46,stem,contractual,engineering,149923,1,0
73,arts,unemployed,unemployed,0,1,0
47,law,self business,it,84655,1,0
84,law,salaried,transportation,101796,1,1
83,business,salaried,engineering,92530,1,1
52,stem,salaried,engineering,75274,0,0
64,law,unemployed,unemployed,0,1,0
65,arts,unemployed,unemployed,0,1,0
54,stem,self business,it,114180,1,0
51,business,self business,law,108715,0,0
89,arts,contractual,it,149733,1,1
60,stem,unemployed,unemployed,0,0,0
83,business,self business,it,57186,1,1
74,law,salaried,law,51608,1,0
66,business,salaried,transportation,117975,0,0
54,arts,self business,health,47638,1,0
49,law,salaried,health,137124,1,0
55,business,contractual,health,95443,1,0
81,law,contractual,health,148351,1,1
49,arts,unemployed,unemployed,0,1,0
73,law,unemployed,unemployed,0,0,0
77,stem,salaried,transportation,0,1,1
80,arts,salaried,law,97929,0,0
86,business,salaried,arts,0,1,1
89,arts,salaried,arts,121136,1,1
56,law,unemployed,unemployed,0,0,0
55,stem,salaried,engineering,46157,1,0
64,arts,unemployed,unemployed,141188,0,0
58,business,self business,law,82635,0,0
83,business,contractual,arts,101506,1,1
58,stem,contractual,accounting,125860,0,0
53,stem,self business,law,122424,0,0
44,business,contractual,arts,101846,0,0
47,stem,unemployed,unemployed,0,0,0
43,business,self business,transportation,126819,1,0
60,arts,self business,law,111398,1,0
89,arts,contractual,health,51881,1,1
58,law,unemployed,unemployed,0,0,0
63,business,contractual,accounting,57087,0,0
47,arts,salaried,accounting,65015,0,0
51,stem,salaried,accounting,57298,1,0
79,law,contractual,engineering,81692,0,0
41,stem,unemployed,unemployed,138846,0,0
84,stem,contractual,arts,104101,1,1
55,law,unemployed,unemployed,0,0,0
70,arts,salaried,engineering,81690,0,0
73,arts,unemployed,unemployed,0,0,0
74,stem,salaried,it,59552,1,0
71,business,contractual,arts,52738,0,0
70,law,contractual,law,45779,0,0
88,stem,salaried,accounting,126819,1,1
59,arts,unemployed,unemployed,0,1,0
82,arts,contractual,law,114706,1,1
61,law,contractual,transportation,53446,0,0
44,business,contractual,law,62300,1,0
86,business,contractual,law,128377,1,1
78,arts,self business,transportation,138336,0,0
47,law,self business,accounting,109577,1,0
77,business,unemployed,unemployed,0,0,0
83,stem,self business,engineering,144823,1,1
67,business,unemployed,unemployed,82917,1,0
51,stem,salaried,accounting,54668,0,0
86,stem,contractual,transportation,63245,1,1
50,arts,self business,arts,81360,0,0
70,law,contractual,arts,57055,0,0
60,stem,salaried,engineering,75174,1,0
84,stem,contractual,engineering,82316,1,1
54,stem,self business,health,111283,0,0
58,arts,self business,engineering,131636,1,0
65,business,contractual,health,79010,0,0
82,stem,salaried,it,117508,1,1
61,arts,contractual,it,65501,0,0
86,arts,self business,health,143356,1,1
82,business,salaried,law,52061,1,1
66,stem,self business,it,117141,1,0
50,law,salaried,accounting,138132,0,0
59,business,self business,it,42533,1,0
52,stem,unemployed,unemployed,0,0,0
56,business,contractual,transportation,106041,0,0
79,business,salaried,arts,97967,0,0
42,arts,self business,transportation,81064,0,0
65,business,unemployed,unemployed,0,0,0
81,law,contractual,transportation,103013,1,1
67,business,self business,accounting,83675,1,0
40,law,salaried,engineering,117858,1,0
75,business,unemployed,unemployed,0,0,0
43,stem,unemployed,unemployed,0,0,0
87,law,salaried,engineering,101552,1,1
73,arts,self business,law,119527,0,0
44,business,unemployed,unemployed,0,0,0
71,stem,unemployed,unemployed,0,0,0
60,stem,self business,engineering,137365,1,0
72,law,salaried,accounting,75208,0,0
58,arts,salaried,transportation,71162,1,0
71,business,contractual,it,60737,0,0
45,arts,contractual,it,107971,1,0
53,arts,unemployed,unemployed,0,0,0
67,law,contractual,health,77348,0,0
47,law,unemployed,unemployed,0,0,0
44,business,unemployed,unemployed,0,0,0
43,business,contractual,arts,140211,1,0
58,stem,unemployed,unemployed,0,0,0
73,stem,self business,health,143403,1,1
55,law,contractual,accounting,72057,0,0
70,stem,self business,transportation,120188,0,0
75,arts,unemployed,unemployed,0,1,0
54,arts,unemployed,unemployed,0,0,0
48,law,self business,transportation,111397,0,0
72,stem,contractual,it,51537,1,1
82,stem,self business,law,72667,1,1
81,business,salaried,engineering,146606,1,1
59,business,unemployed,unemployed,0,0,0
54,business,self business,it,58734,1,0
72,stem,self business,accounting,133067,1,1
86,business,contractual,health,67065,1,1
65,law,self business,it,148482,0,0
75,stem,unemployed,unemployed,107968,0,0
87,arts,self business,it,124127,1,1
70,arts,self business,health,119700,1,1
82,stem,self business,transportation,63033,1,1
75,stem,self business,arts,112159,0,0
69,law,self business,transportation,108507,1,0
50,stem,self business,it,116004,0,0
88,law,self business,law,142866,1,1
55,business,contractual,engineering,123654,1,0
78,arts,self business,transportation,122577,0,0
42,business,contractual,arts,135822,0,0
66,arts,self business,it,95940,1,0
70,arts,unemployed,unemployed,56921,1,0
47,arts,contractual,it,149354,1,0
88,law,contractual,transportation,90322,1,1
41,law,contractual,transportation,75391,0,0
69,arts,salaried,accounting,46232,1,0
56,arts,salaried,law,100286,1,0
43,stem,salaried,health,72805,0,0
81,stem,self business,engineering,0,1,1
78,law,salaried,it,60721,0,0
68,business,unemployed,unemployed,0,0,0
69,stem,self business,engineering,139919,1,0
86,stem,salaried,engineering,81816,1,1
87,business,self business,engineering,114489,1,1
45,law,unemployed,unemployed,92843,0,0
78,stem,contractual,engineering,142039,0,0
84,stem,self business,it,41254,1,1
51,arts,unemployed,unemployed,0,0,0
46,arts,salaried,health,140895,0,0
80,law,unemployed,unemployed,0,1,0
83,stem,self business,it,133273,1,1
54,business,self business,transportation,126820,1,0
77,stem,self business,it,91986,1,0
71,law,unemployed,unemployed,0,0,0
55,business,unemployed,unemployed,90778,1,0
85,stem,contractual,accounting,112011,1,1
55,stem,unemployed,unemployed,0,1,0
86,law,self business,arts,90219,1,1
49,arts,contractual,arts,126734,0,0
58,business,salaried,transportation,74055,1,0
82,law,contractual,accounting,85181,1,1
86,stem,self business,engineering,49868,1,1
71,law,contractual,engineering,140941,1,1
47,law,contractual,transportation,90103,1,0
86,arts,salaried,engineering,49237,1,1
88,arts,salaried,it,114841,1,1
83,stem,self business,law,57438,1,1
46,stem,salaried,accounting,82928,0,0
43,business,salaried,transportation,56988,0,0
66,arts,contractual,accounting,100894,0,0
44,business,unemployed,unemployed,0,0,0
56,stem,unemployed,unemployed,0,1,0
42,business,self business,arts,72607,0,0
42,stem,salaried,health,143236,1,0
88,business,salaried,transportation,70351,1,1
52,stem,contractual,it,135735,0,0
82,law,contractual,transportation,131903,1,1
86,law,self business,transportation,68510,1,1
61,business,salaried,transportation,111931,1,0
75,stem,salaried,accounting,138658,0,0
57,law,contractual,arts,71536,0,0
81,arts,self business,it,108669,1,1
51,stem,salaried,health,77255,1,0
81,stem,self business,law,0,1,1
44,business,unemployed,unemployed,0,1,0
49,stem,unemployed,unemployed,0,1,0
67,arts,salaried,transportation,118548,0,0
72,stem,unemployed,unemployed,0,0,0
79,arts,salaried,it,45340,1,0
75,stem,salaried,arts,131048,0,0
65,law,salaried,arts,83863,0,0
47,law,self business,transportation,61760,1,0
76,stem,contractual,it,98176,0,0
43,law,salaried,it,77287,1,0
83,business,contractual,law,133280,1,1
76,law,contractual,it,144633,0,0
89,stem,self business,it,136886,1,1
76,business,contractual,law,81229,0,0
48,business,unemployed,unemployed,100767,0,0
44,law,salaried,accounting,66850,1,0
80,stem,salaried,arts,135819,1,1
76,law,unemployed,unemployed,0,0,0
60,business,self business,accounting,145466,1,0
55,law,self business,it,72175,1,0
59,business,salaried,law,107496,0,0
82,law,self business,it,94799,1,1
60,stem,contractual,health,85249,0,0
45,business,contractual,arts,98497,1,0
66,law,salaried,law,99391,1,0
69,business,salaried,it,108479,1,0
74,stem,unemployed,unemployed,0,1,0
54,law,self business,health,106409,0,0
77,business,self business,health,131439,0,0
74,stem,unemployed,unemployed,0,1,0
82,business,contractual,arts,0,1,1
79,arts,self business,accounting,136128,1,1
79,stem,salaried,engineering,118175,1,0
76,law,contractual,accounting,47895,0,0
47,stem,salaried,accounting,127047,1,0
73,law,unemployed,unemployed,0,1,0
57,law,self business,health,82801,0,0
84,business,contractual,arts,0,1,1
79,stem,self business,health,102707,0,0
72,business,contractual,engineering,114250,0,0
63,stem,contractual,law,139671,0,0
80,stem,self business,accounting,64450,0,0
84,arts,self business,transportation,98428,1,1
73,law,unemployed,unemployed,0,0,0
41,law,salaried,it,76706,0,0
47,arts,self business,engineering,102446,1,0
63,stem,salaried,health,46510,0,0
48,law,salaried,it,118231,0,0
45,stem,unemployed,unemployed,0,0,0
80,arts,salaried,health,111539,1,1
85,business,self business,health,65167,1,1
54,law,unemployed,unemployed,0,0,0
65,stem,unemployed,unemployed,121251,0,0
66,law,salaried,arts,98025,1,0
52,stem,salaried,arts,72257,1,0
78,law,salaried,transportation,0,1,1
73,arts,self business,engineering,100951,0,0
76,law,contractual,engineering,57853,1,1
44,law,unemployed,unemployed,0,1,0
77,stem,self business,transportation,68621,1,0
56,law,contractual,transportation,84414,0,0
69,arts,unemployed,unemployed,0,1,0
42,arts,unemployed,unemployed,0,1,0
57,law,self business,engineering,96814,0,0
53,business,salaried,engineering,45061,1,0
62,law,self business,law,95781,1,0
75,business,salaried,accounting,53862,1,0
67,stem,self business,transportation,51567,0,0
68,business,contractual,accounting,41131,1,0
89,arts,contractual,accounting,84894,1,1
81,stem,self business,health,138589,1,1
67,stem,self business,it,136966,0,0
77,stem,self business,accounting,70819,1,1
76,arts,contractual,transportation,149969,0,0
47,stem,unemployed,unemployed,0,1,0
78,law,self business,accounting,71007,0,0
79,stem,contractual,engineering,143537,0,0
56,arts,self business,law,97488,1,0
78,business,unemployed,unemployed,0,1,0
87,arts,salaried,arts,0,1,1
61,law,salaried,health,95636,0,0
70,law,salaried,transportation,114505,1,0
43,stem,salaried,law,97395,0,0
87,law,self business,accounting,0,1,1
83,stem,contractual,it,0,1,1
71,stem,contractual,transportation,85507,1,0
71,law,salaried,law,0,1,1
86,arts,salaried,health,78402,1,1
76,business,self business,engineering,0,1,1
48,arts,self business,arts,107741,1,0
53,business,self business,transportation,123535,0,0
63,business,contractual,health,140261,0,0
85,stem,contractual,engineering,0,1,1
42,stem,self business,transportation,42678,1,0
42,business,unemployed,unemployed,146978,1,0
70,business,self business,law,0,1,1
77,arts,contractual,arts,92833,0,0
40,business,self business,engineering,73680,1,0
59,law,unemployed,unemployed,0,0,0
71,business,salaried,health,88619,0,0
41,business,contractual,law,72800,0,0
81,law,self business,engineering,0,1,1
72,arts,self business,it,117490,1,0
82,arts,self business,accounting,108001,1,1
64,business,unemployed,unemployed,0,1,0
87,law,self business,health,43855,1,1
88,business,salaried,engineering,0,1,1
50,stem,salaried,transportation,86009,1,0
47,business,salaried,accounting,50274,0,0
52,arts,unemployed,unemployed,0,1,0
59,arts,salaried,law,122438,0,0
54,stem,unemployed,unemployed,41244,1,0
73,law,salaried,health,144984,0,0
76,stem,unemployed,unemployed,0,0,0
40,arts,salaried,health,58750,0,0
86,stem,salaried,engineering,99221,1,1
46,business,contractual,law,148721,0,0
58,business,salaried,accounting,146646,1,0
41,law,contractual,it,133511,1,0
44,arts,self business,health,93592,0,0
51,law,unemployed,unemployed,80559,1,0
82,law,contractual,it,0,1,1
71,law,self business,arts,63371,0,0
55,business,salaried,engineering,107413,1,0
43,law,salaried,engineering,145137,0,0
42,business,contractual,arts,61480,0,0
66,arts,self business,accounting,86764,1,0
68,stem,unemployed,unemployed,67662,1,0
58,stem,salaried,arts,93112,1,0
62,arts,salaried,health,85846,1,0
44,business,salaried,health,45526,1,0
55,stem,unemployed,unemployed,0,0,0
77,arts,unemployed,unemployed,121656,0,0
58,arts,self business,accounting,137242,1,0
78,business,salaried,engineering,73521,0,0
78,arts,unemployed,unemployed,103467,1,0
52,stem,unemployed,unemployed,0,1,0
65,arts,unemployed,unemployed,0,0,0
40,business,unemployed,unemployed,0,1,0
42,arts,contractual,arts,78248,0,0
40,stem,unemployed,unemployed,46036,0,0
40,arts,unemployed,unemployed,0,1,0
80,stem,contractual,accounting,84761,1,1
72,stem,salaried,accounting,41556,1,0
52,business,salaried,transportation,111710,1,0
51,stem,unemployed,unemployed,147608,0,0
59,business,contractual,arts,82402,1,0
41,law,unemployed,unemployed,0,0,0
63,stem,salaried,health,131767,0,0
62,law,unemployed,unemployed,0,1,0
84,stem,salaried,it,129825,1,1
77,stem,self business,engineering,89529,0,0
57,arts,unemployed,unemployed,121558,0,0
59,stem,unemployed,unemployed,0,1,0
68,business,self business,transportation,126755,0,0
63,business,contractual,law,50928,0,0
70,stem,salaried,arts,95133,1,0
86,law,self business,law,128869,1,1
65,law,salaried,health,72251,1,0
42,stem,unemployed,unemployed,0,1,0
47,business,self business,law,65736,1,0
61,business,contractual,accounting,112852,0,0
66,arts,salaried,engineering,82640,0,0
57,arts,contractual,it,50522,0,0
50,business,contractual,accounting,133707,0,0
71,business,salaried,accounting,69650,1,0
48,stem,unemployed,unemployed,0,1,0
70,law,salaried,arts,42564,1,0
46,law,unemployed,unemployed,0,0,0
74,law,self business,law,83526,1,0
66,business,salaried,health,72864,0,0
83,stem,salaried,accounting,100188,1,1
77,stem,self business,it,60665,0,0
55,business,salaried,arts,136676,1,0
84,arts,self business,accounting,0,1,1
87,law,contractual,law,0,1,1
86,law,contractual,law,136689,1,1
75,arts,self business,transportation,70679,1,0
87,law,contractual,engineering,0,1,1
56,law,salaried,transportation,115191,1,0
76,stem,salaried,arts,62563,1,1
47,arts,contractual,engineering,137777,1,0
73,law,contractual,accounting,132921,0,0
42,business,salaried,it,118461,0,0
72,stem,contractual,arts,119378,0,0
60,stem,self business,law,91679,0,0
58,stem,contractual,law,110922,0,0
63,law,unemployed,unemployed,0,0,0
47,business,self business,it,106724,0,0
85,stem,salaried,law,0,1,1
88,stem,self business,it,138647,1,1
69,business,unemployed,unemployed,124108,1,0
58,law,salaried,law,97715,0,0
84,arts,salaried,transportation,0,1,1
87,stem,self business,engineering,115440,1,1
69,business,unemployed,unemployed,0,0,0
80,arts,contractual,it,113796,0,0
54,stem,self business,health,60531,0,0
45,arts,unemployed,unemployed,0,0,0
71,stem,contractual,accounting,100871,0,0
40,law,salaried,health,124892,0,0
51,law,unemployed,unemployed,0,0,0
88,business,contractual,engineering,67175,1,1
72,arts,contractual,law,141026,1,1
68,business,unemployed,unemployed,0,0,0
58,law,unemployed,unemployed,50307,0,0
47,law,salaried,arts,125335,0,0
43,stem,unemployed,unemployed,88156,1,0
89,law,self business,health,98141,1,1
52,stem,unemployed,unemployed,0,0,0
71,business,contractual,arts,129561,1,0
45,business,self business,law,97985,1,0
42,stem,contractual,transportation,125041,0,0
56,business,contractual,engineering,87015,0,0
51,law,unemployed,unemployed,0,0,0
84,law,self business,engineering,145838,1,1
42,arts,contractual,it,128210,0,0
82,business,salaried,engineering,60837,1,1
67,business,salaried,arts,112938,0,0
84,stem,salaried,transportation,0,1,1
49,law,contractual,transportation,119072,1,0
59,business,contractual,law,68532,0,0
54,arts,unemployed,unemployed,0,1,0
77,law,unemployed,unemployed,0,0,0
45,arts,self business,accounting,83418,1,0
78,business,self business,arts,148946,1,0
89,stem,contractual,it,59963,1,1
89,law,self business,it,72326,1,1
51,arts,self business,accounting,133127,0,0
72,law,self business,health,97867,1,0
78,law,contractual,arts,45918,0,0
82,law,self business,arts,78847,1,1
87,law,salaried,health,78561,1,1
81,stem,salaried,law,119938,1,1
79,law,salaried,arts,63987,1,0
49,business,self business,engineering,57390,1,0
46,business,contractual,health,114534,1,0
62,stem,contractual,transportation,64015,1,0
85,business,contractual,accounting,0,1,1
70,business,unemployed,unemployed,0,0,0
55,business,self business,transportation,71638,0,0
44,stem,unemployed,unemployed,0,0,0
78,arts,contractual,health,113097,1,1
60,stem,salaried,engineering,139560,0,0
65,arts,self business,it,47944,0,0
75,business,contractual,arts,82918,0,0
87,arts,self business,law,97003,1,1
86,business,salaried,engineering,85008,1,1
46,stem,unemployed,unemployed,0,1,0
64,law,salaried,health,78100,1,0
62,law,salaried,transportation,88733,1,0
73,stem,self business,health,60545,1,0
46,business,salaried,law,68728,1,0
78,arts,self business,engineering,52641,1,1
83,business,contractual,accounting,61332,1,1
76,law,contractual,arts,129439,1,1
41,law,unemployed,unemployed,0,1,0
55,law,salaried,accounting,123430,0,0
62,law,salaried,health,100951,0,0
86,arts,self business,engineering,0,1,1
51,arts,salaried,accounting,41642,0,0
58,law,self business,it,69850,0,0
84,business,salaried,health,80171,1,1
84,arts,self business,accounting,0,1,1
53,arts,salaried,engineering,50580,1,0
85,stem,salaried,law,43516,1,1
84,stem,self business,law,75381,1,1
54,stem,unemployed,unemployed,0,1,0
58,stem,unemployed,unemployed,0,1,0
44,law,contractual,transportation,125425,1,0
62,business,contractual,engineering,132173,1,0
76,law,salaried,arts,68168,0,0
49,law,contractual,health,143589,1,0
48,arts,self business,arts,84912,1,0
57,arts,salaried,transportation,46527,1,0
89,business,salaried,arts,102905,1,1
53,law,unemployed,unemployed,41017,0,0
40,arts,self business,health,61119,0,0
70,arts,unemployed,unemployed,0,1,0
54,stem,unemployed,unemployed,0,0,0
69,stem,unemployed,unemployed,0,1,0
46,law,unemployed,unemployed,0,0,0
44,law,salaried,health,95594,0,0
60,law,salaried,transportation,107378,1,0
87,arts,contractual,it,49400,1,1
81,arts,salaried,health,108339,1,1
87,arts,contractual,law,48173,1,1
88,arts,contractual,transportation,112254,1,1
87,law,salaried,health,144138,1,1
88,law,salaried,it,139076,1,1
80,arts,self business,arts,47860,0,0
73,stem,salaried,arts,65004,0,0
40,stem,unemployed,unemployed,0,1,0
76,business,self business,transportation,137725,1,0
74,law,unemployed,unemployed,0,1,0
64,business,contractual,transportation,141284,0,0
89,business,salaried,health,125616,1,1
82,arts,contractual,law,98447,1,1
47,law,salaried,law,67397,1,0
55,arts,unemployed,unemployed,89945,0,0
42,business,self business,engineering,56319,0,0
65,business,unemployed,unemployed,0,1,0
58,business,self business,law,138631,1,0
57,arts,unemployed,unemployed,90426,1,0
61,business,salaried,arts,63499,1,0
66,business,salaried,transportation,123198,0,0
79,stem,self business,accounting,125180,0,0
50,law,self business,transportation,58354,1,0
72,arts,self business,health,109702,0,0
77,arts,contractual,accounting,42096,1,1
41,business,salaried,arts,61538,1,0
87,law,self business,accounting,62579,1,1
57,law,salaried,engineering,88403,0,0
65,arts,salaried,health,148810,0,0
53,law,self business,arts,70320,1,0
72,law,contractual,it,112507,1,0
87,business,self business,transportation,141657,1,1
78,stem,self business,health,40683,0,0
64,law,unemployed,unemployed,0,0,0
69,stem,salaried,accounting,124787,0,0
47,business,unemployed,unemployed,0,1,0
85,arts,salaried,it,148229,1,1
88,arts,self business,it,0,1,1
72,arts,contractual,engineering,67718,0,0
41,arts,unemployed,unemployed,0,0,0
64,business,contractual,accounting,106813,1,0
53,law,self business,accounting,73568,1,0
45,law,self business,health,87848,1,0
71,law,salaried,health,62615,1,0
53,business,self business,law,113765,0,0
76,law,self business,arts,133243,1,1
48,arts,self business,it,58430,1,0
82,law,salaried,it,50711,1,1
56,arts,unemployed,unemployed,0,0,0
48,business,unemployed,unemployed,86188,0,0
56,arts,contractual,transportation,44243,1,0
59,stem,unemployed,unemployed,0,0,0
57,business,self business,arts,101708,0,0
55,business,self business,arts,76742,0,0
69,stem,self business,arts,138184,1,0
57,law,self business,law,99664,1,0
41,law,unemployed,unemployed,53793,0,0
40,arts,self business,accounting,120223,0,0
72,arts,contractual,accounting,68951,0,0
80,arts,contractual,engineering,55358,0,0
78,arts,unemployed,unemployed,0,1,0
79,stem,unemployed,unemployed,0,0,0
71,law,contractual,arts,59854,0,0
54,stem,self business,health,106226,0,0
66,law,contractual,health,117338,0,0
73,business,unemployed,unemployed,0,1,0
68,stem,self business,accounting,61840,0,0
40,business,self business,it,148976,1,0
69,stem,contractual,accounting,67598,1,0
63,arts,self business,accounting,130509,1,0
70,business,contractual,it,110294,0,0
62,arts,unemployed,unemployed,110758,1,0
42,business,unemployed,unemployed,0,1,0
65,arts,contractual,arts,73625,1,0
60,law,contractual,engineering,134949,1,0
49,business,contractual,engineering,95708,0,0
80,stem,unemployed,unemployed,0,0,0
85,arts,salaried,transportation,0,1,1
51,arts,self business,it,62462,0,0
43,stem,self business,health,41387,0,0
89,law,contractual,it,90205,1,1
72,stem,unemployed,unemployed,0,0,0
71,stem,salaried,accounting,107391,1,0
41,stem,salaried,accounting,94196,0,0
41,business,contractual,accounting,118478,1,0
58,arts,unemployed,unemployed,88264,0,0
77,stem,self business,accounting,49898,1,1
69,law,unemployed,unemployed,0,1,0
77,arts,contractual,accounting,103022,1,1
82,law,salaried,accounting,90165,1,1
52,stem,contractual,arts,102739,1,0
57,arts,self business,arts,85227,0,0
81,stem,salaried,accounting,0,1,1
87,arts,self business,engineering,0,1,1
59,law,unemployed,unemployed,0,1,0
51,stem,contractual,law,112115,1,0
62,stem,salaried,accounting,115430,0,0
47,law,self business,arts,66972,1,0
71,stem,contractual,accounting,41768,1,1
84,arts,contractual,it,136395,1,1
67,stem,contractual,it,122443,1,0
80,stem,contractual,arts,51976,1,0
66,business,salaried,arts,145417,0,0
83,stem,salaried,engineering,42931,1,1
79,stem,self business,it,115458,1,1
53,law,unemployed,unemployed,0,1,0
86,law,self business,it,103269,1,1
47,business,salaried,arts,119797,1,0
77,arts,salaried,arts,142316,0,0
79,arts,unemployed,unemployed,0,0,0
73,law,unemployed,unemployed,0,0,0
64,arts,salaried,transportation,81582,1,0
84,law,self business,accounting,42051,1,1
58,law,self business,arts,45298,0,0
66,arts,unemployed,unemployed,0,1,0
54,arts,unemployed,unemployed,0,1,0
50,law,contractual,health,90501,0,0
51,business,contractual,it,85894,1,0
59,law,contractual,accounting,92240,1,0
46,business,salaried,engineering,131040,0,0
64,stem,self business,engineering,52530,0,0
44,stem,contractual,health,129723,0,0
74,stem,salaried,it,0,1,1
45,stem,unemployed,unemployed,65788,0,0
64,law,contractual,transportation,121124,1,0
40,law,unemployed,unemployed,0,0,0
62,arts,salaried,it,87458,1,0
62,stem,self business,transportation,58853,0,0
55,stem,self business,engineering,99969,1,0
72,stem,unemployed,unemployed,0,0,0
50,arts,self business,arts,56985,0,0
65,arts,contractual,law,53339,1,0
58,stem,contractual,accounting,79796,1,0
53,arts,contractual,transportation,99224,0,0
40,stem,unemployed,unemployed,107466,1,0
87,arts,contractual,it,82585,1,1
49,stem,self business,accounting,135033,1,0
69,arts,contractual,transportation,100681,0,0
41,stem,unemployed,unemployed,0,0,0
75,stem,self business,health,51451,0,0
64,law,contractual,it,130658,0,0
64,business,contractual,health,133232,0,0
75,business,unemployed,unemployed,0,1,0
58,business,salaried,it,132525,1,0
43,business,unemployed,unemployed,0,0,0
86,arts,salaried,engineering,0,1,1
56,arts,unemployed,unemployed,0,1,0
82,arts,self business,engineering,81470,1,1
88,law,salaried,arts,96064,1,1
53,stem,salaried,it,85587,1,0
48,arts,contractual,health,105536,1,0
50,law,self business,law,97971,1,0
47,arts,unemployed,unemployed,0,1,0
55,arts,unemployed,unemployed,0,0,0
61,arts,self business,health,60377,1,0
89,arts,salaried,health,123679,1,1
53,law,self business,engineering,142908,0,0
57,arts,self business,arts,52395,1,0
73,arts,contractual,transportation,63377,1,1
77,stem,self business,arts,112242,1,0
59,business,contractual,it,100593,0,0
68,arts,self business,law,72058,1,0
58,law,unemployed,unemployed,0,0,0
78,arts,contractual,transportation,110903,0,0
88,law,contractual,accounting,0,1,1
51,law,self business,arts,64191,1,0
43,law,unemployed,unemployed,0,1,0
85,stem,self business,it,120784,1,1
62,business,contractual,engineering,132778,1,0
62,business,unemployed,unemployed,0,0,0
65,stem,contractual,engineering,47436,0,0
46,stem,unemployed,unemployed,56900,1,0
58,business,self business,health,69588,0,0
65,law,unemployed,unemployed,0,1,0
67,stem,unemployed,unemployed,0,0,0
50,business,salaried,law,128073,1,0
77,arts,salaried,transportation,120252,0,0
70,stem,contractual,law,75517,1,0
69,business,unemployed,unemployed,0,0,0
41,business,unemployed,unemployed,0,0,0
55,law,unemployed,unemployed,0,1,0
46,business,unemployed,unemployed,117488,1,0
41,stem,self business,law,78207,1,0
69,stem,unemployed,unemployed,0,1,0
46,law,contractual,engineering,85872,1,0
69,stem,salaried,arts,119433,1,0
42,law,self business,engineering,72752,1,0
72,law,contractual,engineering,78779,1,1
66,stem,unemployed,unemployed,0,0,0
47,law,self business,accounting,62642,1,0
44,business,unemployed,unemployed,67248,1,0
42,law,contractual,it,143436,0,0
77,law,self business,arts,108127,1,1
57,law,self business,health,149294,1,0
70,arts,self business,arts,126954,1,0
65,stem,contractual,accounting,138338,0,0
55,business,unemployed,unemployed,0,0,0
51,stem,salaried,it,78455,0,0
84,arts,salaried,arts,116022,1,1
79,stem,salaried,engineering,48314,1,1
51,law,unemployed,unemployed,0,0,0
85,arts,salaried,it,148045,1,1
79,law,salaried,arts,142762,1,0
42,stem,unemployed,unemployed,0,0,0
50,law,unemployed,unemployed,104823,0,0
68,stem,unemployed,unemployed,0,1,0
82,business,contractual,engineering,120791,1,1
53,law,self business,arts,90541,0,0
89,stem,self business,accounting,104758,1,1
42,business,salaried,health,64837,0,0
86,stem,self business,arts,144004,1,1
89,arts,salaried,arts,124470,1,1
56,law,salaried,accounting,54281,1,0
80,law,self business,engineering,138404,1,0
66,law,self business,engineering,140285,0,0
44,business,self business,it,105988,1,0
44,law,unemployed,unemployed,0,1,0
88,arts,salaried,accounting,0,1,1
60,stem,unemployed,unemployed,0,1,0
58,arts,contractual,arts,48129,1,0
74,law,self business,accounting,115507,1,0
87,arts,self business,accounting,120841,1,1
80,stem,unemployed,unemployed,0,0,0
78,business,salaried,it,87751,1,1
56,stem,unemployed,unemployed,0,1,0
53,business,self business,health,89223,1,0
59,arts,salaried,accounting,97678,1,0
74,arts,contractual,transportation,63639,0,0
43,arts,self business,it,143258,1,0
60,business,self business,engineering,132018,1,0
50,business,self business,it,111837,0,0
48,law,unemployed,unemployed,0,0,0
82,law,contractual,health,0,1,1
83,law,contractual,transportation,112758,1,1
85,stem,salaried,engineering,94283,1,1
79,business,salaried,engineering,104006,1,1
79,business,self business,arts,44169,0,0
58,arts,contractual,it,47168,1,0
73,business,self business,transportation,114391,1,1
59,stem,salaried,law,82657,1,0
55,arts,contractual,accounting,142374,1,0
57,arts,contractual,arts,141738,1,0
51,law,unemployed,unemployed,0,1,0
50,business,unemployed,unemployed,0,1,0
85,stem,contractual,accounting,127689,1,1
81,business,contractual,health,0,1,1
89,stem,self business,it,76372,1,1
61,law,salaried,engineering,128655,1,0
75,law,self business,it,97647,1,0
52,arts,salaried,it,81203,0,0
50,arts,self business,arts,82463,0,0
45,law,self business,transportation,144852,0,0
51,stem,unemployed,unemployed,141277,0,0
59,arts,unemployed,unemployed,0,1,0
55,law,self business,health,110610,1,0
58,arts,self business,it,147961,1,0
63,arts,self business,it,105339,0,0
41,law,salaried,health,59154,0,0
72,business,contractual,law,59532,0,0
70,stem,salaried,law,42554,0,0
77,business,self business,arts,57399,0,0
66,arts,unemployed,unemployed,0,0,0
65,law,contractual,law,111089,0,0
54,arts,salaried,law,146454,1,0
76,stem,salaried,it,92130,1,0
72,arts,unemployed,unemployed,0,1,0
51,law,contractual,arts,99093,1,0
40,arts,unemployed,unemployed,0,0,0
47,arts,unemployed,unemployed,122725,0,0
50,stem,unemployed,unemployed,0,0,0
53,law,unemployed,unemployed,0,0,0
58,arts,salaried,it,113579,0,0
55,law,contractual,transportation,95877,1,0
57,business,salaried,it,81135,0,0
43,business,self business,accounting,82743,0,0
69,law,salaried,law,47810,1,0
51,business,unemployed,unemployed,0,0,0
75,stem,unemployed,unemployed,104300,1,0
63,arts,contractual,arts,97935,1,0
51,stem,unemployed,unemployed,0,0,0
49,stem,unemployed,unemployed,0,1,0
84,stem,salaried,arts,91300,1,1
64,law,self business,it,84476,0,0
51,business,contractual,engineering,49834,1,0
86,stem,self business,transportation,88015,1,1
53,arts,salaried,transportation,67571,1,0
52,business,contractual,health,119959,0,0
64,arts,self business,health,112257,1,0
50,business,unemployed,unemployed,0,1,0
79,stem,contractual,it,51687,1,1
69,stem,contractual,transportation,84123,0,0
45,business,salaried,law,116574,1,0
42,business,contractual,engineering,94966,0,0
55,arts,salaried,arts,138978,0,0
53,business,contractual,arts,126030,0,0
89,business,self business,it,124707,1,1
44,business,unemployed,unemployed,0,0,0
46,stem,self business,accounting,40653,1,0
45,arts,unemployed,unemployed,0,0,0
48,arts,contractual,accounting,80306,1,0
87,business,salaried,law,116704,1,1
73,law,contractual,arts,138810,0,0
64,arts,unemployed,unemployed,0,1,0
82,law,salaried,transportation,119803,1,1
84,law,contractual,accounting,127457,1,1
78,business,self business,it,95469,1,0
70,business,salaried,it,57461,0,0
50,stem,unemployed,unemployed,0,1,0
75,stem,salaried,health,131187,1,0
72,stem,contractual,arts,119973,1,0
49,business,unemployed,unemployed,141879,0,0
54,stem,unemployed,unemployed,52379,1,0
66,stem,contractual,law,97886,0,0
52,business,contractual,accounting,64836,1,0
54,business,self business,it,116888,1,0
57,arts,self business,engineering,85834,0,0
85,law,contractual,arts,48981,1,1
60,arts,contractual,it,148516,1,0
57,business,self business,engineering,134050,0,0
54,arts,contractual,accounting,140530,0,0
53,arts,self business,health,99787,1,0
48,arts,self business,it,93481,0,0
75,stem,unemployed,unemployed,0,0,0
56,arts,unemployed,unemployed,0,0,0
70,stem,self business,arts,131321,1,0
74,law,salaried,health,126156,1,0
44,law,self business,accounting,107340,1,0
89,stem,self business,health,111582,1,1
76,business,self business,accounting,111113,1,0
57,stem,self business,health,117461,0,0
44,stem,unemployed,unemployed,127535,0,0
42,arts,unemployed,unemployed,0,0,0
77,stem,unemployed,unemployed,0,1,0
65,arts,self business,it,109328,0,0
43,law,contractual,health,110076,1,0
69,arts,unemployed,unemployed,0,0,0
80,stem,contractual,it,52005,0,0
53,law,unemployed,unemployed,0,1,0
78,law,self business,engineering,80971,0,0
55,law,self business,it,125840,0,0
44,arts,contractual,health,148268,1,0
79,business,self business,engineering,111434,1,0
86,stem,self business,health,0,1,1
66,arts,unemployed,unemployed,137706,0,0
84,stem,salaried,it,66279,1,1
84,business,salaried,health,101479,1,1
41,business,self business,engineering,128802,1,0
67,stem,self business,accounting,100662,0,0
77,arts,salaried,transportation,129948,0,0
74,arts,unemployed,unemployed,0,1,0
75,law,salaried,it,92346,1,0
55,law,unemployed,unemployed,69154,1,0
82,arts,contractual,it,73575,1,1
79,arts,salaried,accounting,147858,0,0
72,law,unemployed,unemployed,0,0,0
41,business,self business,law,55430,0,0
40,arts,self business,transportation,95116,0,0
41,arts,self business,law,58405,1,0
56,law,salaried,accounting,105578,1,0
46,arts,unemployed,unemployed,0,1,0
75,law,contractual,arts,89179,1,0
65,stem,contractual,health,78640,1,0
46,law,salaried,transportation,105084,0,0
52,arts,salaried,arts,54996,0,0
46,business,contractual,arts,76338,0,0
50,arts,salaried,engineering,124270,1,0
84,business,contractual,arts,0,1,1
73,law,unemployed,unemployed,0,0,0
88,arts,salaried,law,63205,1,1
84,law,self business,transportation,0,1,1
89,law,salaried,arts,135000,1,1
62,stem,salaried,accounting,70186,1,0
53,law,contractual,accounting,112777,0,0
53,law,salaried,it,53263,1,0
46,stem,unemployed,unemployed,0,1,0
47,arts,salaried,law,119755,1,0
70,law,salaried,health,101500,0,0
56,law,contractual,arts,76376,0,0
71,law,contractual,engineering,94535,1,0
76,stem,contractual,arts,142578,0,0
66,stem,salaried,law,54367,0,0
73,business,unemployed,unemployed,0,1,0
53,arts,salaried,engineering,67984,0,0
70,arts,unemployed,unemployed,0,1,0
78,law,self business,accounting,52593,1,1
52,business,salaried,arts,54398,1,0
42,law,self business,law,68779,1,0
67,law,unemployed,unemployed,0,0,0
71,arts,unemployed,unemployed,143978,0,0
44,stem,unemployed,unemployed,79392,0,0
79,law,unemployed,unemployed,0,0,0
60,law,salaried,transportation,148188,1,0
87,arts,self business,transportation,103584,1,1
47,arts,unemployed,unemployed,0,0,0
72,business,unemployed,unemployed,0,0,0
75,arts,unemployed,unemployed,0,1,0
85,stem,contractual,health,118870,1,1
80,law,contractual,accounting,82827,1,1
80,stem,contractual,it,55195,1,0
61,law,contractual,arts,138465,0,0
75,business,salaried,accounting,116426,0,0
89,arts,self business,it,52904,1,1
56,arts,self business,transportation,64316,1,0
73,stem,salaried,law,125341,0,0
41,stem,self business,engineering,86815,0,0
60,arts,contractual,it,69419,1,0
44,arts,unemployed,unemployed,96747,0,0
54,law,salaried,accounting,61050,0,0
67,business,self business,health,147430,0,0
72,stem,self business,health,105103,1,0
46,stem,contractual,accounting,69729,1,0
74,law,unemployed,unemployed,0,1,0
86,law,self business,health,61496,1,1
89,business,salaried,health,119709,1,1
76,law,self business,accounting,89113,1,1
87,business,contractual,it,133777,1,1
60,business,self business,accounting,113065,0,0
49,stem,contractual,law,58999,0,0
58,law,self business,law,128013,0,0
55,law,self business,it,100010,1,0
45,arts,unemployed,unemployed,0,0,0
59,stem,self business,it,97250,0,0
83,law,self business,engineering,105946,1,1
71,arts,self business,arts,108104,1,1
46,stem,unemployed,unemployed,0,1,0
87,business,self business,transportation,94999,1,1
49,stem,contractual,engineering,78809,1,0
88,arts,salaried,accounting,67638,1,1
49,arts,unemployed,unemployed,0,0,0
61,business,unemployed,unemployed,0,0,0
49,law,unemployed,unemployed,0,1,0
61,law,unemployed,unemployed,71472,1,0
62,law,unemployed,unemployed,0,1,0
60,business,contractual,law,65092,0,0
42,business,contractual,law,149383,0,0
52,business,unemployed,unemployed,0,1,0
68,business,contractual,arts,121976,1,0
86,law,salaried,engineering,63585,1,1
74,arts,unemployed,unemployed,0,1,0
61,arts,salaried,accounting,101797,1,0
53,stem,contractual,health,134751,1,0
86,arts,salaried,accounting,117528,1,1
82,law,salaried,it,69218,1,1
45,business,unemployed,unemployed,0,0,0
57,law,self business,transportation,147815,0,0
62,business,contractual,law,124276,0,0
73,business,contractual,accounting,53532,1,1
56,stem,salaried,arts,135738,0,0
40,arts,contractual,law,91721,1,0
74,business,unemployed,unemployed,66492,0,0
88,arts,salaried,engineering,0,1,1
78,arts,self business,arts,84983,1,1
52,business,self business,transportation,71509,0,0
44,law,contractual,health,97567,1,0
80,stem,self business,accounting,119737,0,0
62,arts,contractual,health,50995,1,0
43,arts,salaried,engineering,94662,0,0
43,arts,unemployed,unemployed,0,1,0
76,stem,unemployed,unemployed,0,0,0
49,business,unemployed,unemployed,0,0,0
67,law,salaried,it,105866,1,0
89,business,salaried,arts,60468,1,1
83,business,self business,law,112199,1,1
86,law,self business,law,105599,1,1
79,law,unemployed,unemployed,0,1,0
58,arts,unemployed,unemployed,0,1,0
75,arts,salaried,health,75189,0,0
63,law,salaried,health,41432,1,0
67,arts,contractual,engineering,125814,1,0
86,stem,contractual,law,98931,1,1
82,business,contractual,engineering,65525,1,1
82,arts,self business,accounting,110325,1,1
76,arts,self business,health,124350,1,1
44,arts,contractual,law,87360,1,0
42,stem,salaried,health,131332,0,0
66,business,unemployed,unemployed,0,1,0
76,law,contractual,arts,0,1,1
59,stem,salaried,engineering,63022,1,0
87,arts,self business,health,40458,1,1
75,business,unemployed,unemployed,0,0,0
62,business,self business,arts,141748,0,0
80,stem,contractual,accounting,0,1,1
73,stem,salaried,health,50645,1,1
57,business,unemployed,unemployed,0,1,0
88,arts,contractual,arts,71103,1,1
54,law,contractual,accounting,100889,1,0
78,stem,self business,it,85623,1,1
80,business,unemployed,unemployed,0,0,0
73,stem,contractual,law,74814,1,0
62,arts,salaried,arts,69005,1,0
52,arts,unemployed,unemployed,0,1,0
67,stem,contractual,transportation,123747,0,0
88,stem,self business,transportation,0,1,1
67,arts,self business,engineering,44515,0,0
89,business,salaried,health,96114,1,1
54,business,unemployed,unemployed,0,0,0
52,business,salaried,health,91100,0,0
88,arts,salaried,accounting,93895,1,1
40,business,contractual,it,110407,0,0
69,arts,salaried,accounting,87557,0,0
73,stem,self business,engineering,145513,1,0
54,stem,self business,transportation,125697,0,0
61,arts,contractual,transportation,56113,1,0
44,stem,unemployed,unemployed,0,0,0
53,arts,salaried,law,120031,1,0
87,business,self business,arts,0,1,1
83,business,contractual,transportation,101057,1,1
59,arts,unemployed,unemployed,46276,0,0
86,arts,salaried,it,0,1,1
62,arts,salaried,arts,127464,0,0
87,stem,contractual,it,0,1,1
58,stem,contractual,health,103650,1,0
76,law,contractual,accounting,111927,0,0
61,business,self business,engineering,57484,0,0
57,business,unemployed,unemployed,0,1,0
42,arts,unemployed,unemployed,0,1,0
41,stem,unemployed,unemployed,0,1,0
71,business,unemployed,unemployed,0,1,0
41,business,unemployed,unemployed,0,0,0
71,business,unemployed,unemployed,0,0,0
58,law,salaried,engineering,122717,0,0
83,law,contractual,engineering,107680,1,1
81,stem,self business,law,45021,1,1
68,arts,salaried,health,119616,0,0
56,law,salaried,law,43847,1,0
54,law,salaried,health,58569,0,0
47,arts,self business,it,87250,0,0
77,business,self business,engineering,0,1,1
55,stem,salaried,it,126356,0,0
83,arts,contractual,engineering,129759,1,1
71,arts,self business,health,146276,0,0
67,business,unemployed,unemployed,0,0,0
59,stem,self business,health,88096,0,0
68,business,salaried,arts,122689,0,0
80,law,self business,health,83358,0,0
75,business,contractual,transportation,103972,1,1
43,stem,salaried,it,43768,1,0
80,law,self business,engineering,100530,0,0
62,law,self business,accounting,108213,1,0
46,law,contractual,arts,80867,1,0
52,business,contractual,engineering,143504,0,0
80,business,contractual,transportation,61900,0,0
44,arts,unemployed,unemployed,0,0,0
49,stem,contractual,arts,102984,1,0
55,arts,contractual,engineering,56670,0,0
51,law,contractual,transportation,118441,1,0
60,business,salaried,it,114428,0,0
77,law,salaried,arts,113128,0,0
60,business,salaried,law,67259,0,0
64,arts,self business,accounting,46000,0,0
51,arts,self business,health,80705,0,0
41,law,unemployed,unemployed,0,0,0
60,stem,unemployed,unemployed,121517,1,0
72,arts,self business,law,140075,1,0
74,stem,contractual,engineering,83284,1,1
65,law,self business,law,43474,0,0
87,business,salaried,transportation,62024,1,1
66,stem,self business,it,136284,1,0
46,business,contractual,law,65680,1,0
50,stem,salaried,accounting,103557,1,0
79,stem,contractual,transportation,44859,1,0
58,business,salaried,arts,114639,0,0
59,law,unemployed,unemployed,69457,0,0
67,stem,self business,transportation,67736,0,0
84,arts,self business,transportation,76925,1,1
44,law,unemployed,unemployed,70176,1,0
42,stem,salaried,it,55095,0,0
54,business,salaried,transportation,107232,1,0
84,law,self business,transportation,114350,1,1
41,stem,salaried,transportation,72037,0,0
70,stem,unemployed,unemployed,0,0,0
70,stem,self business,health,95776,1,0
63,law,salaried,it,114166,0,0
86,arts,salaried,transportation,94484,1,1
49,law,contractual,law,140243,0,0
72,stem,unemployed,unemployed,0,1,0
83,stem,self business,law,135480,1,1
54,business,unemployed,unemployed,0,0,0
82,law,salaried,arts,0,1,1
84,stem,self business,it,0,1,1
78,law,unemployed,unemployed,0,1,0
81,business,contractual,accounting,0,1,1
52,arts,unemployed,unemployed,0,0,0
53,business,unemployed,unemployed,0,0,0
64,business,unemployed,unemployed,0,0,0
45,law,salaried,it,45399,1,0
47,arts,unemployed,unemployed,0,0,0
68,law,unemployed,unemployed,77983,1,0
65,law,salaried,it,116500,0,0
40,arts,self business,it,48704,0,0
42,stem,contractual,it,115839,0,0
68,law,unemployed,unemployed,0,1,0
56,business,unemployed,unemployed,0,0,0
49,arts,self business,health,54802,0,0
53,arts,unemployed,unemployed,0,1,0
78,law,self business,engineering,49869,0,0
82,stem,salaried,health,0,1,1
64,business,unemployed,unemployed,0,0,0
67,arts,salaried,health,91696,0,0
69,law,contractual,transportation,66981,0,0
48,stem,self business,accounting,149756,1,0
56,business,unemployed,unemployed,0,1,0
81,arts,self business,arts,64595,1,1
75,business,unemployed,unemployed,0,1,0
64,law,unemployed,unemployed,0,0,0
55,law,unemployed,unemployed,0,1,0
78,business,contractual,arts,78286,1,0
83,arts,self business,it,0,1,1
59,business,contractual,transportation,43038,0,0
72,business,contractual,it,57237,1,1
63,stem,self business,law,132092,1,0
70,business,self business,arts,73226,1,0
41,stem,self business,engineering,121328,0,0
78,arts,self business,transportation,43877,0,0
42,law,salaried,it,54345,0,0
68,arts,contractual,accounting,107812,1,0
85,business,contractual,accounting,93379,1,1
49,law,contractual,it,57369,1,0
63,law,salaried,accounting,84284,1,0
70,business,salaried,engineering,52221,0,0
42,business,unemployed,unemployed,0,1,0
46,business,contractual,accounting,57382,0,0
70,arts,contractual,arts,134530,1,0
62,business,unemployed,unemployed,136056,0,0
67,law,unemployed,unemployed,0,0,0
72,arts,unemployed,unemployed,79046,0,0
44,arts,salaried,arts,61757,0,0
48,arts,self business,it,116943,0,0
54,business,salaried,law,103215,0,0
83,business,salaried,health,118839,1,1
51,law,salaried,engineering,114230,1,0
81,arts,self business,transportation,63449,1,1
76,law,salaried,arts,113854,0,0
79,business,salaried,health,43679,1,1
40,arts,unemployed,unemployed,0,0,0
73,arts,contractual,engineering,77965,0,0
71,law,contractual,health,58251,1,0
88,stem,self business,engineering,100535,1,1
41,law,unemployed,unemployed,0,1,0
45,law,salaried,engineering,120199,1,0
49,arts,self business,engineering,71184,1,0
59,arts,salaried,it,92087,0,0
42,law,unemployed,unemployed,0,0,0
87,stem,salaried,engineering,0,1,1
64,stem,self business,arts,78991,0,0
46,law,unemployed,unemployed,0,0,0
54,law,contractual,it,83932,1,0
71,business,contractual,it,84620,1,1
73,stem,contractual,arts,106463,0,0
83,law,salaried,accounting,0,1,1
79,stem,unemployed,unemployed,93142,1,0
81,law,salaried,arts,79430,1,1
63,law,contractual,accounting,45460,1,0
87,stem,self business,accounting,148484,1,1
67,business,salaried,arts,148747,1,0
78,arts,salaried,arts,126417,1,1
47,stem,contractual,health,113062,0,0
60,stem,unemployed,unemployed,47745,0,0
61,arts,unemployed,unemployed,0,0,0
79,arts,unemployed,unemployed,133415,0,0
60,stem,self business,law,113055,0,0
67,arts,self business,it,118564,1,0
62,arts,salaried,transportation,72480,1,0
50,arts,contractual,arts,90714,0,0
46,business,self business,law,122786,0,0
55,stem,salaried,arts,100142,0,0
45,business,self business,law,54930,1,0
41,business,self business,accounting,123426,0,0
46,stem,salaried,accounting,105407,0,0
40,law,unemployed,unemployed,0,1,0
57,business,self business,engineering,89197,0,0
46,stem,salaried,transportation,49898,1,0
60,business,contractual,health,99573,0,0
72,arts,unemployed,unemployed,0,0,0
89,arts,salaried,engineering,131733,1,1
67,business,unemployed,unemployed,0,0,0
76,stem,self business,accounting,95570,1,0
62,business,salaried,transportation,112634,0,0
58,stem,self business,accounting,126037,0,0
87,stem,self business,engineering,0,1,1
88,business,contractual,it,74919,1,1
82,law,contractual,it,70486,1,1
43,law,salaried,transportation,74908,1,0
70,business,self business,it,105447,1,0
70,law,salaried,accounting,91779,1,0
40,law,self business,transportation,131934,0,0
60,stem,unemployed,unemployed,0,0,0
58,law,unemployed,unemployed,101011,0,0
70,law,self business,arts,76377,1,0
67,business,unemployed,unemployed,0,0,0
77,arts,salaried,health,121608,1,1
48,business,unemployed,unemployed,0,0,0
52,law,unemployed,unemployed,0,0,0
81,business,contractual,accounting,111007,1,1
82,arts,salaried,accounting,149905,1,1
51,stem,unemployed,unemployed,0,0,0
88,law,salaried,it,85868,1,1
88,stem,self business,health,119836,1,1
85,stem,salaried,engineering,91634,1,1
56,arts,salaried,arts,104452,1,0
87,business,self business,health,0,1,1
84,stem,contractual,health,100209,1,1
85,law,contractual,arts,108028,1,1
77,business,salaried,law,131519,1,0
40,stem,salaried,arts,135281,1,0
51,arts,unemployed,unemployed,50026,1,0
46,stem,contractual,accounting,105409,0,0
66,arts,contractual,engineering,120316,0,0
77,law,contractual,law,79251,1,1
61,stem,salaried,health,74948,1,0
58,arts,contractual,law,48635,0,0
77,law,contractual,it,82654,1,1
68,arts,unemployed,unemployed,0,0,0
47,stem,unemployed,unemployed,0,1,0
59,stem,self business,arts,45713,0,0
70,business,unemployed,unemployed,0,1,0
80,business,unemployed,unemployed,118280,0,0
75,law,salaried,engineering,145178,0,0
40,law,self business,health,89657,1,0
74,stem,unemployed,unemployed,0,1,0
61,arts,contractual,it,101364,1,0
89,arts,salaried,transportation,0,1,1
76,law,contractual,engineering,144151,0,0
62,business,salaried,engineering,97971,1,0
69,business,contractual,arts,61526,1,0
67,business,unemployed,unemployed,0,1,0
69,arts,unemployed,unemployed,0,1,0
45,stem,contractual,transportation,43430,0,0
47,arts,unemployed,unemployed,0,0,0
41,law,self business,health,93225,1,0
58,stem,unemployed,unemployed,66480,1,0
64,business,salaried,law,73358,0,0
49,stem,unemployed,unemployed,0,1,0
48,law,unemployed,unemployed,0,1,0
58,business,contractual,transportation,108644,1,0
86,law,contractual,law,104792,1,1
72,stem,contractual,engineering,107551,1,0
52,law,salaried,it,59242,1,0
63,stem,salaried,arts,138585,0,0
77,business,unemployed,unemployed,54834,1,0
49,stem,contractual,accounting,88851,0,0
63,law,self business,health,83536,1,0
42,law,salaried,engineering,144175,1,0
41,arts,contractual,it,50077,0,0
74,stem,salaried,accounting,74889,0,0
53,arts,contractual,arts,119745,0,0
84,law,self business,it,0,1,1
50,stem,unemployed,unemployed,0,1,0
41,arts,self business,law,130816,0,0
44,law,self business,it,46884,1,0
40,arts,unemployed,unemployed,0,1,0
75,law,salaried,law,56616,1,1
55,business,self business,law,103844,0,0
88,law,salaried,health,0,1,1
85,law,self business,law,0,1,1
53,stem,self business,it,43852,1,0
58,arts,salaried,law,124887,0,0
87,arts,salaried,health,52871,1,1
55,law,unemployed,unemployed,0,0,0
89,business,self business,law,0,1,1
77,business,unemployed,unemployed,0,0,0
74,law,salaried,transportation,85851,1,0
56,business,salaried,accounting,55337,1,0
87,business,salaried,law,0,1,1
44,stem,salaried,arts,57691,1,0
84,arts,contractual,transportation,61147,1,1
49,law,self business,health,135852,0,0
56,law,salaried,engineering,92966,1,0
87,arts,salaried,it,122147,1,1
55,arts,unemployed,unemployed,0,0,0
65,arts,self business,transportation,49286,0,0
43,law,unemployed,unemployed,0,0,0
67,business,unemployed,unemployed,0,1,0
66,business,unemployed,unemployed,0,1,0
66,business,self business,arts,113443,1,0
45,business,unemployed,unemployed,0,1,0
49,arts,salaried,transportation,86950,1,0
83,law,salaried,accounting,130057,1,1
48,law,contractual,health,144982,1,0
84,business,contractual,engineering,46587,1,1
79,stem,contractual,engineering,49679,0,0
77,law,contractual,accounting,148196,1,1
57,business,salaried,it,73254,0,0
42,stem,self business,law,119892,0,0
47,stem,unemployed,unemployed,0,1,0
78,law,unemployed,unemployed,63860,1,0
47,arts,contractual,engineering,62513,1,0
68,business,contractual,transportation,84541,0,0
40,arts,salaried,engineering,54160,1,0
55,stem,self business,accounting,68655,1,0
73,arts,salaried,it,94439,0,0
43,arts,unemployed,unemployed,0,1,0
74,law,contractual,law,58028,1,0
65,stem,unemployed,unemployed,0,1,0
42,arts,contractual,law,104690,0,0
59,stem,self business,accounting,119816,0,0
76,law,self business,health,114882,1,0
71,business,self business,it,0,1,1
85,arts,self business,law,73274,1,1
42,law,contractual,transportation,139551,1,0
54,arts,unemployed,unemployed,0,0,0
59,arts,contractual,health,124247,0,0
77,business,unemployed,unemployed,0,0,0
41,law,contractual,it,75806,0,0
55,stem,salaried,health,51404,0,0
58,arts,unemployed,unemployed,0,1,0
86,law,self business,law,92851,1,1
75,arts,self business,accounting,41610,0,0
69,law,unemployed,unemployed,0,0,0
46,business,contractual,arts,100176,1,0
68,business,contractual,transportation,78150,0,0
54,stem,unemployed,unemployed,0,1,0
52,arts,unemployed,unemployed,0,1,0
70,arts,contractual,law,105060,0,0
42,stem,unemployed,unemployed,0,1,0
51,stem,self business,health,98750,0,0
50,business,salaried,law,133948,1,0
73,arts,contractual,engineering,133953,1,0
83,business,contractual,accounting,40349,1,1
53,business,salaried,arts,94277,1,0
83,business,contractual,accounting,0,1,1
72,law,contractual,engineering,98700,0,0
87,business,self business,transportation,83606,1,1
50,stem,unemployed,unemployed,0,1,0
82,law,self business,arts,0,1,1
71,arts,contractual,law,0,1,1
74,stem,contractual,engineering,120505,1,1
45,arts,unemployed,unemployed,0,0,0
79,stem,self business,law,115231,1,0
86,arts,contractual,transportation,92186,1,1
77,business,unemployed,unemployed,0,1,0
66,business,unemployed,unemployed,0,0,0
62,business,salaried,arts,86161,1,0
78,stem,salaried,health,147735,0,0
48,arts,contractual,arts,106573,1,0
52,stem,contractual,health,76649,0,0
58,business,salaried,transportation,136460,0,0
86,business,contractual,law,125761,1,1
85,stem,contractual,law,85434,1,1
55,business,unemployed,unemployed,0,0,0
88,stem,contractual,law,92176,1,1
44,stem,contractual,law,69443,1,0
46,business,self business,law,123057,1,0
70,arts,unemployed,unemployed,0,1,0
62,business,salaried,engineering,61800,1,0
77,stem,contractual,transportation,49720,0,0
86,business,self business,law,0,1,1
41,law,salaried,it,103733,0,0
47,law,salaried,transportation,128406,0,0
58,arts,salaried,it,102830,0,0
75,stem,self business,it,0,1,1
45,stem,salaried,health,143902,0,0
52,stem,unemployed,unemployed,0,0,0
87,business,contractual,accounting,56851,1,1
73,stem,unemployed,unemployed,0,0,0
71,business,unemployed,unemployed,0,1,0
74,law,contractual,arts,110936,0,0
59,business,salaried,engineering,109283,1,0
70,arts,unemployed,unemployed,0,1,0
56,stem,unemployed,unemployed,0,0,0
87,law,salaried,law,133206,1,1
84,stem,contractual,health,110090,1,1
87,business,salaried,transportation,139562,1,1
40,stem,salaried,law,109385,1,0
40,law,salaried,transportation,105031,1,0
70,stem,contractual,engineering,64861,0,0
42,arts,contractual,transportation,85181,0,0
58,arts,salaried,arts,147623,0,0
74,stem,salaried,it,88044,0,0
77,law,salaried,arts,124239,1,0
52,stem,self business,arts,61131,1,0
46,stem,salaried,arts,48845,0,0
57,arts,unemployed,unemployed,0,0,0
84,arts,salaried,law,48195,1,1
50,business,unemployed,unemployed,89841,0,0
57,stem,salaried,accounting,72438,0,0
83,business,contractual,engineering,132878,1,1
66,arts,unemployed,unemployed,0,0,0
86,arts,salaried,accounting,89370,1,1
44,business,contractual,engineering,127569,1,0
42,arts,unemployed,unemployed,0,0,0
70,business,self business,law,44049,1,1
66,arts,unemployed,unemployed,0,0,0
73,stem,unemployed,unemployed,130189,1,0
77,law,self business,health,130212,0,0
72,law,self business,law,109890,1,1
52,stem,contractual,it,85463,0,0
46,arts,self business,transportation,61480,1,0
40,business,contractual,accounting,87532,0,0
78,law,salaried,arts,84843,1,1
87,arts,self business,transportation,130781,1,1
42,stem,unemployed,unemployed,0,0,0
52,stem,contractual,health,79122,0,0
50,business,self business,it,75839,0,0
77,business,unemployed,unemployed,0,1,0
80,business,self business,health,98678,0,0
46,business,salaried,law,89595,1,0
73,business,unemployed,unemployed,88994,1,0
58,stem,unemployed,unemployed,0,0,0
75,stem,salaried,law,80695,0,0
82,business,self business,arts,0,1,1
66,business,salaried,it,121226,0,0
65,stem,salaried,accounting,76510,0,0
50,business,unemployed,unemployed,0,0,0
74,stem,unemployed,unemployed,0,1,0
47,business,contractual,health,130706,0,0
72,business,self business,it,143444,0,0
79,stem,self business,transportation,148411,0,0
50,business,self business,transportation,73262,0,0
83,arts,salaried,engineering,103265,1,1
57,arts,unemployed,unemployed,86258,0,0
87,arts,self business,engineering,137008,1,1
62,stem,unemployed,unemployed,0,0,0
46,arts,unemployed,unemployed,0,0,0
65,arts,unemployed,unemployed,0,1,0
42,stem,self business,health,110259,1,0
55,law,unemployed,unemployed,0,0,0
77,law,unemployed,unemployed,0,1,0
51,stem,self business,arts,83630,0,0
65,law,contractual,accounting,48180,1,0
74,stem,salaried,arts,128297,0,0
78,law,salaried,it,126587,0,0
62,arts,salaried,it,129090,0,0
86,business,contractual,accounting,0,1,1
71,law,salaried,engineering,60952,0,0
75,business,unemployed,unemployed,0,0,0
78,stem,salaried,arts,112685,0,0
44,law,unemployed,unemployed,0,0,0
49,business,unemployed,unemployed,0,1,0
79,stem,self business,law,67617,1,1
53,stem,salaried,transportation,107757,1,0
53,law,unemployed,unemployed,0,0,0
49,arts,contractual,arts,107612,0,0
65,stem,self business,health,149459,1,0
70,law,unemployed,unemployed,0,0,0
53,arts,unemployed,unemployed,0,1,0
62,business,unemployed,unemployed,0,0,0
52,law,contractual,transportation,43741,1,0
50,law,salaried,accounting,79301,1,0
45,arts,unemployed,unemployed,0,0,0
85,law,self business,law,65208,1,1
57,law,contractual,arts,60465,1,0
67,law,contractual,engineering,54540,0,0
51,arts,unemployed,unemployed,0,1,0
74,law,salaried,accounting,111282,1,0
67,stem,salaried,it,131133,0,0
81,arts,salaried,engineering,109718,1,1
62,stem,salaried,accounting,48963,0,0
86,business,contractual,arts,145947,1,1
49,law,unemployed,unemployed,137778,0,0
78,law,unemployed,unemployed,0,1,0
67,business,contractual,transportation,97051,0,0
84,arts,contractual,law,0,1,1
84,arts,salaried,accounting,0,1,1
89,business,salaried,it,132159,1,1
70,law,salaried,arts,52162,1,0
83,arts,salaried,engineering,0,1,1
45,stem,salaried,transportation,88185,0,0
76,business,contractual,law,0,1,1
88,law,salaried,arts,41168,1,1
48,law,unemployed,unemployed,0,0,0
61,stem,contractual,health,67975,0,0
51,arts,contractual,health,122305,0,0
58,stem,self business,arts,74670,1,0
62,arts,self business,it,135161,1,0
63,arts,self business,law,129919,1,0
62,business,self business,law,119228,0,0
81,arts,self business,engineering,57458,1,1
41,stem,salaried,law,75168,1,0
46,stem,self business,arts,54903,0,0
64,business,salaried,law,63843,1,0
63,stem,unemployed,unemployed,101718,0,0
42,business,self business,accounting,42661,1,0
89,law,contractual,health,81478,1,1
60,business,self business,engineering,60736,0,0
67,arts,contractual,health,73595,0,0
66,business,self business,accounting,95322,1,0
46,business,unemployed,unemployed,0,0,0
54,arts,unemployed,unemployed,0,1,0
69,business,contractual,law,122515,1,0
86,stem,salaried,accounting,112188,1,1
49,arts,salaried,it,129801,0,0
81,business,self business,engineering,0,1,1
61,arts,self business,health,44469,1,0
76,arts,salaried,law,129781,0,0
77,stem,self business,transportation,0,1,1
54,arts,unemployed,unemployed,60536,0,0
89,law,self business,engineering,136417,1,1
68,stem,unemployed,unemployed,0,1,0
52,law,salaried,health,97695,0,0
58,business,unemployed,unemployed,0,0,0
86,arts,self business,accounting,57266,1,1
63,arts,self business,law,145905,0,0
56,stem,contractual,transportation,124056,0,0
63,business,unemployed,unemployed,0,1,0
77,business,unemployed,unemployed,0,0,0
83,law,contractual,law,0,1,1
71,business,contractual,it,126046,1,0
50,arts,self business,transportation,91316,1,0
64,stem,unemployed,unemployed,0,0,0
85,law,self business,engineering,75986,1,1
42,law,salaried,health,129654,1,0
65,arts,salaried,transportation,66362,1,0
70,arts,contractual,arts,85138,1,1
52,business,self business,health,88633,1,0
56,arts,contractual,transportation,118732,0,0
57,law,unemployed,unemployed,0,0,0
78,business,self business,it,116798,1,0
78,stem,unemployed,unemployed,0,1,0
53,stem,self business,law,95749,1,0
42,arts,contractual,it,116183,1,0
84,arts,self business,accounting,120763,1,1
58,law,unemployed,unemployed,55844,0,0
75,stem,unemployed,unemployed,0,1,0
66,law,contractual,transportation,135554,1,0
40,business,unemployed,unemployed,0,1,0
63,stem,contractual,health,98878,0,0
59,law,contractual,law,54611,0,0
67,law,salaried,transportation,103202,0,0
72,law,self business,engineering,50600,1,0
65,business,unemployed,unemployed,0,1,0
42,business,unemployed,unemployed,110466,0,0
48,law,contractual,accounting,64460,1,0
63,arts,salaried,arts,67854,0,0
69,law,unemployed,unemployed,98176,1,0
72,arts,salaried,health,139799,1,0
45,law,unemployed,unemployed,78453,0,0
57,stem,self business,health,83708,1,0
88,arts,salaried,it,127177,1,1
45,law,unemployed,unemployed,128727,1,0
74,stem,unemployed,unemployed,0,0,0
73,arts,salaried,engineering,145000,1,0
57,stem,salaried,transportation,54398,0,0
84,stem,salaried,arts,108466,1,1
66,business,self business,it,46709,1,0
48,stem,contractual,law,147557,1,0
86,business,salaried,law,133102,1,1
86,stem,contractual,arts,0,1,1
84,business,contractual,it,0,1,1
44,law,salaried,law,117115,1,0
56,business,contractual,law,125640,1,0
59,arts,unemployed,unemployed,0,1,0
55,stem,unemployed,unemployed,99271,0,0
42,stem,contractual,accounting,141486,0,0
82,arts,salaried,law,56547,1,1
56,arts,self business,it,101898,1,0
46,business,unemployed,unemployed,0,0,0
50,law,unemployed,unemployed,0,0,0
51,arts,self business,health,66784,1,0
78,business,self business,it,45528,0,0
49,arts,self business,law,77207,0,0
73,stem,self business,arts,127113,1,0
40,business,salaried,law,44902,1,0
86,business,salaried,health,0,1,1
57,stem,contractual,accounting,106265,1,0
67,business,self business,accounting,122138,1,0
66,stem,unemployed,unemployed,0,1,0
42,law,unemployed,unemployed,111798,1,0
45,business,unemployed,unemployed,0,1,0
89,arts,self business,accounting,65636,1,1
89,arts,self business,accounting,91769,1,1
70,business,salaried,arts,75376,0,0
76,law,self business,it,142352,0,0
42,law,contractual,arts,134786,0,0
72,arts,salaried,law,41173,0,0
46,law,salaried,transportation,45670,0,0
60,arts,contractual,engineering,79717,0,0
86,business,contractual,arts,76765,1,1
52,law,salaried,engineering,72498,1,0
40,business,salaried,it,81771,0,0
86,stem,self business,health,63183,1,1
82,business,contractual,engineering,140559,1,1
87,stem,salaried,health,47328,1,1
41,arts,contractual,transportation,137008,1,0
74,law,unemployed,unemployed,0,1,0
84,stem,salaried,transportation,43095,1,1
78,stem,self business,law,114574,0,0
51,law,contractual,engineering,83496,0,0
78,law,unemployed,unemployed,71838,0,0
54,stem,salaried,it,53021,0,0
85,stem,salaried,engineering,136005,1,1
67,law,unemployed,unemployed,0,1,0
52,business,contractual,health,144385,0,0
52,stem,contractual,health,98938,0,0
40,arts,unemployed,unemployed,0,0,0
79,law,salaried,it,138768,1,0
88,arts,contractual,arts,0,1,1
78,law,unemployed,unemployed,0,1,0
82,stem,self business,accounting,137094,1,1
51,arts,self business,transportation,69345,1,0
63,business,contractual,arts,125398,1,0
87,stem,contractual,accounting,43086,1,1
55,arts,salaried,arts,51715,0,0
51,law,self business,it,111258,0,0
63,stem,self business,accounting,112126,0,0
59,stem,unemployed,unemployed,0,0,0
84,stem,salaried,transportation,0,1,1
74,business,contractual,it,78789,1,1
66,stem,contractual,transportation,78372,0,0
77,stem,unemployed,unemployed,0,1,0
62,business,contractual,transportation,51756,0,0
53,law,contractual,accounting,136730,0,0
80,business,salaried,accounting,49608,1,0
89,law,contractual,accounting,0,1,1
85,stem,contractual,accounting,98340,1,1
78,arts,self business,health,101413,1,1
47,arts,contractual,transportation,52212,0,0
78,stem,self business,arts,115052,0,0
71,law,contractual,health,83778,1,0
73,law,unemployed,unemployed,0,1,0
54,law,unemployed,unemployed,0,1,0
87,stem,salaried,transportation,58994,1,1
72,stem,unemployed,unemployed,58003,0,0
53,stem,contractual,it,111700,0,0
64,law,salaried,transportation,145159,1,0
73,arts,contractual,it,112560,1,1
40,arts,self business,it,43324,1,0
78,business,salaried,health,120349,0,0
88,business,contractual,law,124976,1,1
68,law,self business,it,48835,0,0
82,law,salaried,engineering,109168,1,1
69,arts,unemployed,unemployed,0,0,0
52,law,unemployed,unemployed,0,1,0
81,business,self business,transportation,0,1,1
74,business,salaried,it,78905,1,0
47,arts,contractual,accounting,73994,0,0
76,stem,unemployed,unemployed,0,1,0
75,arts,unemployed,unemployed,0,1,0
65,arts,unemployed,unemployed,0,1,0
68,business,self business,health,95361,1,0
76,business,contractual,law,58458,1,0
49,law,self business,it,82569,0,0
78,arts,salaried,arts,71230,1,0
88,law,self business,it,91707,1,1
43,law,unemployed,unemployed,0,0,0
87,business,contractual,transportation,134409,1,1
85,law,self business,accounting,51293,1,1
71,arts,self business,accounting,126046,1,0
78,business,self business,arts,132856,0,0
40,business,unemployed,unemployed,110627,1,0
81,law,salaried,arts,129705,1,1
44,stem,self business,arts,135192,1,0
51,law,unemployed,unemployed,0,0,0
79,law,contractual,transportation,115560,0,0
72,arts,unemployed,unemployed,0,0,0
71,law,self business,engineering,112702,1,1
70,arts,self business,engineering,55541,1,0
47,business,self business,accounting,64692,1,0
46,law,salaried,accounting,87551,0,0
44,law,self business,arts,45648,0,0
55,arts,contractual,arts,106871,1,0
46,arts,unemployed,unemployed,0,1,0
70,business,unemployed,unemployed,0,1,0
85,business,contractual,engineering,0,1,1
78,law,unemployed,unemployed,0,1,0
81,business,salaried,accounting,134723,1,1
56,law,contractual,it,136241,0,0
64,business,self business,health,144929,1,0
73,law,self business,arts,73786,1,0
73,arts,self business,it,46607,1,1
46,business,salaried,it,91835,0,0
41,arts,unemployed,unemployed,0,1,0
64,arts,salaried,it,61721,0,0
88,law,contractual,it,111866,1,1
55,business,salaried,arts,87247,0,0
72,stem,salaried,accounting,57904,0,0
61,business,unemployed,unemployed,0,1,0
45,arts,unemployed,unemployed,119338,0,0
49,law,self business,engineering,112201,1,0
44,stem,self business,it,66624,0,0
71,law,contractual,law,61706,0,0
86,law,contractual,engineering,81037,1,1
74,business,contractual,law,88639,1,0
72,arts,unemployed,unemployed,0,1,0
89,business,self business,health,66361,1,1
76,stem,unemployed,unemployed,0,1,0
89,arts,contractual,transportation,123745,1,1
70,stem,contractual,it,41226,1,0
54,stem,unemployed,unemployed,0,0,0
64,law,contractual,engineering,139126,0,0
76,arts,contractual,health,127401,1,0
77,law,salaried,law,69586,1,0
63,business,self business,arts,45378,0,0
58,business,salaried,it,123235,1,0
77,stem,salaried,law,0,1,1
71,business,self business,it,119694,1,0
42,stem,self business,it,118458,0,0
40,business,self business,transportation,116528,0,0
80,law,self business,arts,86971,1,0
61,stem,contractual,health,126282,0,0
84,arts,self business,transportation,0,1,1
81,law,contractual,engineering,72837,1,1
74,arts,salaried,engineering,54565,0,0
59,law,unemployed,unemployed,0,1,0
70,law,salaried,it,72505,1,0
84,stem,self business,transportation,62832,1,1
79,arts,self business,it,53314,0,0
45,stem,contractual,health,82116,1,0
40,arts,self business,engineering,145553,0,0
64,arts,self business,accounting,136977,1,0
73,law,unemployed,unemployed,62171,1,0
86,law,salaried,accounting,0,1,1
43,law,salaried,law,97642,1,0
48,business,salaried,accounting,69644,0,0
72,law,unemployed,unemployed,0,0,0
73,business,self business,arts,98373,0,0
81,arts,self business,engineering,115762,1,1
60,stem,unemployed,unemployed,0,0,0
60,arts,unemployed,unemployed,40644,1,0
50,business,salaried,health,69346,1,0
70,business,unemployed,unemployed,0,0,0
66,stem,salaried,engineering,74906,1,0
78,law,contractual,transportation,93531,1,0
51,arts,self business,it,55489,1,0
42,arts,salaried,transportation,77722,0,0
44,business,unemployed,unemployed,0,1,0
48,arts,unemployed,unemployed,0,0,0
82,business,salaried,health,0,1,1
84,business,contractual,it,55493,1,1
85,stem,salaried,engineering,145302,1,1
67,business,unemployed,unemployed,0,1,0
51,stem,self business,accounting,64859,0,0
65,arts,self business,transportation,47421,0,0
49,law,unemployed,unemployed,0,1,0
53,business,salaried,law,66282,1,0
42,law,salaried,health,68309,1,0
69,business,salaried,transportation,83547,1,0
83,law,contractual,it,44162,1,1
68,business,contractual,it,44584,0,0
65,arts,unemployed,unemployed,0,0,0
79,arts,salaried,accounting,87254,0,0
57,law,salaried,transportation,111810,0,0
44,arts,self business,law,74331,1,0
46,arts,unemployed,unemployed,111937,1,0
77,law,unemployed,unemployed,0,1,0
47,stem,unemployed,unemployed,58331,0,0
76,stem,self business,health,0,1,1
62,arts,salaried,engineering,139068,1,0
55,stem,unemployed,unemployed,0,0,0
44,law,self business,engineering,87722,0,0
62,stem,unemployed,unemployed,0,0,0
73,stem,self business,transportation,49988,0,0
71,law,salaried,it,127488,0,0
84,business,contractual,health,77966,1,1
46,law,salaried,transportation,86560,0,0
44,law,salaried,it,142230,1,0
59,business,contractual,accounting,83781,0,0
73,law,self business,it,0,1,1
75,arts,contractual,accounting,140808,0,0
44,business,contractual,health,104030,0,0
83,stem,self business,accounting,0,1,1
63,business,self business,law,106894,1,0
57,stem,unemployed,unemployed,0,1,0
49,business,salaried,it,53936,0,0
84,law,contractual,law,51627,1,1
53,law,salaried,health,65764,1,0
75,arts,self business,engineering,92075,1,1
58,stem,unemployed,unemployed,68556,0,0
66,arts,salaried,it,148215,0,0
63,business,salaried,arts,138328,1,0
43,law,contractual,it,98825,0,0
67,business,salaried,accounting,50776,0,0
87,business,salaried,law,0,1,1
43,law,salaried,engineering,41248,1,0
67,law,unemployed,unemployed,0,0,0
80,business,self business,arts,40820,1,1
59,arts,salaried,health,126706,1,0
69,business,salaried,it,85826,0,0
80,stem,salaried,engineering,61065,1,1
65,arts,contractual,arts,44872,0,0
68,arts,contractual,engineering,68591,1,0
67,law,salaried,it,145097,0,0
57,law,salaried,law,55721,1,0
80,arts,unemployed,unemployed,48706,0,0
53,business,unemployed,unemployed,0,0,0
64,arts,unemployed,unemployed,0,1,0
58,law,unemployed,unemployed,0,1,0
44,arts,salaried,health,118663,0,0
76,arts,unemployed,unemployed,119101,0,0
88,law,contractual,health,0,1,1
58,arts,self business,accounting,41092,0,0
73,law,unemployed,unemployed,0,1,0
50,stem,self business,law,117694,0,0
71,law,self business,health,124847,1,1
75,law,unemployed,unemployed,0,0,0
71,arts,contractual,law,100744,1,1
60,stem,contractual,health,101067,1,0
60,arts,unemployed,unemployed,0,1,0
40,arts,contractual,it,76067,1,0
49,arts,contractual,accounting,92045,1,0
89,law,salaried,transportation,110312,1,1
63,law,salaried,health,71684,0,0
77,law,salaried,transportation,54906,1,0
81,business,salaried,it,126375,1,1
71,stem,self business,arts,118427,0,0
48,business,contractual,engineering,107072,1,0
61,law,unemployed,unemployed,0,1,0
49,arts,self business,it,86839,0,0
63,arts,contractual,engineering,74401,1,0
73,business,salaried,it,50512,1,1
71,law,self business,accounting,139493,0,0
52,stem,self business,it,133530,0,0
77,law,contractual,arts,116423,1,0
54,law,self business,arts,49609,1,0
86,law,self business,health,44762,1,1
72,business,contractual,health,0,1,1
77,law,unemployed,unemployed,0,1,0
58,stem,contractual,it,106761,0,0
45,law,salaried,engineering,132482,1,0
72,stem,contractual,accounting,113823,0,0
81,stem,contractual,arts,64056,1,1
76,arts,contractual,accounting,140690,0,0
54,business,salaried,accounting,73966,1,0
44,arts,self business,transportation,100011,0,0
76,law,contractual,health,94880,1,0
79,stem,self business,it,109204,1,1
73,law,salaried,transportation,52497,0,0
47,law,self business,law,51535,1,0
40,business,unemployed,unemployed,0,0,0
68,law,unemployed,unemployed,0,1,0
47,arts,contractual,arts,126214,0,0
81,law,salaried,transportation,108743,1,1
85,stem,self business,arts,124778,1,1
87,arts,salaried,health,0,1,1
65,arts,unemployed,unemployed,0,0,0
82,business,self business,transportation,0,1,1
52,business,self business,it,105340,1,0
83,arts,contractual,law,96380,1,1
41,law,salaried,it,52283,1,0
81,law,contractual,it,84418,1,1
74,stem,contractual,health,74243,0,0
70,stem,unemployed,unemployed,0,0,0
50,law,salaried,health,56042,0,0
60,arts,salaried,transportation,52944,1,0
52,stem,contractual,health,126075,0,0
71,arts,contractual,law,112239,1,1
52,arts,salaried,engineering,144339,0,0
82,arts,self business,transportation,121250,1,1
61,law,unemployed,unemployed,0,0,0
60,arts,self business,accounting,94576,0,0
68,law,self business,law,91098,1,0
68,business,unemployed,unemployed,41683,0,0
53,business,contractual,law,56306,0,0
67,arts,unemployed,unemployed,0,0,0
72,stem,unemployed,unemployed,0,0,0
67,stem,contractual,law,103785,0,0
68,stem,unemployed,unemployed,140072,1,0
62,business,unemployed,unemployed,0,0,0
86,law,contractual,it,72604,1,1
72,business,unemployed,unemployed,0,0,0
87,law,contractual,engineering,47478,1,1
78,business,contractual,arts,100566,1,1
80,business,unemployed,unemployed,0,1,0
50,stem,contractual,transportation,138210,1,0
65,stem,contractual,accounting,116254,1,0
84,law,self business,law,85402,1,1
82,business,contractual,arts,68094,1,1
85,arts,contractual,health,41721,1,1
80,business,self business,law,145785,1,0
73,arts,unemployed,unemployed,0,0,0
87,arts,contractual,arts,116581,1,1
71,arts,salaried,it,65594,0,0
43,law,self business,health,84738,1,0
44,law,contractual,health,71826,0,0
84,business,self business,it,116407,1,1
85,business,salaried,law,0,1,1
63,arts,salaried,it,88667,1,0
83,business,self business,transportation,0,1,1
84,business,contractual,accounting,45328,1,1
60,arts,unemployed,unemployed,112377,0,0
44,arts,self business,accounting,120864,0,0
45,stem,unemployed,unemployed,72578,0,0
86,law,self business,it,123626,1,1
87,arts,contractual,engineering,82587,1,1
60,business,self business,law,112704,0,0
51,stem,contractual,accounting,51426,0,0
51,stem,contractual,arts,72956,1,0
64,stem,salaried,arts,71709,0,0
56,business,contractual,accounting,106066,1,0
69,law,self business,transportation,73836,1,0
72,arts,contractual,engineering,94822,0,0
51,law,contractual,arts,43298,0,0
59,stem,unemployed,unemployed,0,0,0
87,law,contractual,it,52066,1,1
41,stem,salaried,law,146619,1,0
66,business,unemployed,unemployed,0,1,0
61,arts,contractual,transportation,71625,0,0
60,stem,salaried,transportation,70840,1,0
53,arts,salaried,engineering,130397,1,0
70,stem,salaried,law,139287,0,0
87,stem,self business,health,74593,1,1
69,stem,self business,transportation,53670,1,0
46,law,contractual,arts,85550,1,0
78,law,self business,transportation,115646,1,0
45,stem,contractual,health,72940,1,0
49,business,unemployed,unemployed,140595,0,0
74,stem,salaried,health,55772,0,0
63,arts,unemployed,unemployed,0,0,0
78,business,salaried,accounting,77308,0,0
41,law,salaried,it,100772,1,0
75,arts,unemployed,unemployed,0,0,0
53,arts,unemployed,unemployed,0,1,0
56,arts,salaried,health,109279,1,0
62,stem,salaried,transportation,148655,1,0
77,stem,salaried,law,48372,0,0
52,arts,unemployed,unemployed,45101,1,0
86,business,salaried,law,44541,1,1
40,stem,self business,accounting,73103,0,0
58,stem,contractual,transportation,64706,0,0
64,stem,contractual,law,61964,1,0
67,business,self business,law,77681,1,0
68,law,salaried,health,96704,0,0
71,law,contractual,health,82930,0,0
73,arts,self business,arts,134617,0,0
50,arts,contractual,transportation,115886,0,0
74,law,unemployed,unemployed,142353,1,0
61,arts,salaried,transportation,83777,0,0
56,business,salaried,transportation,110641,1,0
47,law,salaried,accounting,89183,1,0
60,business,contractual,accounting,94930,0,0
60,stem,self business,law,116083,1,0
72,law,salaried,it,109896,0,0
57,arts,unemployed,unemployed,0,1,0
71,stem,contractual,transportation,140741,1,0
68,stem,self business,accounting,53758,0,0
75,business,salaried,accounting,61731,1,0
75,business,self business,health,110296,0,0
67,law,salaried,engineering,66956,0,0
58,arts,unemployed,unemployed,0,0,0
66,arts,unemployed,unemployed,0,0,0
72,law,self business,law,86642,1,0
55,business,salaried,it,100809,0,0
57,arts,salaried,it,47456,0,0
80,arts,salaried,health,44135,1,0
73,stem,unemployed,unemployed,0,1,0
49,arts,unemployed,unemployed,0,0,0
60,arts,unemployed,unemployed,0,0,0
43,business,unemployed,unemployed,0,0,0
40,business,contractual,transportation,100693,1,0
89,arts,salaried,health,121014,1,1
89,business,contractual,arts,132513,1,1
61,stem,contractual,accounting,77336,1,0
49,arts,contractual,accounting,66001,0,0
62,law,salaried,transportation,118711,0,0
55,business,self business,engineering,107556,1,0
62,law,salaried,accounting,69022,0,0
87,stem,self business,transportation,72349,1,1
53,arts,salaried,accounting,46181,1,0
68,law,contractual,engineering,43298,1,0
50,business,contractual,arts,110207,0,0
53,law,contractual,transportation,107193,1,0
60,stem,unemployed,unemployed,0,1,0
61,stem,salaried,it,138045,1,0
44,arts,salaried,health,77248,1,0
71,business,salaried,it,120959,1,1
63,business,unemployed,unemployed,118239,0,0
81,law,salaried,accounting,0,1,1
84,business,contractual,health,129106,1,1
75,stem,self business,law,138243,0,0
67,law,self business,it,102211,0,0
50,stem,salaried,it,112312,1,0
40,stem,unemployed,unemployed,0,1,0
59,business,unemployed,unemployed,0,1,0
67,stem,contractual,law,81293,1,0
81,arts,salaried,arts,0,1,1
54,stem,contractual,engineering,41773,0,0
55,law,contractual,it,62638,1,0
76,business,salaried,accounting,42185,0,0
70,stem,self business,it,121732,0,0
89,business,salaried,engineering,0,1,1
82,arts,contractual,health,68795,1,1
70,arts,salaried,engineering,80740,0,0
43,stem,self business,engineering,103288,0,0
45,business,unemployed,unemployed,0,1,0
81,arts,salaried,it,118983,1,1
64,stem,self business,engineering,82107,1,0
46,business,contractual,health,147363,0,0
84,law,contractual,arts,123545,1,1
71,business,self business,law,134617,0,0
76,law,contractual,health,55745,1,0
58,arts,unemployed,unemployed,0,1,0
75,law,unemployed,unemployed,0,1,0
60,stem,contractual,law,105384,1,0
40,business,salaried,it,76208,0,0
78,law,self business,health,56608,1,1
40,stem,contractual,arts,110074,1,0
83,stem,self business,it,0,1,1
58,stem,unemployed,unemployed,0,0,0
62,arts,unemployed,unemployed,0,1,0
69,arts,contractual,it,95585,1,0
60,stem,self business,engineering,46628,0,0
80,stem,self business,law,99717,1,1
50,arts,self business,arts,45915,0,0
41,stem,salaried,engineering,142665,0,0
87,arts,self business,it,81221,1,1
54,arts,unemployed,unemployed,0,0,0
59,arts,salaried,arts,85214,1,0
80,law,salaried,transportation,143231,1,1
43,business,self business,health,107380,0,0
83,stem,contractual,transportation,82106,1,1
63,law,self business,transportation,82360,0,0
49,stem,contractual,engineering,131552,1,0
43,business,unemployed,unemployed,0,0,0
85,arts,contractual,law,87333,1,1
58,law,self business,engineering,46424,0,0
49,law,salaried,engineering,110641,0,0
74,stem,salaried,accounting,64108,1,0
64,business,contractual,engineering,62709,0,0
84,business,self business,transportation,144046,1,1
85,stem,self business,law,0,1,1
83,business,salaried,transportation,143048,1,1
54,business,unemployed,unemployed,0,1,0
75,stem,salaried,health,149925,0,0
88,law,self business,it,138985,1,1
48,stem,salaried,transportation,61541,0,0
57,law,self business,law,104563,0,0
75,arts,self business,health,83379,1,0
86,stem,self business,accounting,123691,1,1
47,stem,unemployed,unemployed,0,1,0
64,business,unemployed,unemployed,0,0,0
62,law,self business,accounting,147745,0,0
43,law,unemployed,unemployed,0,0,0
71,arts,self business,engineering,149401,0,0
83,business,contractual,health,0,1,1
81,arts,contractual,engineering,118498,1,1
69,business,unemployed,unemployed,0,1,0
71,arts,contractual,it,68095,0,0
87,business,salaried,accounting,90151,1,1
87,law,self business,engineering,131966,1,1
79,arts,unemployed,unemployed,0,0,0
61,law,unemployed,unemployed,0,1,0
65,stem,salaried,transportation,97957,0,0
89,stem,self business,health,92706,1,1
49,law,contractual,arts,104803,0,0
67,arts,contractual,transportation,92931,0,0
87,business,self business,transportation,123941,1,1
87,law,contractual,arts,149197,1,1
41,stem,salaried,transportation,112212,0,0
61,law,contractual,engineering,60514,0,0
65,business,salaried,health,54898,1,0
87,business,contractual,transportation,0,1,1
69,law,contractual,arts,103000,1,0
85,arts,contractual,health,141665,1,1
74,arts,unemployed,unemployed,0,1,0
46,law,salaried,arts,42162,0,0
43,business,salaried,arts,133975,0,0
46,arts,unemployed,unemployed,0,1,0
68,arts,unemployed,unemployed,0,1,0
47,law,self business,it,123307,1,0
77,arts,salaried,law,147412,1,1
44,business,unemployed,unemployed,0,0,0
57,stem,self business,transportation,54131,0,0
53,business,self business,health,58787,0,0
52,law,unemployed,unemployed,0,0,0
43,stem,unemployed,unemployed,0,1,0
73,business,unemployed,unemployed,0,1,0
48,law,unemployed,unemployed,0,0,0
43,law,unemployed,unemployed,66789,1,0
76,arts,contractual,arts,0,1,1
85,business,salaried,health,41779,1,1
77,business,salaried,health,149147,0,0
45,stem,salaried,law,142325,1,0
41,law,salaried,health,139359,0,0
86,law,contractual,law,46235,1,1
54,stem,unemployed,unemployed,0,1,0
57,stem,unemployed,unemployed,0,1,0
46,business,self business,arts,52295,0,0
55,law,salaried,it,128057,1,0
63,business,self business,engineering,111206,0,0
64,arts,salaried,transportation,106041,0,0
72,business,contractual,engineering,54281,1,1
82,arts,contractual,arts,70344,1,1
87,stem,contractual,accounting,46369,1,1
79,stem,unemployed,unemployed,88124,0,0
71,law,contractual,health,137858,1,1
80,arts,contractual,accounting,123047,1,0
53,arts,unemployed,unemployed,74128,1,0
56,arts,self business,it,144167,1,0
72,stem,salaried,accounting,58468,1,0
76,business,unemployed,unemployed,0,1,0
73,business,self business,arts,132222,0,0
86,arts,contractual,health,55829,1,1
76,law,contractual,health,90487,1,1
74,stem,unemployed,unemployed,0,0,0
60,stem,self business,it,124140,0,0
49,stem,unemployed,unemployed,0,1,0
54,arts,self business,law,48890,0,0
45,law,unemployed,unemployed,0,0,0
40,law,contractual,accounting,69858,0,0
70,business,unemployed,unemployed,0,1,0
74,stem,unemployed,unemployed,0,0,0
45,business,contractual,arts,105978,1,0
48,business,contractual,health,99783,0,0
65,arts,unemployed,unemployed,0,1,0
71,arts,self business,arts,133672,0,0
57,arts,contractual,law,104578,0,0
42,stem,self business,engineering,67627,0,0
81,arts,self business,law,0,1,1
81,arts,self business,health,120328,1,1
52,stem,unemployed,unemployed,117896,0,0
81,arts,self business,accounting,65773,1,1
43,law,salaried,health,82892,1,0
60,stem,unemployed,unemployed,0,0,0
70,stem,contractual,engineering,148756,1,0
62,business,unemployed,unemployed,61790,0,0
50,law,self business,it,73388,0,0
48,law,unemployed,unemployed,0,1,0
43,stem,self business,arts,136234,1,0
40,business,unemployed,unemployed,55048,1,0
82,law,salaried,health,95722,1,1
84,law,contractual,arts,62021,1,1
40,business,contractual,accounting,135675,1,0
46,stem,salaried,transportation,107196,1,0
88,arts,contractual,transportation,84366,1,1
51,stem,self business,transportation,136294,0,0
88,arts,contractual,accounting,71528,1,1
63,arts,salaried,health,122033,0,0
86,business,salaried,accounting,0,1,1
43,business,self business,law,43564,1,0
48,stem,unemployed,unemployed,47243,1,0
69,law,salaried,engineering,112566,0,0
63,stem,unemployed,unemployed,113479,0,0
78,arts,unemployed,unemployed,69835,1,0
74,stem,salaried,health,49098,0,0
63,arts,unemployed,unemployed,0,0,0
50,stem,salaried,health,136841,1,0
63,business,self business,law,99773,0,0
83,arts,contractual,it,46265,1,1
56,law,unemployed,unemployed,0,0,0
84,arts,salaried,law,88948,1,1
69,law,contractual,law,113259,0,0
70,stem,self business,engineering,81235,0,0
45,law,unemployed,unemployed,0,1,0
50,law,salaried,accounting,82899,1,0
86,law,salaried,it,63484,1,1
88,business,salaried,arts,0,1,1
55,arts,contractual,it,83276,1,0
46,stem,contractual,law,122962,1,0
53,business,contractual,accounting,77166,1,0
53,law,self business,transportation,47007,1,0
73,stem,salaried,accounting,129753,1,1
42,business,unemployed,unemployed,0,0,0
71,law,unemployed,unemployed,0,1,0
72,stem,salaried,health,118585,1,1
70,business,self business,it,58943,0,0
57,stem,contractual,transportation,91088,1,0
76,business,salaried,law,0,1,1
59,law,self business,arts,120803,1,0
77,business,self business,engineering,145881,0,0
54,arts,self business,health,107786,0,0
85,business,salaried,health,0,1,1
52,arts,self business,transportation,140337,0,0
55,law,unemployed,unemployed,0,1,0
82,arts,salaried,law,107885,1,1
82,stem,salaried,health,0,1,1
49,law,unemployed,unemployed,0,1,0
76,arts,self business,engineering,148058,0,0
83,business,self business,arts,47108,1,1
76,arts,contractual,it,41809,0,0
68,arts,self business,accounting,76365,0,0
82,stem,salaried,arts,115871,1,1
47,stem,contractual,it,125508,1,0
84,stem,self business,law,68144,1,1
67,arts,unemployed,unemployed,0,0,0
42,business,contractual,law,135826,0,0
50,law,unemployed,unemployed,0,1,0
81,stem,contractual,arts,0,1,1
75,stem,contractual,it,69261,0,0
88,business,salaried,accounting,127924,1,1
48,business,unemployed,unemployed,0,0,0
79,business,salaried,transportation,69006,0,0
54,business,unemployed,unemployed,0,0,0
61,stem,contractual,health,129661,1,0
86,business,self business,it,95763,1,1
53,business,self business,transportation,58835,1,0
59,business,self business,health,41480,1,0
49,business,contractual,engineering,53871,1,0
66,business,unemployed,unemployed,0,1,0
51,law,self business,engineering,59579,1,0
76,law,self business,transportation,43940,1,1
66,stem,contractual,law,100329,0,0
49,business,contractual,it,50681,1,0
45,stem,unemployed,unemployed,0,0,0
66,arts,unemployed,unemployed,0,0,0
63,stem,unemployed,unemployed,0,0,0
43,law,self business,law,116015,0,0
89,stem,self business,accounting,61234,1,1
67,arts,salaried,law,133957,0,0
72,arts,salaried,transportation,121054,1,0
76,business,self business,engineering,50913,1,1
89,arts,self business,transportation,140707,1,1
56,business,self business,engineering,84458,1,0
76,arts,self business,arts,72030,0,0
53,stem,self business,transportation,109882,1,0
66,business,contractual,accounting,149291,1,0
73,stem,self business,engineering,118205,1,0
43,arts,contractual,arts,140390,1,0
77,business,salaried,it,120125,1,0
44,stem,contractual,accounting,60657,1,0
64,law,salaried,it,135842,0,0
85,stem,salaried,accounting,75487,1,1
58,stem,salaried,engineering,149041,1,0
81,business,salaried,it,121044,1,1
47,stem,unemployed,unemployed,0,0,0
76,law,unemployed,unemployed,66128,1,0
88,arts,salaried,engineering,140220,1,1
65,business,contractual,law,107411,1,0
45,law,unemployed,unemployed,0,0,0
89,stem,salaried,health,0,1,1
83,law,salaried,health,143546,1,1
57,business,self business,health,103063,1,0
81,business,salaried,arts,0,1,1
77,business,unemployed,unemployed,0,0,0
54,law,salaried,arts,47120,0,0
68,stem,contractual,transportation,57903,0,0
72,arts,unemployed,unemployed,0,0,0
71,arts,unemployed,unemployed,0,1,0
66,stem,contractual,law,40627,0,0
76,stem,unemployed,unemployed,0,0,0
76,law,contractual,transportation,47355,0,0
49,business,unemployed,unemployed,41641,1,0
89,law,self business,law,108629,1,1
51,arts,salaried,it,88018,0,0
73,stem,self business,engineering,71128,1,1
82,business,salaried,engineering,146227,1,1
68,law,self business,transportation,132538,0,0
82,arts,self business,it,88812,1,1
63,stem,contractual,health,117349,1,0
65,stem,self business,health,55994,0,0
62,business,salaried,health,144415,0,0
89,stem,salaried,arts,78408,1,1
55,stem,self business,transportation,67577,1,0
49,arts,salaried,accounting,66975,0,0
65,stem,unemployed,unemployed,0,1,0
57,law,salaried,health,118734,0,0
44,arts,salaried,law,88085,0,0
77,arts,unemployed,unemployed,0,1,0
68,business,unemployed,unemployed,0,1,0
55,law,contractual,engineering,56825,0,0
43,law,contractual,arts,135289,1,0
72,stem,contractual,it,51451,0,0
61,business,contractual,health,80757,0,0
48,stem,salaried,law,148057,0,0
79,arts,unemployed,unemployed,0,0,0
78,stem,unemployed,unemployed,0,0,0
67,law,unemployed,unemployed,0,0,0
61,arts,self business,it,51851,1,0
75,business,unemployed,unemployed,68265,0,0
46,law,unemployed,unemployed,0,1,0
72,law,self business,engineering,113110,1,0
55,law,self business,health,42892,1,0
67,law,salaried,law,45356,0,0
82,law,salaried,engineering,133122,1,1
61,law,unemployed,unemployed,0,1,0
84,business,contractual,health,122773,1,1
48,law,salaried,accounting,141858,0,0
58,business,contractual,accounting,120525,0,0
60,business,salaried,engineering,47446,1,0
89,arts,contractual,transportation,51052,1,1
85,business,salaried,transportation,82236,1,1
78,arts,salaried,accounting,52325,1,0
83,stem,contractual,health,53235,1,1
87,arts,salaried,transportation,52792,1,1
52,arts,self business,law,73838,0,0
56,business,unemployed,unemployed,0,1,0
60,law,salaried,it,144645,0,0
56,arts,salaried,it,126031,0,0
70,arts,contractual,transportation,60526,0,0
46,stem,unemployed,unemployed,0,1,0
61,law,unemployed,unemployed,144037,0,0
87,law,salaried,it,96470,1,1
88,stem,self business,law,118380,1,1
51,stem,contractual,transportation,146450,1,0
66,arts,contractual,law,56730,0,0
61,arts,contractual,health,110937,0,0
44,arts,unemployed,unemployed,0,0,0
40,arts,salaried,accounting,78155,0,0
60,stem,salaried,law,42893,0,0
64,arts,salaried,it,78905,1,0
70,business,unemployed,unemployed,0,1,0
51,stem,salaried,arts,135562,0,0
48,business,contractual,law,125689,0,0
76,law,self business,transportation,44777,1,0
81,business,self business,health,42006,1,1
72,business,salaried,transportation,45621,0,0
88,stem,contractual,law,144345,1,1
75,stem,self business,transportation,47194,1,1
54,stem,salaried,it,70904,1,0
43,arts,self business,accounting,101249,0,0
58,business,contractual,arts,126990,0,0
78,arts,salaried,arts,0,1,1
82,arts,contractual,health,0,1,1
82,arts,contractual,engineering,62032,1,1
63,arts,self business,it,113128,1,0
42,arts,contractual,health,56027,1,0
85,business,contractual,health,136099,1,1
53,arts,salaried,accounting,109827,0,0
40,business,unemployed,unemployed,0,1,0
84,law,salaried,it,0,1,1
84,business,salaried,arts,0,1,1
46,law,salaried,arts,107437,0,0
42,business,self business,engineering,93969,0,0
71,stem,unemployed,unemployed,0,0,0
72,arts,contractual,it,120379,0,0
58,business,self business,health,78729,0,0
54,arts,contractual,arts,140373,0,0
42,stem,self business,it,68719,0,0
87,stem,contractual,transportation,91103,1,1
77,arts,salaried,transportation,76367,1,1
61,business,contractual,engineering,52897,0,0
71,stem,unemployed,unemployed,0,0,0
89,law,contractual,law,122580,1,1
68,arts,unemployed,unemployed,0,0,0
54,business,self business,transportation,73329,1,0
70,arts,salaried,arts,128201,0,0
87,business,self business,accounting,73373,1,1
45,arts,self business,accounting,105749,1,0
44,business,contractual,arts,58412,1,0
71,arts,unemployed,unemployed,0,0,0
88,stem,self business,transportation,48816,1,1
65,law,contractual,health,57606,0,0
86,business,salaried,engineering,73781,1,1
47,business,self business,accounting,134117,1,0
56,law,self business,health,67806,0,0
78,business,contractual,accounting,66649,1,0
55,arts,contractual,health,129237,1,0
61,arts,unemployed,unemployed,0,0,0
59,arts,contractual,accounting,140938,0,0
60,business,self business,law,86389,0,0
87,law,contractual,arts,44013,1,1
70,stem,salaried,arts,97659,1,0
50,law,self business,health,143374,1,0
74,arts,salaried,arts,92722,0,0
84,stem,self business,law,0,1,1
68,stem,contractual,arts,125589,0,0
45,business,unemployed,unemployed,142970,1,0
59,business,self business,accounting,56567,0,0
83,law,self business,transportation,0,1,1
51,stem,salaried,health,74181,1,0
78,law,contractual,health,132151,0,0
41,stem,salaried,accounting,57061,0,0
70,business,unemployed,unemployed,0,0,0
72,law,self business,accounting,46830,1,1
73,arts,unemployed,unemployed,0,0,0
53,law,contractual,health,94624,0,0
58,arts,self business,it,148324,0,0
64,stem,salaried,accounting,80936,0,0
66,arts,contractual,law,82003,1,0
62,arts,salaried,law,102566,0,0
83,stem,self business,engineering,42046,1,1
64,arts,unemployed,unemployed,0,1,0
68,business,contractual,law,138436,0,0
44,stem,contractual,law,93801,1,0
67,arts,self business,arts,118293,0,0
65,law,unemployed,unemployed,0,1,0
48,arts,salaried,health,86062,0,0
64,arts,salaried,arts,74085,0,0
42,stem,contractual,health,84780,1,0
61,business,salaried,arts,41672,0,0
79,law,salaried,accounting,96330,1,1
56,business,salaried,engineering,87429,0,0
88,law,self business,engineering,0,1,1
55,law,self business,transportation,102180,1,0
65,arts,unemployed,unemployed,132211,1,0
43,arts,self business,law,111071,0,0
52,business,salaried,engineering,139032,0,0
70,stem,unemployed,unemployed,55867,0,0
44,business,self business,health,144142,1,0
40,law,unemployed,unemployed,127165,1,0
54,stem,unemployed,unemployed,0,1,0
70,business,unemployed,unemployed,0,0,0
42,arts,self business,law,59348,0,0
68,stem,unemployed,unemployed,89559,1,0
42,law,unemployed,unemployed,0,0,0
72,stem,unemployed,unemployed,0,1,0
44,business,unemployed,unemployed,0,0,0
65,business,unemployed,unemployed,0,1,0
51,stem,unemployed,unemployed,0,0,0
81,business,contractual,it,88089,1,1
51,stem,self business,accounting,67905,1,0
78,arts,unemployed,unemployed,0,1,0
65,business,contractual,engineering,117170,0,0
40,law,unemployed,unemployed,0,1,0
84,stem,contractual,arts,112122,1,1
85,business,salaried,arts,82573,1,1
62,law,salaried,health,149193,0,0
46,law,self business,it,142674,1,0
43,business,salaried,law,52697,0,0
83,law,self business,health,107113,1,1
77,stem,self business,health,108526,1,0
74,law,self business,health,62339,0,0
77,business,unemployed,unemployed,0,0,0
65,stem,salaried,accounting,49360,1,0
80,arts,salaried,law,81809,0,0
75,stem,contractual,engineering,133511,1,0
48,law,salaried,engineering,113904,0,0
50,business,salaried,arts,95529,1,0
80,arts,unemployed,unemployed,0,1,0
86,business,salaried,health,92987,1,1
73,stem,salaried,engineering,0,1,1
80,stem,self business,law,73723,1,0
63,stem,contractual,it,68123,0,0
40,stem,self business,arts,83994,1,0
67,arts,salaried,law,46583,1,0
71,law,contractual,engineering,64140,0,0
72,law,unemployed,unemployed,0,1,0
45,business,unemployed,unemployed,0,0,0
48,law,unemployed,unemployed,0,0,0
49,stem,unemployed,unemployed,0,1,0
48,law,self business,transportation,137551,0,0
56,stem,unemployed,unemployed,73932,1,0
48,stem,contractual,accounting,122354,1,0
61,stem,self business,engineering,84814,0,0
78,business,contractual,arts,51073,1,0
79,arts,salaried,law,58531,0,0
69,law,unemployed,unemployed,0,1,0
70,stem,contractual,accounting,116209,1,1
87,business,self business,transportation,53945,1,1
57,business,unemployed,unemployed,0,1,0
51,arts,salaried,health,48575,0,0
55,arts,unemployed,unemployed,0,1,0
79,stem,contractual,transportation,50731,1,0
70,law,self business,transportation,102863,0,0
87,business,contractual,it,64644,1,1
41,arts,contractual,it,88184,0,0
78,business,contractual,arts,68246,0,0
71,stem,self business,transportation,61562,1,0
88,business,self business,health,136550,1,1
45,arts,salaried,transportation,63515,0,0
79,arts,unemployed,unemployed,0,1,0
82,business,salaried,health,55797,1,1
85,arts,salaried,engineering,147569,1,1
54,stem,contractual,law,100140,0,0
51,business,salaried,health,85469,1,0
47,law,contractual,law,67058,1,0
41,business,unemployed,unemployed,101080,0,0
53,law,self business,arts,111470,1,0
54,stem,salaried,accounting,146988,1,0
62,stem,unemployed,unemployed,42217,0,0
73,business,contractual,transportation,130862,1,0
70,arts,salaried,accounting,119756,0,0
64,arts,unemployed,unemployed,0,1,0
66,stem,self business,arts,80416,1,0
47,stem,salaried,accounting,62796,1,0
44,law,contractual,arts,125247,0,0
40,stem,unemployed,unemployed,0,0,0
54,stem,salaried,law,64855,0,0
55,law,self business,law,112172,0,0
44,arts,unemployed,unemployed,0,0,0
58,arts,unemployed,unemployed,134576,1,0
43,arts,unemployed,unemployed,0,0,0
47,arts,self business,it,84134,1,0
69,business,contractual,it,80232,1,0
41,arts,salaried,health,62105,1,0
59,arts,salaried,accounting,124713,1,0
51,business,self business,health,134058,1,0
58,arts,self business,accounting,67778,0,0
87,law,contractual,transportation,100584,1,1
43,stem,contractual,arts,59313,1,0
89,law,self business,accounting,143054,1,1
83,business,self business,arts,0,1,1
73,law,salaried,engineering,47026,0,0
50,law,unemployed,unemployed,0,1,0
68,business,contractual,law,133457,0,0
69,stem,unemployed,unemployed,0,0,0
40,law,unemployed,unemployed,120744,0,0
69,business,unemployed,unemployed,0,1,0
56,arts,unemployed,unemployed,0,1,0
58,arts,salaried,health,117445,1,0
50,business,contractual,health,48124,0,0
77,arts,self business,engineering,113222,1,0
57,law,unemployed,unemployed,0,0,0
57,law,salaried,law,140577,0,0
60,arts,contractual,it,57477,0,0
62,stem,self business,arts,128275,1,0
69,business,unemployed,unemployed,0,0,0
46,arts,unemployed,unemployed,0,0,0
56,law,contractual,accounting,129566,1,0
54,law,unemployed,unemployed,0,1,0
44,arts,salaried,law,143371,1,0
66,law,self business,it,69990,0,0
45,stem,salaried,engineering,68406,0,0
53,arts,salaried,transportation,135633,1,0
41,business,self business,law,146115,0,0
57,stem,self business,transportation,129516,1,0
83,stem,contractual,law,146368,1,1
50,law,contractual,transportation,96932,0,0
78,arts,salaried,transportation,62271,1,0
77,law,unemployed,unemployed,0,0,0
80,law,unemployed,unemployed,0,0,0
74,arts,unemployed,unemployed,114923,1,0
59,arts,contractual,accounting,50303,0,0
69,law,contractual,engineering,41044,0,0
78,arts,unemployed,unemployed,0,0,0
87,arts,contractual,health,0,1,1
72,law,salaried,transportation,138305,0,0
70,stem,salaried,health,53986,0,0
73,arts,self business,engineering,90039,0,0
40,law,unemployed,unemployed,0,0,0
52,law,contractual,law,90021,1,0
52,law,unemployed,unemployed,111865,1,0
50,business,unemployed,unemployed,0,0,0
41,law,salaried,transportation,111382,0,0
84,business,contractual,it,119306,1,1
40,arts,self business,it,57464,1,0
55,stem,unemployed,unemployed,0,1,0
71,stem,unemployed,unemployed,0,0,0
59,business,unemployed,unemployed,100235,1,0
63,law,contractual,law,58599,1,0
65,law,contractual,engineering,139907,0,0
68,business,unemployed,unemployed,0,1,0
87,arts,salaried,health,66627,1,1
70,stem,contractual,arts,85774,1,0
77,law,salaried,health,88038,1,0
46,stem,unemployed,unemployed,0,1,0
59,stem,salaried,engineering,71638,0,0
77,arts,salaried,accounting,135831,1,0
45,arts,contractual,health,63420,1,0
81,stem,contractual,it,43897,1,1
73,arts,salaried,it,97110,1,0
64,law,unemployed,unemployed,0,0,0
80,business,self business,health,64314,1,0
70,stem,salaried,it,139447,0,0
62,law,unemployed,unemployed,0,0,0
76,law,self business,accounting,63691,1,1
74,law,unemployed,unemployed,0,1,0
83,law,salaried,arts,141625,1,1
87,arts,salaried,transportation,0,1,1
63,business,self business,law,67798,1,0
74,business,contractual,it,85909,1,0
43,arts,contractual,it,142193,0,0
52,stem,self business,engineering,55613,0,0
49,law,self business,health,49863,1,0
57,arts,salaried,health,90635,0,0
86,law,contractual,health,0,1,1
45,business,salaried,accounting,86897,0,0
65,law,salaried,health,102222,1,0
65,arts,unemployed,unemployed,113704,0,0
45,law,unemployed,unemployed,0,0,0
80,law,salaried,it,0,1,1
55,business,salaried,arts,61468,1,0
76,arts,unemployed,unemployed,0,0,0
72,stem,unemployed,unemployed,0,0,0
60,stem,contractual,health,133240,1,0
80,arts,salaried,health,78074,0,0
65,arts,salaried,engineering,106662,0,0
82,arts,contractual,transportation,0,1,1
49,law,self business,engineering,66209,1,0
87,stem,salaried,it,140464,1,1
44,business,unemployed,unemployed,0,1,0
88,law,contractual,transportation,136546,1,1
85,arts,self business,transportation,141065,1,1
74,stem,unemployed,unemployed,0,0,0
74,stem,self business,health,144010,0,0
87,arts,salaried,law,145972,1,1
53,law,unemployed,unemployed,0,1,0
40,stem,salaried,it,70796,1,0
88,law,contractual,health,115640,1,1
89,business,contractual,it,0,1,1
69,arts,unemployed,unemployed,0,1,0
80,business,self business,it,101749,1,1
47,business,unemployed,unemployed,0,1,0
52,law,salaried,health,113288,0,0
81,business,contractual,engineering,129169,1,1
56,stem,salaried,transportation,138020,0,0
73,business,salaried,accounting,134335,0,0
65,business,unemployed,unemployed,0,0,0
76,stem,unemployed,unemployed,98998,1,0
58,arts,self business,it,143674,1,0
78,business,salaried,it,59151,1,1
58,law,salaried,health,81102,0,0
74,arts,unemployed,unemployed,60753,1,0
51,stem,salaried,arts,99036,1,0
40,stem,salaried,accounting,83975,0,0
45,arts,contractual,accounting,132260,1,0
67,arts,contractual,accounting,45318,0,0
53,law,self business,arts,50726,1,0
82,law,self business,health,0,1,1
51,stem,unemployed,unemployed,0,0,0
76,law,self business,transportation,131869,1,0
74,stem,salaried,health,88200,0,0
82,business,salaried,health,0,1,1
65,law,self business,engineering,96609,1,0
61,stem,unemployed,unemployed,0,0,0
52,stem,self business,it,50697,1,0
55,business,unemployed,unemployed,0,0,0
82,business,contractual,law,0,1,1
64,business,salaried,law,90742,1,0
73,law,contractual,transportation,103479,0,0
74,business,contractual,arts,67019,0,0
62,law,unemployed,unemployed,53305,1,0
81,arts,self business,transportation,117710,1,1
55,law,salaried,accounting,74752,1,0
73,arts,unemployed,unemployed,99054,0,0
48,stem,unemployed,unemployed,0,1,0
88,stem,self business,health,134267,1,1
79,arts,unemployed,unemployed,0,0,0
47,arts,unemployed,unemployed,0,0,0
46,law,contractual,law,103195,1,0
54,stem,self business,arts,119696,0,0
55,law,contractual,transportation,44819,1,0
51,arts,contractual,health,123752,0,0
59,stem,self business,accounting,106794,1,0
77,stem,salaried,accounting,116292,0,0
48,stem,self business,it,74567,0,0
85,business,salaried,it,97069,1,1
82,law,salaried,arts,146513,1,1
66,business,self business,arts,120527,1,0
43,business,salaried,accounting,95039,1,0
57,stem,unemployed,unemployed,0,0,0
45,stem,unemployed,unemployed,0,1,0
44,arts,salaried,health,40346,0,0
71,arts,contractual,engineering,149975,0,0
40,arts,salaried,accounting,147225,1,0
46,arts,contractual,accounting,57091,1,0
65,business,salaried,engineering,82195,1,0
49,law,unemployed,unemployed,0,0,0
78,business,salaried,engineering,133809,1,0
79,stem,unemployed,unemployed,0,0,0
42,arts,unemployed,unemployed,0,1,0
41,law,contractual,engineering,130027,0,0
82,stem,contractual,accounting,42451,1,1
45,arts,self business,arts,110457,1,0
70,law,unemployed,unemployed,148052,1,0
60,law,self business,accounting,128991,1,0
71,stem,unemployed,unemployed,0,1,0
55,stem,unemployed,unemployed,98224,1,0
87,business,self business,engineering,64019,1,1
45,stem,salaried,law,75991,0,0
83,law,self business,it,143856,1,1
77,business,self business,accounting,117562,0,0
52,business,unemployed,unemployed,0,0,0
48,law,unemployed,unemployed,118686,0,0
54,stem,unemployed,unemployed,0,1,0
60,stem,salaried,engineering,149356,0,0
79,law,self business,accounting,111657,0,0
42,stem,salaried,health,64414,1,0
87,stem,contractual,law,107632,1,1
86,business,salaried,law,0,1,1
60,business,unemployed,unemployed,0,0,0
85,business,contractual,engineering,72062,1,1
70,business,unemployed,unemployed,0,0,0
47,stem,self business,it,113231,0,0
73,law,contractual,engineering,84326,0,0
42,law,salaried,transportation,63716,0,0
76,arts,contractual,transportation,134423,1,1
89,business,contractual,arts,139901,1,1
48,stem,contractual,transportation,94732,1,0
41,arts,unemployed,unemployed,0,0,0
81,business,self business,accounting,149348,1,1
60,law,self business,law,119634,0,0
45,law,contractual,transportation,111012,0,0
89,stem,contractual,accounting,116424,1,1
84,arts,salaried,health,146619,1,1
76,arts,self business,law,147653,1,0
50,law,contractual,transportation,106275,0,0
45,stem,unemployed,unemployed,0,0,0
64,arts,unemployed,unemployed,0,0,0
47,arts,salaried,arts,149670,0,0
54,arts,contractual,law,98033,1,0
74,stem,salaried,accounting,98821,0,0
58,stem,salaried,accounting,102961,0,0
44,business,salaried,arts,110888,0,0
59,arts,contractual,law,148808,0,0
64,arts,self business,transportation,143325,1,0
40,law,unemployed,unemployed,0,1,0
67,arts,self business,engineering,55107,1,0
50,arts,contractual,it,80394,0,0
88,business,salaried,health,98182,1,1
88,law,contractual,engineering,137929,1,1
59,arts,contractual,transportation,61418,0,0
56,arts,self business,engineering,54539,1,0
83,business,contractual,it,67849,1,1
66,stem,unemployed,unemployed,0,0,0
40,law,self business,accounting,114487,0,0
83,law,salaried,transportation,120032,1,1
69,stem,unemployed,unemployed,0,0,0
73,arts,unemployed,unemployed,0,0,0
50,stem,unemployed,unemployed,0,1,0
45,arts,self business,health,125990,0,0
47,law,salaried,engineering,87135,0,0
67,arts,self business,law,92232,0,0
59,stem,salaried,arts,83146,0,0
55,stem,contractual,engineering,85818,0,0
51,law,self business,accounting,64196,1,0
85,stem,salaried,it,88271,1,1
64,business,self business,engineering,125362,1,0
45,business,contractual,accounting,147369,1,0
82,law,contractual,law,137019,1,1
55,arts,salaried,engineering,146151,0,0
73,stem,contractual,it,122828,1,0
48,stem,salaried,accounting,65732,1,0
66,stem,unemployed,unemployed,0,1,0
73,arts,salaried,law,91786,1,1
89,arts,salaried,arts,0,1,1
60,business,contractual,it,103925,0,0
41,stem,self business,health,57620,1,0
74,law,self business,law,118941,1,0
70,business,unemployed,unemployed,59592,0,0
54,law,unemployed,unemployed,0,0,0
81,business,salaried,law,111523,1,1
50,law,contractual,law,87866,0,0
65,law,unemployed,unemployed,0,1,0
78,stem,salaried,transportation,40095,1,0
75,law,salaried,arts,44583,0,0
87,stem,contractual,law,54973,1,1
81,arts,salaried,accounting,90488,1,1
74,arts,salaried,arts,130986,1,0
84,law,salaried,accounting,0,1,1
58,stem,unemployed,unemployed,0,0,0
58,stem,unemployed,unemployed,0,1,0
70,arts,unemployed,unemployed,0,0,0
56,law,salaried,accounting,51076,0,0
49,arts,self business,accounting,61890,1,0
62,arts,unemployed,unemployed,0,1,0
89,business,self business,health,74773,1,1
41,business,contractual,arts,49242,0,0
89,law,salaried,it,71915,1,1
57,law,self business,health,129925,0,0
41,arts,unemployed,unemployed,0,1,0
89,stem,salaried,law,142863,1,1
77,stem,self business,engineering,96250,0,0
89,business,self business,arts,121082,1,1
47,stem,self business,accounting,136706,1,0
57,arts,self business,health,104966,1,0
89,law,contractual,transportation,47314,1,1
80,stem,self business,law,109944,0,0
70,law,unemployed,unemployed,0,1,0
62,law,contractual,it,128749,0,0
54,arts,salaried,arts,45968,1,0
46,arts,unemployed,unemployed,0,0,0
46,arts,contractual,accounting,125005,1,0
77,stem,self business,health,97451,1,1
57,business,contractual,transportation,74077,1,0
42,law,unemployed,unemployed,0,0,0
52,arts,self business,accounting,49365,1,0
74,business,salaried,engineering,105968,1,1
70,arts,self business,transportation,105593,0,0
41,business,unemployed,unemployed,0,0,0
58,arts,contractual,transportation,123967,0,0
72,law,contractual,arts,146928,0,0
86,business,self business,it,112795,1,1
73,law,contractual,law,136733,1,1
58,arts,self business,transportation,60926,0,0
76,arts,unemployed,unemployed,0,1,0
58,business,unemployed,unemployed,87720,1,0
50,stem,contractual,accounting,72125,1,0
69,business,self business,law,79685,0,0
60,law,unemployed,unemployed,0,1,0
70,stem,salaried,it,47468,1,0
42,arts,salaried,engineering,54862,0,0
69,law,unemployed,unemployed,0,1,0
68,law,salaried,health,115521,0,0
83,law,salaried,it,56191,1,1
54,stem,unemployed,unemployed,61835,0,0
79,stem,self business,arts,67218,1,0
78,business,unemployed,unemployed,0,1,0
88,arts,contractual,arts,136704,1,1
51,stem,self business,transportation,58224,0,0
78,arts,salaried,arts,149244,0,0
65,law,contractual,transportation,54327,1,0
82,law,self business,health,80169,1,1
51,stem,self business,health,111607,0,0
82,arts,self business,health,133614,1,1
46,stem,salaried,it,50909,0,0
85,law,salaried,law,68486,1,1
70,stem,contractual,law,114548,1,0
66,business,contractual,arts,110243,0,0
70,stem,salaried,health,96212,0,0
56,business,self business,law,120044,0,0
53,law,self business,law,79840,1,0
62,arts,salaried,health,127480,0,0
54,arts,contractual,arts,93686,1,0
68,business,salaried,law,106543,1,0
84,arts,contractual,engineering,0,1,1
70,arts,self business,health,110118,1,1
60,law,self business,health,83450,0,0
81,stem,contractual,transportation,132081,1,1
61,law,unemployed,unemployed,0,0,0
71,stem,self business,transportation,118529,0,0
72,stem,self business,health,116407,1,1
52,business,self business,accounting,138658,0,0
83,business,salaried,arts,141874,1,1
59,stem,salaried,law,87061,0,0
69,stem,salaried,accounting,51676,1,0
42,stem,self business,transportation,106848,0,0
77,stem,unemployed,unemployed,0,0,0
86,arts,contractual,it,0,1,1
63,arts,contractual,health,40235,1,0
45,stem,unemployed,unemployed,0,1,0
54,stem,unemployed,unemployed,0,1,0
75,arts,unemployed,unemployed,0,1,0
81,business,self business,arts,147323,1,1
60,stem,salaried,law,62000,0,0
71,business,unemployed,unemployed,0,0,0
56,law,salaried,accounting,97451,1,0
60,business,unemployed,unemployed,0,0,0
44,stem,contractual,engineering,84439,0,0
57,business,salaried,health,56448,0,0
52,business,contractual,engineering,103210,0,0
62,arts,salaried,accounting,127018,1,0
61,law,unemployed,unemployed,0,0,0
62,arts,self business,accounting,122418,1,0
45,arts,unemployed,unemployed,0,1,0
57,stem,unemployed,unemployed,0,1,0
46,business,unemployed,unemployed,124414,1,0
80,law,contractual,accounting,135387,0,0
88,business,salaried,engineering,146525,1,1
64,business,salaried,it,46814,1,0
89,business,self business,engineering,95979,1,1
81,arts,contractual,it,98851,1,1
84,law,self business,engineering,100870,1,1
64,arts,salaried,accounting,51970,1,0
50,stem,contractual,accounting,54867,1,0
65,business,contractual,law,105324,1,0
86,stem,salaried,engineering,65104,1,1
63,business,self business,transportation,111204,1,0
45,arts,contractual,accounting,41018,0,0
48,stem,self business,accounting,63864,1,0
43,arts,unemployed,unemployed,0,0,0
40,stem,unemployed,unemployed,0,0,0
81,business,self business,arts,89465,1,1
61,stem,contractual,law,40713,1,0
56,stem,unemployed,unemployed,0,1,0
54,law,unemployed,unemployed,0,1,0
53,arts,self business,law,86097,1,0
63,business,salaried,arts,97249,0,0
53,stem,unemployed,unemployed,0,1,0
61,arts,salaried,law,89518,0,0
60,arts,contractual,health,92567,0,0
60,business,unemployed,unemployed,0,0,0
77,business,self business,accounting,89902,1,0
79,business,unemployed,unemployed,0,0,0
42,business,self business,transportation,47776,0,0
85,business,self business,law,84539,1,1
79,arts,unemployed,unemployed,0,1,0
50,arts,contractual,engineering,121268,0,0
77,business,self business,engineering,137624,0,0
74,arts,self business,health,0,1,1
73,business,salaried,engineering,65538,0,0
61,stem,unemployed,unemployed,0,1,0
40,arts,contractual,transportation,51628,1,0
72,stem,unemployed,unemployed,0,0,0
48,business,unemployed,unemployed,0,1,0
69,law,salaried,engineering,146728,1,0
47,business,unemployed,unemployed,0,1,0
56,business,salaried,transportation,43464,0,0
62,business,self business,engineering,136563,1,0
46,business,self business,accounting,53835,0,0
44,business,salaried,arts,127639,0,0
71,law,contractual,arts,67762,0,0
82,stem,self business,engineering,119236,1,1
52,business,unemployed,unemployed,0,1,0
51,arts,unemployed,unemployed,86758,1,0
77,stem,unemployed,unemployed,0,0,0
58,arts,unemployed,unemployed,0,0,0
73,stem,self business,law,114168,1,0
52,business,self business,accounting,99615,0,0
40,arts,self business,accounting,82218,1,0
86,business,contractual,it,84016,1,1
45,business,unemployed,unemployed,0,1,0
47,business,contractual,it,74970,1,0
50,law,salaried,law,125782,0,0
80,business,self business,engineering,107663,0,0
79,business,salaried,law,126144,1,1
72,stem,self business,health,135146,1,0
75,stem,salaried,accounting,66965,1,1
73,stem,unemployed,unemployed,0,0,0
60,stem,self business,transportation,45099,0,0
57,arts,contractual,law,60618,0,0
48,stem,salaried,health,93523,1,0
63,arts,contractual,transportation,70602,0,0
47,stem,self business,arts,128992,0,0
62,arts,unemployed,unemployed,0,0,0
89,law,salaried,it,0,1,1
78,business,self business,health,116955,1,1
62,business,self business,it,60961,0,0
43,business,salaried,transportation,98931,0,0
75,stem,unemployed,unemployed,98382,1,0
54,arts,salaried,law,44377,1,0
45,arts,self business,health,143309,1,0
66,business,salaried,arts,80372,0,0
82,business,contractual,engineering,0,1,1
80,stem,contractual,accounting,67695,1,1
87,stem,salaried,transportation,45665,1,1
86,stem,self business,law,61666,1,1
45,business,self business,arts,139777,0,0
56,arts,contractual,it,67146,1,0
70,arts,salaried,arts,116956,1,0
52,arts,salaried,accounting,42941,0,0
48,law,salaried,health,119701,1,0
63,law,unemployed,unemployed,0,1,0
71,law,contractual,health,103598,0,0
46,arts,unemployed,unemployed,0,1,0
82,law,contractual,transportation,121282,1,1
74,law,unemployed,unemployed,73606,1,0
52,law,unemployed,unemployed,0,0,0
44,stem,self business,arts,149455,0,0
73,stem,unemployed,unemployed,0,0,0
51,stem,contractual,transportation,51126,1,0
53,arts,unemployed,unemployed,0,0,0
63,business,contractual,accounting,84417,1,0
75,business,unemployed,unemployed,52205,1,0
47,law,self business,arts,92408,1,0
42,business,unemployed,unemployed,72277,0,0
52,stem,salaried,it,117097,0,0
57,business,unemployed,unemployed,52219,0,0
74,business,salaried,engineering,49019,0,0
79,law,unemployed,unemployed,0,1,0
45,arts,self business,it,139339,0,0
79,business,contractual,engineering,87780,1,1
67,arts,contractual,engineering,124163,0,0
73,stem,salaried,health,113094,0,0
77,law,salaried,transportation,137598,1,1
53,business,contractual,health,71805,1,0
48,business,contractual,it,47537,1,0
61,stem,self business,health,127806,1,0
65,business,self business,law,86276,1,0
56,arts,salaried,engineering,95793,0,0
80,business,contractual,it,67441,1,1
52,business,salaried,engineering,100830,0,0
78,law,self business,health,111157,0,0
46,stem,unemployed,unemployed,0,1,0
77,business,salaried,law,71920,0,0
68,stem,self business,health,115959,1,0
48,arts,self business,engineering,128108,1,0
40,law,self business,it,108431,0,0
42,arts,salaried,law,56789,1,0
86,arts,self business,accounting,68164,1,1
59,business,salaried,arts,108367,1,0
41,business,unemployed,unemployed,0,0,0
75,stem,unemployed,unemployed,0,0,0
42,law,self business,health,89703,0,0
72,stem,unemployed,unemployed,51000,1,0
74,stem,unemployed,unemployed,71940,1,0
76,arts,salaried,it,41976,0,0
57,law,contractual,health,144872,0,0
56,business,contractual,accounting,40475,1,0
65,stem,self business,it,115275,0,0
64,business,unemployed,unemployed,0,1,0
82,law,contractual,law,143424,1,1
56,stem,salaried,accounting,109242,1,0
87,stem,self business,it,98510,1,1
77,stem,contractual,health,55126,0,0
63,business,self business,arts,64009,1,0
43,law,self business,it,87606,0,0
52,stem,salaried,health,50953,1,0
58,arts,salaried,transportation,143102,0,0
80,business,self business,it,99529,0,0
57,stem,self business,health,117003,1,0
61,law,unemployed,unemployed,0,1,0
51,law,unemployed,unemployed,0,1,0
79,arts,unemployed,unemployed,0,0,0
88,business,salaried,arts,109754,1,1
55,law,unemployed,unemployed,0,1,0
64,law,salaried,engineering,145717,0,0
41,arts,unemployed,unemployed,0,1,0
43,law,unemployed,unemployed,0,1,0
53,arts,contractual,transportation,76831,0,0
47,stem,salaried,accounting,72995,0,0
50,law,contractual,accounting,45236,1,0
44,arts,salaried,health,89923,1,0
55,law,contractual,it,63387,0,0
50,business,unemployed,unemployed,0,0,0
81,arts,self business,it,80235,1,1
45,stem,unemployed,unemployed,107783,1,0
74,stem,salaried,accounting,127780,0,0
82,stem,salaried,it,42649,1,1
66,arts,contractual,it,146318,0,0
71,law,salaried,it,130748,0,0
59,arts,salaried,it,99058,0,0
49,law,unemployed,unemployed,0,0,0
55,arts,unemployed,unemployed,0,0,0
75,stem,self business,accounting,134854,1,0
60,business,unemployed,unemployed,134848,1,0
67,stem,unemployed,unemployed,0,0,0
72,business,self business,health,125672,0,0
56,arts,self business,law,104960,1,0
65,business,contractual,engineering,60117,1,0
64,stem,unemployed,unemployed,0,0,0
58,law,self business,health,43204,1,0
68,arts,unemployed,unemployed,0,0,0
69,law,salaried,arts,127329,1,0
72,law,salaried,arts,116583,0,0
73,arts,salaried,engineering,143957,1,0
57,business,self business,arts,78338,1,0
75,stem,contractual,law,86064,1,0
60,arts,salaried,accounting,52130,0,0
76,business,contractual,transportation,45424,1,1
55,law,unemployed,unemployed,0,1,0
57,business,unemployed,unemployed,0,0,0
48,law,unemployed,unemployed,41821,1,0
61,stem,salaried,transportation,146957,0,0
74,business,unemployed,unemployed,0,0,0
55,business,unemployed,unemployed,0,0,0
42,arts,contractual,it,120713,1,0
49,stem,contractual,health,62146,1,0
75,business,salaried,arts,148372,1,0
82,business,contractual,it,87401,1,1
65,law,self business,arts,68140,1,0
73,arts,unemployed,unemployed,0,0,0
43,law,self business,engineering,71731,1,0
50,stem,salaried,health,145048,1,0
73,stem,salaried,law,55656,0,0
68,arts,salaried,accounting,95583,1,0
55,stem,unemployed,unemployed,0,1,0
55,stem,contractual,it,115533,0,0
67,arts,self business,arts,40804,1,0
44,business,contractual,accounting,49735,0,0
63,law,contractual,engineering,58739,1,0
63,business,unemployed,unemployed,0,1,0
71,arts,salaried,engineering,57909,0,0
40,business,self business,arts,88543,0,0
43,stem,unemployed,unemployed,147340,0,0
67,stem,contractual,arts,70381,0,0
73,arts,self business,arts,97047,1,1
76,business,unemployed,unemployed,0,1,0
83,business,self business,accounting,83132,1,1
72,business,self business,engineering,92104,1,1
83,business,contractual,law,137513,1,1
40,arts,unemployed,unemployed,0,0,0
73,law,contractual,arts,68085,0,0
82,law,contractual,transportation,95186,1,1
60,arts,unemployed,unemployed,56830,1,0
80,law,contractual,health,65998,1,1
49,arts,salaried,it,80429,1,0
70,stem,salaried,transportation,125021,1,1
87,business,self business,law,68948,1,1
81,arts,contractual,health,0,1,1
51,stem,salaried,health,40368,0,0
59,business,salaried,transportation,70605,1,0
64,arts,contractual,accounting,101742,1,0
69,stem,salaried,accounting,63102,0,0
69,stem,salaried,accounting,115415,0,0
54,business,unemployed,unemployed,0,0,0
78,business,salaried,transportation,114023,0,0
86,stem,self business,it,78003,1,1
78,stem,salaried,engineering,135241,0,0
89,stem,self business,transportation,68692,1,1
70,stem,unemployed,unemployed,59415,0,0
64,arts,contractual,arts,124602,0,0
61,arts,unemployed,unemployed,0,0,0
54,arts,contractual,health,133391,0,0
61,law,unemployed,unemployed,0,1,0
55,stem,self business,health,77539,0,0
53,arts,salaried,it,44064,1,0
57,business,unemployed,unemployed,0,0,0
88,business,salaried,it,0,1,1
73,arts,contractual,health,50711,0,0
65,arts,unemployed,unemployed,0,1,0
78,law,unemployed,unemployed,0,1,0
40,law,self business,it,96226,0,0
89,arts,salaried,engineering,62008,1,1
45,law,salaried,health,108392,1,0
40,stem,unemployed,unemployed,119210,0,0
61,law,contractual,it,56653,1,0
59,business,unemployed,unemployed,0,0,0
80,arts,contractual,law,145234,1,0
46,business,contractual,law,87638,1,0
76,arts,salaried,it,114033,1,0
66,stem,contractual,health,49038,1,0
58,law,salaried,engineering,112689,1,0
80,stem,unemployed,unemployed,0,0,0
83,business,self business,accounting,87534,1,1
66,arts,contractual,engineering,115738,0,0
70,arts,salaried,law,96735,0,0
71,arts,self business,law,148958,1,0
47,stem,contractual,it,80226,1,0
40,business,unemployed,unemployed,0,1,0
51,arts,unemployed,unemployed,0,1,0
81,business,self business,accounting,128771,1,1
61,law,self business,accounting,50642,0,0
71,business,unemployed,unemployed,0,1,0
57,law,unemployed,unemployed,0,0,0
83,stem,self business,transportation,45440,1,1
88,law,contractual,engineering,113126,1,1
73,arts,unemployed,unemployed,67371,0,0
80,law,salaried,arts,88666,1,1
83,business,contractual,it,48448,1,1
64,stem,unemployed,unemployed,43532,0,0
73,stem,contractual,transportation,98479,1,1
87,business,contractual,it,69200,1,1
45,business,self business,transportation,98457,0,0
71,stem,salaried,engineering,62214,1,1
45,arts,self business,health,137404,0,0
44,stem,unemployed,unemployed,0,1,0
47,stem,contractual,law,71727,0,0
65,stem,contractual,arts,130704,0,0
74,business,contractual,transportation,67368,0,0
43,arts,contractual,transportation,79103,0,0
87,stem,salaried,health,0,1,1
83,stem,contractual,law,66755,1,1
66,law,contractual,accounting,100126,1,0
64,stem,salaried,engineering,78745,0,0
43,business,unemployed,unemployed,143874,1,0
47,arts,contractual,law,146720,0,0
68,stem,unemployed,unemployed,0,0,0
51,arts,unemployed,unemployed,0,1,0
84,law,contractual,health,99385,1,1
50,arts,unemployed,unemployed,0,1,0
65,stem,unemployed,unemployed,0,1,0
47,law,unemployed,unemployed,0,1,0
73,arts,unemployed,unemployed,0,1,0
76,arts,unemployed,unemployed,0,0,0
63,arts,self business,engineering,56339,0,0
54,business,contractual,transportation,52337,1,0
71,law,self business,accounting,91621,1,1
71,arts,unemployed,unemployed,0,1,0
73,stem,unemployed,unemployed,0,1,0
73,stem,contractual,it,128704,0,0
72,stem,unemployed,unemployed,0,0,0
57,law,self business,engineering,54868,1,0
84,arts,contractual,health,63122,1,1
41,business,salaried,it,144052,0,0
51,business,contractual,accounting,82602,0,0
46,business,salaried,engineering,78326,1,0
43,arts,unemployed,unemployed,0,1,0
83,business,contractual,law,87777,1,1
80,law,contractual,arts,86407,1,1
66,arts,self business,engineering,95623,0,0
74,stem,salaried,engineering,144354,1,0
66,business,unemployed,unemployed,0,0,0
75,arts,unemployed,unemployed,0,0,0
69,arts,self business,it,59428,1,0
85,arts,contractual,health,146910,1,1
58,arts,self business,accounting,113890,1,0
46,stem,contractual,accounting,75142,0,0
69,business,salaried,transportation,71633,1,0
66,business,contractual,health,76309,0,0
64,law,contractual,health,120995,1,0
66,law,contractual,engineering,108184,0,0
47,stem,self business,arts,106506,1,0
40,stem,self business,arts,110194,1,0
41,stem,unemployed,unemployed,59749,1,0
70,business,self business,it,50599,0,0
62,business,unemployed,unemployed,0,0,0
55,law,unemployed,unemployed,0,1,0
42,stem,salaried,health,101453,0,0
